PRODUCT,CATEGORY,CURRENT_ADAMA_CATALOG,PAGE_URL,REGISTRATION_ID,ROPF_MATCH,CROPS,ISSUES,ACTIVE_SUBSTANCES,LABEL,SDS,TECH_SHEET,OTHER_DOCS,DOCUMENT_COUNT,STORAGE_COUNT,HASH_VERIFIED,LAST_PUBLIC_DOC_DATE,NOTES
0302445,NOT_COLLECTED,NOT_COLLECTED,NOT_COLLECTED,ES-00849,NOT_TESTABLE_WITHOUT_CATALOG,NOT_COLLECTED,NOT_COLLECTED,METALDEHIDO 3% [GB] P/P,NOT_COLLECTED,NOT_COLLECTED,NOT_COLLECTED,NOT_COLLECTED,NOT_COLLECTED,0,0,NÃO SEI,"o catalogo da ADAMA nao foi lido nesta rodada — sem leitura, ausencia no catalogo NAO e afirmavel"
ACCRESTO,NOT_COLLECTED,NOT_COLLECTED,NOT_COLLECTED,19549,NOT_TESTABLE_WITHOUT_CATALOG,NOT_COLLECTED,NOT_COLLECTED,CLODINAFOP-PROPARGIL 24% [EC] P/V,NOT_COLLECTED,NOT_COLLECTED,NOT_COLLECTED,NOT_COLLECTED,NOT_COLLECTED,0,0,NÃO SEI,"o catalogo da ADAMA nao foi lido nesta rodada — sem leitura, ausencia no catalogo NAO e afirmavel"
ADDITION,NOT_COLLECTED,NOT_COLLECTED,NOT_COLLECTED,25900,NOT_TESTABLE_WITHOUT_CATALOG,NOT_COLLECTED,NOT_COLLECTED,DIFLUFENICAN 4% + PENDIMETALINA 40% [SC] P/V,NOT_COLLECTED,NOT_COLLECTED,NOT_COLLECTED,NOT_COLLECTED,NOT_COLLECTED,0,0,NÃO SEI,"o catalogo da ADAMA nao foi lido nesta rodada — sem leitura, ausencia no catalogo NAO e afirmavel"
AGIL,NOT_COLLECTED,NOT_COLLECTED,NOT_COLLECTED,19140,NOT_TESTABLE_WITHOUT_CATALOG,NOT_COLLECTED,NOT_COLLECTED,PROPAQUIZAFOP 10% [EC] P/V,NOT_COLLECTED,NOT_COLLECTED,NOT_COLLECTED,NOT_COLLECTED,NOT_COLLECTED,0,0,NÃO SEI,"o catalogo da ADAMA nao foi lido nesta rodada — sem leitura, ausencia no catalogo NAO e afirmavel"
ALISTER,NOT_COLLECTED,NOT_COLLECTED,NOT_COLLECTED,24156,NOT_TESTABLE_WITHOUT_CATALOG,NOT_COLLECTED,NOT_COLLECTED,DIFLUFENICAN 50% [SC] P/V,NOT_COLLECTED,NOT_COLLECTED,NOT_COLLECTED,NOT_COLLECTED,NOT_COLLECTED,0,0,NÃO SEI,"o catalogo da ADAMA nao foi lido nesta rodada — sem leitura, ausencia no catalogo NAO e afirmavel"
ANIBAL,NOT_COLLECTED,NOT_COLLECTED,NOT_COLLECTED,23912,NOT_TESTABLE_WITHOUT_CATALOG,NOT_COLLECTED,NOT_COLLECTED,"CLORTOLURON 40% + DIFLUFENICAN 2,5% [SC] P/V",NOT_COLLECTED,NOT_COLLECTED,NOT_COLLECTED,NOT_COLLECTED,NOT_COLLECTED,0,0,NÃO SEI,"o catalogo da ADAMA nao foi lido nesta rodada — sem leitura, ausencia no catalogo NAO e afirmavel"
APHOX,NOT_COLLECTED,NOT_COLLECTED,NOT_COLLECTED,11826,NOT_TESTABLE_WITHOUT_CATALOG,NOT_COLLECTED,NOT_COLLECTED,PIRIMICARB 50% [WG] P/P,NOT_COLLECTED,NOT_COLLECTED,NOT_COLLECTED,NOT_COLLECTED,NOT_COLLECTED,0,0,NÃO SEI,"o catalogo da ADAMA nao foi lido nesta rodada — sem leitura, ausencia no catalogo NAO e afirmavel"
ARRODIM,NOT_COLLECTED,NOT_COLLECTED,NOT_COLLECTED,ES-01637,NOT_TESTABLE_WITHOUT_CATALOG,NOT_COLLECTED,NOT_COLLECTED,CLETODIM 24% [EC] P/V,NOT_COLLECTED,NOT_COLLECTED,NOT_COLLECTED,NOT_COLLECTED,NOT_COLLECTED,0,0,NÃO SEI,"o catalogo da ADAMA nao foi lido nesta rodada — sem leitura, ausencia no catalogo NAO e afirmavel"
ATHLET,NOT_COLLECTED,NOT_COLLECTED,NOT_COLLECTED,ES-00101,NOT_TESTABLE_WITHOUT_CATALOG,NOT_COLLECTED,NOT_COLLECTED,BIFENOX 20%  + CLORTOLURON 50% [SC] P/V,NOT_COLLECTED,NOT_COLLECTED,NOT_COLLECTED,NOT_COLLECTED,NOT_COLLECTED,0,0,NÃO SEI,"o catalogo da ADAMA nao foi lido nesta rodada — sem leitura, ausencia no catalogo NAO e afirmavel"
AVASTEL,NOT_COLLECTED,NOT_COLLECTED,NOT_COLLECTED,ES-01818,NOT_TESTABLE_WITHOUT_CATALOG,NOT_COLLECTED,NOT_COLLECTED,"FLUXAPYROXAD 7,5%  + PROTIOCONAZOL 15% [EC] P/V",NOT_COLLECTED,NOT_COLLECTED,NOT_COLLECTED,NOT_COLLECTED,NOT_COLLECTED,0,0,NÃO SEI,"o catalogo da ADAMA nao foi lido nesta rodada — sem leitura, ausencia no catalogo NAO e afirmavel"
BABOSIL GRANULADO,NOT_COLLECTED,NOT_COLLECTED,NOT_COLLECTED,12812,NOT_TESTABLE_WITHOUT_CATALOG,NOT_COLLECTED,NOT_COLLECTED,METALDEHIDO 5% (ADICIONADO DE COLORANTE) [GB] P/P,NOT_COLLECTED,NOT_COLLECTED,NOT_COLLECTED,NOT_COLLECTED,NOT_COLLECTED,0,0,NÃO SEI,"o catalogo da ADAMA nao foi lido nesta rodada — sem leitura, ausencia no catalogo NAO e afirmavel"
BANJO,NOT_COLLECTED,NOT_COLLECTED,NOT_COLLECTED,ES-01767,NOT_TESTABLE_WITHOUT_CATALOG,NOT_COLLECTED,NOT_COLLECTED,FLUAZINAM 50% [SC] P/V,NOT_COLLECTED,NOT_COLLECTED,NOT_COLLECTED,NOT_COLLECTED,NOT_COLLECTED,0,0,NÃO SEI,"o catalogo da ADAMA nao foi lido nesta rodada — sem leitura, ausencia no catalogo NAO e afirmavel"
BELLALI,NOT_COLLECTED,NOT_COLLECTED,NOT_COLLECTED,ES-01955,NOT_TESTABLE_WITHOUT_CATALOG,NOT_COLLECTED,NOT_COLLECTED,"AZOXISTROBIN 7,5% + FOLPET 37,5%  [SC] P/V",NOT_COLLECTED,NOT_COLLECTED,NOT_COLLECTED,NOT_COLLECTED,NOT_COLLECTED,0,0,NÃO SEI,"o catalogo da ADAMA nao foi lido nesta rodada — sem leitura, ausencia no catalogo NAO e afirmavel"
BENELUS,NOT_COLLECTED,NOT_COLLECTED,NOT_COLLECTED,ES-00215,NOT_TESTABLE_WITHOUT_CATALOG,NOT_COLLECTED,NOT_COLLECTED,"CIPRODINIL 18,75%  + TEBUCONAZOL 12,5% [EC] P/V",NOT_COLLECTED,NOT_COLLECTED,NOT_COLLECTED,NOT_COLLECTED,NOT_COLLECTED,0,0,NÃO SEI,"o catalogo da ADAMA nao foi lido nesta rodada — sem leitura, ausencia no catalogo NAO e afirmavel"
BREVIS,NOT_COLLECTED,NOT_COLLECTED,NOT_COLLECTED,ES-00073,NOT_TESTABLE_WITHOUT_CATALOG,NOT_COLLECTED,NOT_COLLECTED,METAMITRONA 15% [SG] P/P,NOT_COLLECTED,NOT_COLLECTED,NOT_COLLECTED,NOT_COLLECTED,NOT_COLLECTED,0,0,NÃO SEI,"o catalogo da ADAMA nao foi lido nesta rodada — sem leitura, ausencia no catalogo NAO e afirmavel"
CARAQUIM,NOT_COLLECTED,NOT_COLLECTED,NOT_COLLECTED,13174,NOT_TESTABLE_WITHOUT_CATALOG,NOT_COLLECTED,NOT_COLLECTED,METALDEHIDO 5% (ADICIONADO DE COLORANTE) [GB] P/P,NOT_COLLECTED,NOT_COLLECTED,NOT_COLLECTED,NOT_COLLECTED,NOT_COLLECTED,0,0,NÃO SEI,"o catalogo da ADAMA nao foi lido nesta rodada — sem leitura, ausencia no catalogo NAO e afirmavel"
CARFAL WG,NOT_COLLECTED,NOT_COLLECTED,NOT_COLLECTED,23788,NOT_TESTABLE_WITHOUT_CATALOG,NOT_COLLECTED,NOT_COLLECTED,FOSETIL-AL 80% [WG] P/P,NOT_COLLECTED,NOT_COLLECTED,NOT_COLLECTED,NOT_COLLECTED,NOT_COLLECTED,0,0,NÃO SEI,"o catalogo da ADAMA nao foi lido nesta rodada — sem leitura, ausencia no catalogo NAO e afirmavel"
CITROSOL 500,NOT_COLLECTED,NOT_COLLECTED,NOT_COLLECTED,19574,NOT_TESTABLE_WITHOUT_CATALOG,NOT_COLLECTED,NOT_COLLECTED,IMAZALIL 50% [EC] P/V,NOT_COLLECTED,NOT_COLLECTED,NOT_COLLECTED,NOT_COLLECTED,NOT_COLLECTED,0,0,NÃO SEI,"o catalogo da ADAMA nao foi lido nesta rodada — sem leitura, ausencia no catalogo NAO e afirmavel"
"CITROSOL 7,5 LS",NOT_COLLECTED,NOT_COLLECTED,NOT_COLLECTED,19993,NOT_TESTABLE_WITHOUT_CATALOG,NOT_COLLECTED,NOT_COLLECTED,"IMAZALIL 7,5% (SULFATO) [SL] P/V",NOT_COLLECTED,NOT_COLLECTED,NOT_COLLECTED,NOT_COLLECTED,NOT_COLLECTED,0,0,NÃO SEI,"o catalogo da ADAMA nao foi lido nesta rodada — sem leitura, ausencia no catalogo NAO e afirmavel"
CLEAVE,NOT_COLLECTED,NOT_COLLECTED,NOT_COLLECTED,ES-01370,NOT_TESTABLE_WITHOUT_CATALOG,NOT_COLLECTED,NOT_COLLECTED,"FLORASULAM 0,25% + FLUROXIPIR 10% (ESTER METILHEPTIL) [SE] P/V",NOT_COLLECTED,NOT_COLLECTED,NOT_COLLECTED,NOT_COLLECTED,NOT_COLLECTED,0,0,NÃO SEI,"o catalogo da ADAMA nao foi lido nesta rodada — sem leitura, ausencia no catalogo NAO e afirmavel"
CLORTOLURON 50 AN,NOT_COLLECTED,NOT_COLLECTED,NOT_COLLECTED,15442,NOT_TESTABLE_WITHOUT_CATALOG,NOT_COLLECTED,NOT_COLLECTED,CLORTOLURON 50% [SC] P/V,NOT_COLLECTED,NOT_COLLECTED,NOT_COLLECTED,NOT_COLLECTED,NOT_COLLECTED,0,0,NÃO SEI,"o catalogo da ADAMA nao foi lido nesta rodada — sem leitura, ausencia no catalogo NAO e afirmavel"
CLORTUREX FLO,NOT_COLLECTED,NOT_COLLECTED,NOT_COLLECTED,14578,NOT_TESTABLE_WITHOUT_CATALOG,NOT_COLLECTED,NOT_COLLECTED,CLORTOLURON 50% [SC] P/V,NOT_COLLECTED,NOT_COLLECTED,NOT_COLLECTED,NOT_COLLECTED,NOT_COLLECTED,0,0,NÃO SEI,"o catalogo da ADAMA nao foi lido nesta rodada — sem leitura, ausencia no catalogo NAO e afirmavel"
COSAYR,NOT_COLLECTED,NOT_COLLECTED,NOT_COLLECTED,ES-01942,NOT_TESTABLE_WITHOUT_CATALOG,NOT_COLLECTED,NOT_COLLECTED,CLORANTRANILIPROL 20% [SC] P/V,NOT_COLLECTED,NOT_COLLECTED,NOT_COLLECTED,NOT_COLLECTED,NOT_COLLECTED,0,0,NÃO SEI,"o catalogo da ADAMA nao foi lido nesta rodada — sem leitura, ausencia no catalogo NAO e afirmavel"
COTERAN-FW,NOT_COLLECTED,NOT_COLLECTED,NOT_COLLECTED,17894,NOT_TESTABLE_WITHOUT_CATALOG,NOT_COLLECTED,NOT_COLLECTED,FLUOMETURON 50% [SC] P/V,NOT_COLLECTED,NOT_COLLECTED,NOT_COLLECTED,NOT_COLLECTED,NOT_COLLECTED,0,0,NÃO SEI,"o catalogo da ADAMA nao foi lido nesta rodada — sem leitura, ausencia no catalogo NAO e afirmavel"
COTTONEX 50 SC,NOT_COLLECTED,NOT_COLLECTED,NOT_COLLECTED,15454,NOT_TESTABLE_WITHOUT_CATALOG,NOT_COLLECTED,NOT_COLLECTED,FLUOMETURON 50% [SC] P/V,NOT_COLLECTED,NOT_COLLECTED,NOT_COLLECTED,NOT_COLLECTED,NOT_COLLECTED,0,0,NÃO SEI,"o catalogo da ADAMA nao foi lido nesta rodada — sem leitura, ausencia no catalogo NAO e afirmavel"
COTTONEX NEOPRO,NOT_COLLECTED,NOT_COLLECTED,NOT_COLLECTED,24583,NOT_TESTABLE_WITHOUT_CATALOG,NOT_COLLECTED,NOT_COLLECTED,"FLUOMETURON 25% + TERBUTILAZINA 20,8% [SC] P/V",NOT_COLLECTED,NOT_COLLECTED,NOT_COLLECTED,NOT_COLLECTED,NOT_COLLECTED,0,0,NÃO SEI,"o catalogo da ADAMA nao foi lido nesta rodada — sem leitura, ausencia no catalogo NAO e afirmavel"
CUPROXI FLO,NOT_COLLECTED,NOT_COLLECTED,NOT_COLLECTED,ES-00979,NOT_TESTABLE_WITHOUT_CATALOG,NOT_COLLECTED,NOT_COLLECTED,OXICLORURO DE COBRE 52% (EXPR. EN CU) [SC] P/V,NOT_COLLECTED,NOT_COLLECTED,NOT_COLLECTED,NOT_COLLECTED,NOT_COLLECTED,0,0,NÃO SEI,"o catalogo da ADAMA nao foi lido nesta rodada — sem leitura, ausencia no catalogo NAO e afirmavel"
CUSTODIA,NOT_COLLECTED,NOT_COLLECTED,NOT_COLLECTED,25830,NOT_TESTABLE_WITHOUT_CATALOG,NOT_COLLECTED,NOT_COLLECTED,AZOXISTROBIN 12% + TEBUCONAZOL 20% [SC] P/V,NOT_COLLECTED,NOT_COLLECTED,NOT_COLLECTED,NOT_COLLECTED,NOT_COLLECTED,0,0,NÃO SEI,"o catalogo da ADAMA nao foi lido nesta rodada — sem leitura, ausencia no catalogo NAO e afirmavel"
DAVAI,NOT_COLLECTED,NOT_COLLECTED,NOT_COLLECTED,ES-01202,NOT_TESTABLE_WITHOUT_CATALOG,NOT_COLLECTED,NOT_COLLECTED,IMAZAMOX 8% [SL] P/V,NOT_COLLECTED,NOT_COLLECTED,NOT_COLLECTED,NOT_COLLECTED,NOT_COLLECTED,0,0,NÃO SEI,"o catalogo da ADAMA nao foi lido nesta rodada — sem leitura, ausencia no catalogo NAO e afirmavel"
"DECCOZIL S-7,5",NOT_COLLECTED,NOT_COLLECTED,NOT_COLLECTED,15457,NOT_TESTABLE_WITHOUT_CATALOG,NOT_COLLECTED,NOT_COLLECTED,"IMAZALIL 7,5% (SULFATO) [SL] P/V",NOT_COLLECTED,NOT_COLLECTED,NOT_COLLECTED,NOT_COLLECTED,NOT_COLLECTED,0,0,NÃO SEI,"o catalogo da ADAMA nao foi lido nesta rodada — sem leitura, ausencia no catalogo NAO e afirmavel"
DECCOZIL-50,NOT_COLLECTED,NOT_COLLECTED,NOT_COLLECTED,21034,NOT_TESTABLE_WITHOUT_CATALOG,NOT_COLLECTED,NOT_COLLECTED,IMAZALIL 50% [EC] P/V,NOT_COLLECTED,NOT_COLLECTED,NOT_COLLECTED,NOT_COLLECTED,NOT_COLLECTED,0,0,NÃO SEI,"o catalogo da ADAMA nao foi lido nesta rodada — sem leitura, ausencia no catalogo NAO e afirmavel"
DIFCAN 300 SC,NOT_COLLECTED,NOT_COLLECTED,NOT_COLLECTED,24110,NOT_TESTABLE_WITHOUT_CATALOG,NOT_COLLECTED,NOT_COLLECTED,DIFLUFENICAN 30% [SC] P/V,NOT_COLLECTED,NOT_COLLECTED,NOT_COLLECTED,NOT_COLLECTED,NOT_COLLECTED,0,0,NÃO SEI,"o catalogo da ADAMA nao foi lido nesta rodada — sem leitura, ausencia no catalogo NAO e afirmavel"
DIODE 100,NOT_COLLECTED,NOT_COLLECTED,NOT_COLLECTED,ES-01677,NOT_TESTABLE_WITHOUT_CATALOG,NOT_COLLECTED,NOT_COLLECTED,MESOTRIONA 10% [SC] P/V,NOT_COLLECTED,NOT_COLLECTED,NOT_COLLECTED,NOT_COLLECTED,NOT_COLLECTED,0,0,NÃO SEI,"o catalogo da ADAMA nao foi lido nesta rodada — sem leitura, ausencia no catalogo NAO e afirmavel"
DISCOVERY,NOT_COLLECTED,NOT_COLLECTED,NOT_COLLECTED,ES-00711,NOT_TESTABLE_WITHOUT_CATALOG,NOT_COLLECTED,NOT_COLLECTED,FLUROXIPIR 20% (meptil ester) [EC] P/V,NOT_COLLECTED,NOT_COLLECTED,NOT_COLLECTED,NOT_COLLECTED,NOT_COLLECTED,0,0,NÃO SEI,"o catalogo da ADAMA nao foi lido nesta rodada — sem leitura, ausencia no catalogo NAO e afirmavel"
DUNKO,NOT_COLLECTED,NOT_COLLECTED,NOT_COLLECTED,24895,NOT_TESTABLE_WITHOUT_CATALOG,NOT_COLLECTED,NOT_COLLECTED,METAZACLORO 50% [SC] P/V,NOT_COLLECTED,NOT_COLLECTED,NOT_COLLECTED,NOT_COLLECTED,NOT_COLLECTED,0,0,NÃO SEI,"o catalogo da ADAMA nao foi lido nesta rodada — sem leitura, ausencia no catalogo NAO e afirmavel"
ELEGANT,NOT_COLLECTED,NOT_COLLECTED,NOT_COLLECTED,ES-00198,NOT_TESTABLE_WITHOUT_CATALOG,NOT_COLLECTED,NOT_COLLECTED,"FLORASULAM 0,625%  + 2,4-D 30% [SE] P/V",NOT_COLLECTED,NOT_COLLECTED,NOT_COLLECTED,NOT_COLLECTED,NOT_COLLECTED,0,0,NÃO SEI,"o catalogo da ADAMA nao foi lido nesta rodada — sem leitura, ausencia no catalogo NAO e afirmavel"
ETHOSAT,NOT_COLLECTED,NOT_COLLECTED,NOT_COLLECTED,ES-01577,NOT_TESTABLE_WITHOUT_CATALOG,NOT_COLLECTED,NOT_COLLECTED,ETOFUMESATO 50% [SC] P/V,NOT_COLLECTED,NOT_COLLECTED,NOT_COLLECTED,NOT_COLLECTED,NOT_COLLECTED,0,0,NÃO SEI,"o catalogo da ADAMA nao foi lido nesta rodada — sem leitura, ausencia no catalogo NAO e afirmavel"
FOLPAN 80 WDG,NOT_COLLECTED,NOT_COLLECTED,NOT_COLLECTED,19994,NOT_TESTABLE_WITHOUT_CATALOG,NOT_COLLECTED,NOT_COLLECTED,FOLPET 80% [WG] P/P,NOT_COLLECTED,NOT_COLLECTED,NOT_COLLECTED,NOT_COLLECTED,NOT_COLLECTED,0,0,NÃO SEI,"o catalogo da ADAMA nao foi lido nesta rodada — sem leitura, ausencia no catalogo NAO e afirmavel"
FOLPAN GOLD,NOT_COLLECTED,NOT_COLLECTED,NOT_COLLECTED,24397,NOT_TESTABLE_WITHOUT_CATALOG,NOT_COLLECTED,NOT_COLLECTED,"FOLPET 40% + METALAXIL-M 4,8% [WG] P/P",NOT_COLLECTED,NOT_COLLECTED,NOT_COLLECTED,NOT_COLLECTED,NOT_COLLECTED,0,0,NÃO SEI,"o catalogo da ADAMA nao foi lido nesta rodada — sem leitura, ausencia no catalogo NAO e afirmavel"
FOLPAN GOLD N,NOT_COLLECTED,NOT_COLLECTED,NOT_COLLECTED,24761,NOT_TESTABLE_WITHOUT_CATALOG,NOT_COLLECTED,NOT_COLLECTED,"FOLPET 40% + METALAXIL-M 4,8% [WG] P/P",NOT_COLLECTED,NOT_COLLECTED,NOT_COLLECTED,NOT_COLLECTED,NOT_COLLECTED,0,0,NÃO SEI,"o catalogo da ADAMA nao foi lido nesta rodada — sem leitura, ausencia no catalogo NAO e afirmavel"
FOX,NOT_COLLECTED,NOT_COLLECTED,NOT_COLLECTED,24158,NOT_TESTABLE_WITHOUT_CATALOG,NOT_COLLECTED,NOT_COLLECTED,BIFENOX 48% [SC] P/V,NOT_COLLECTED,NOT_COLLECTED,NOT_COLLECTED,NOT_COLLECTED,NOT_COLLECTED,0,0,NÃO SEI,"o catalogo da ADAMA nao foi lido nesta rodada — sem leitura, ausencia no catalogo NAO e afirmavel"
FOX-N,NOT_COLLECTED,NOT_COLLECTED,NOT_COLLECTED,24172,NOT_TESTABLE_WITHOUT_CATALOG,NOT_COLLECTED,NOT_COLLECTED,BIFENOX 48% [SC] P/V,NOT_COLLECTED,NOT_COLLECTED,NOT_COLLECTED,NOT_COLLECTED,NOT_COLLECTED,0,0,NÃO SEI,"o catalogo da ADAMA nao foi lido nesta rodada — sem leitura, ausencia no catalogo NAO e afirmavel"
GENTIS,NOT_COLLECTED,NOT_COLLECTED,NOT_COLLECTED,25797,NOT_TESTABLE_WITHOUT_CATALOG,NOT_COLLECTED,NOT_COLLECTED,"2,4-D ACIDO 36% (2-ETIL-HEXIL ESTER) + FLUROXIPIR 9% (ESTER METILHEPTIL) [EC] P/V",NOT_COLLECTED,NOT_COLLECTED,NOT_COLLECTED,NOT_COLLECTED,NOT_COLLECTED,0,0,NÃO SEI,"o catalogo da ADAMA nao foi lido nesta rodada — sem leitura, ausencia no catalogo NAO e afirmavel"
GOLTIX 700 SC,NOT_COLLECTED,NOT_COLLECTED,NOT_COLLECTED,22478,NOT_TESTABLE_WITHOUT_CATALOG,NOT_COLLECTED,NOT_COLLECTED,METAMITRONA 70% [SC] P/V,NOT_COLLECTED,NOT_COLLECTED,NOT_COLLECTED,NOT_COLLECTED,NOT_COLLECTED,0,0,NÃO SEI,"o catalogo da ADAMA nao foi lido nesta rodada — sem leitura, ausencia no catalogo NAO e afirmavel"
GOLTIX SILVER,NOT_COLLECTED,NOT_COLLECTED,NOT_COLLECTED,ES-01603,NOT_TESTABLE_WITHOUT_CATALOG,NOT_COLLECTED,NOT_COLLECTED,METAMITRONA 35 % + QUINMERAC 6 % [SC] P/V,NOT_COLLECTED,NOT_COLLECTED,NOT_COLLECTED,NOT_COLLECTED,NOT_COLLECTED,0,0,NÃO SEI,"o catalogo da ADAMA nao foi lido nesta rodada — sem leitura, ausencia no catalogo NAO e afirmavel"
GOLTIX UNO,NOT_COLLECTED,NOT_COLLECTED,NOT_COLLECTED,ES-00564,NOT_TESTABLE_WITHOUT_CATALOG,NOT_COLLECTED,NOT_COLLECTED,ETOFUMESATO 15% + METAMITRONA 35% [SC] P/V,NOT_COLLECTED,NOT_COLLECTED,NOT_COLLECTED,NOT_COLLECTED,NOT_COLLECTED,0,0,NÃO SEI,"o catalogo da ADAMA nao foi lido nesta rodada — sem leitura, ausencia no catalogo NAO e afirmavel"
HERBOLEX,NOT_COLLECTED,NOT_COLLECTED,NOT_COLLECTED,ES-00742,NOT_TESTABLE_WITHOUT_CATALOG,NOT_COLLECTED,NOT_COLLECTED,GLIFOSATO 36% (SAL ISOPROPILAMINA) [SL] P/V,NOT_COLLECTED,NOT_COLLECTED,NOT_COLLECTED,NOT_COLLECTED,NOT_COLLECTED,0,0,NÃO SEI,"o catalogo da ADAMA nao foi lido nesta rodada — sem leitura, ausencia no catalogo NAO e afirmavel"
HIGHCARD,NOT_COLLECTED,NOT_COLLECTED,NOT_COLLECTED,ES-01876,NOT_TESTABLE_WITHOUT_CATALOG,NOT_COLLECTED,NOT_COLLECTED,"QUIZALOFOP-P-ETIL 10,5% [EC] P/V",NOT_COLLECTED,NOT_COLLECTED,NOT_COLLECTED,NOT_COLLECTED,NOT_COLLECTED,0,0,NÃO SEI,"o catalogo da ADAMA nao foi lido nesta rodada — sem leitura, ausencia no catalogo NAO e afirmavel"
KALIF,NOT_COLLECTED,NOT_COLLECTED,NOT_COLLECTED,ES-00736,NOT_TESTABLE_WITHOUT_CATALOG,NOT_COLLECTED,NOT_COLLECTED,CLOMAZONA 36% [CS] P/V,NOT_COLLECTED,NOT_COLLECTED,NOT_COLLECTED,NOT_COLLECTED,NOT_COLLECTED,0,0,NÃO SEI,"o catalogo da ADAMA nao foi lido nesta rodada — sem leitura, ausencia no catalogo NAO e afirmavel"
KENDO,NOT_COLLECTED,NOT_COLLECTED,NOT_COLLECTED,24942,NOT_TESTABLE_WITHOUT_CATALOG,NOT_COLLECTED,NOT_COLLECTED,LAMBDA CIHALOTRIN 10% [CS] P/V,NOT_COLLECTED,NOT_COLLECTED,NOT_COLLECTED,NOT_COLLECTED,NOT_COLLECTED,0,0,NÃO SEI,"o catalogo da ADAMA nao foi lido nesta rodada — sem leitura, ausencia no catalogo NAO e afirmavel"
KILSEC,NOT_COLLECTED,NOT_COLLECTED,NOT_COLLECTED,23603,NOT_TESTABLE_WITHOUT_CATALOG,NOT_COLLECTED,NOT_COLLECTED,PIRIMICARB 50% [WG] P/P,NOT_COLLECTED,NOT_COLLECTED,NOT_COLLECTED,NOT_COLLECTED,NOT_COLLECTED,0,0,NÃO SEI,"o catalogo da ADAMA nao foi lido nesta rodada — sem leitura, ausencia no catalogo NAO e afirmavel"
KLARTAN 24 AF,NOT_COLLECTED,NOT_COLLECTED,NOT_COLLECTED,18498,NOT_TESTABLE_WITHOUT_CATALOG,NOT_COLLECTED,NOT_COLLECTED,TAU-FLUVALINATO 24% [EW] P/V,NOT_COLLECTED,NOT_COLLECTED,NOT_COLLECTED,NOT_COLLECTED,NOT_COLLECTED,0,0,NÃO SEI,"o catalogo da ADAMA nao foi lido nesta rodada — sem leitura, ausencia no catalogo NAO e afirmavel"
KLARTAN EW,NOT_COLLECTED,NOT_COLLECTED,NOT_COLLECTED,23858,NOT_TESTABLE_WITHOUT_CATALOG,NOT_COLLECTED,NOT_COLLECTED,TAU-FLUVALINATO 24% [EW] P/V,NOT_COLLECTED,NOT_COLLECTED,NOT_COLLECTED,NOT_COLLECTED,NOT_COLLECTED,0,0,NÃO SEI,"o catalogo da ADAMA nao foi lido nesta rodada — sem leitura, ausencia no catalogo NAO e afirmavel"
LAMDEX 2.5 WG,NOT_COLLECTED,NOT_COLLECTED,NOT_COLLECTED,24928,NOT_TESTABLE_WITHOUT_CATALOG,NOT_COLLECTED,NOT_COLLECTED,"LAMBDA CIHALOTRIN 2,5% [WG] P/P",NOT_COLLECTED,NOT_COLLECTED,NOT_COLLECTED,NOT_COLLECTED,NOT_COLLECTED,0,0,NÃO SEI,"o catalogo da ADAMA nao foi lido nesta rodada — sem leitura, ausencia no catalogo NAO e afirmavel"
LAMDEX EXTRA,NOT_COLLECTED,NOT_COLLECTED,NOT_COLLECTED,17091,NOT_TESTABLE_WITHOUT_CATALOG,NOT_COLLECTED,NOT_COLLECTED,"LAMBDA CIHALOTRIN 2,5% [WG] P/P",NOT_COLLECTED,NOT_COLLECTED,NOT_COLLECTED,NOT_COLLECTED,NOT_COLLECTED,0,0,NÃO SEI,"o catalogo da ADAMA nao foi lido nesta rodada — sem leitura, ausencia no catalogo NAO e afirmavel"
LAMDEX EXTRA N,NOT_COLLECTED,NOT_COLLECTED,NOT_COLLECTED,25357,NOT_TESTABLE_WITHOUT_CATALOG,NOT_COLLECTED,NOT_COLLECTED,"LAMBDA CIHALOTRIN 2,5% [WG] P/P",NOT_COLLECTED,NOT_COLLECTED,NOT_COLLECTED,NOT_COLLECTED,NOT_COLLECTED,0,0,NÃO SEI,"o catalogo da ADAMA nao foi lido nesta rodada — sem leitura, ausencia no catalogo NAO e afirmavel"
LEBRON,NOT_COLLECTED,NOT_COLLECTED,NOT_COLLECTED,17502,NOT_TESTABLE_WITHOUT_CATALOG,NOT_COLLECTED,NOT_COLLECTED,"TEFLUTRIN 0,5% [GR] P/P",NOT_COLLECTED,NOT_COLLECTED,NOT_COLLECTED,NOT_COLLECTED,NOT_COLLECTED,0,0,NÃO SEI,"o catalogo da ADAMA nao foi lido nesta rodada — sem leitura, ausencia no catalogo NAO e afirmavel"
LEGACY PLUS,NOT_COLLECTED,NOT_COLLECTED,NOT_COLLECTED,24004,NOT_TESTABLE_WITHOUT_CATALOG,NOT_COLLECTED,NOT_COLLECTED,"CLORTOLURON 40% + DIFLUFENICAN 2,5% [SC] P/V",NOT_COLLECTED,NOT_COLLECTED,NOT_COLLECTED,NOT_COLLECTED,NOT_COLLECTED,0,0,NÃO SEI,"o catalogo da ADAMA nao foi lido nesta rodada — sem leitura, ausencia no catalogo NAO e afirmavel"
LEOPARD,NOT_COLLECTED,NOT_COLLECTED,NOT_COLLECTED,24082,NOT_TESTABLE_WITHOUT_CATALOG,NOT_COLLECTED,NOT_COLLECTED,QUIZALOFOP-P-ETIL 5% [EC] P/V,NOT_COLLECTED,NOT_COLLECTED,NOT_COLLECTED,NOT_COLLECTED,NOT_COLLECTED,0,0,NÃO SEI,"o catalogo da ADAMA nao foi lido nesta rodada — sem leitura, ausencia no catalogo NAO e afirmavel"
MAGNATE,NOT_COLLECTED,NOT_COLLECTED,NOT_COLLECTED,25641,NOT_TESTABLE_WITHOUT_CATALOG,NOT_COLLECTED,NOT_COLLECTED,IMAZALIL 10% [SL] P/V,NOT_COLLECTED,NOT_COLLECTED,NOT_COLLECTED,NOT_COLLECTED,NOT_COLLECTED,0,0,NÃO SEI,"o catalogo da ADAMA nao foi lido nesta rodada — sem leitura, ausencia no catalogo NAO e afirmavel"
MAVRIK,NOT_COLLECTED,NOT_COLLECTED,NOT_COLLECTED,16417,NOT_TESTABLE_WITHOUT_CATALOG,NOT_COLLECTED,NOT_COLLECTED,TAU-FLUVALINATO 24% [EW] P/V,NOT_COLLECTED,NOT_COLLECTED,NOT_COLLECTED,NOT_COLLECTED,NOT_COLLECTED,0,0,NÃO SEI,"o catalogo da ADAMA nao foi lido nesta rodada — sem leitura, ausencia no catalogo NAO e afirmavel"
MERPAN 80 WDG,NOT_COLLECTED,NOT_COLLECTED,NOT_COLLECTED,19995,NOT_TESTABLE_WITHOUT_CATALOG,NOT_COLLECTED,NOT_COLLECTED,CAPTAN 80% [WG] P/P,NOT_COLLECTED,NOT_COLLECTED,NOT_COLLECTED,NOT_COLLECTED,NOT_COLLECTED,0,0,NÃO SEI,"o catalogo da ADAMA nao foi lido nesta rodada — sem leitura, ausencia no catalogo NAO e afirmavel"
MERPAN 80 WG,NOT_COLLECTED,NOT_COLLECTED,NOT_COLLECTED,13188,NOT_TESTABLE_WITHOUT_CATALOG,NOT_COLLECTED,NOT_COLLECTED,CAPTAN 80% [WG] P/P,NOT_COLLECTED,NOT_COLLECTED,NOT_COLLECTED,NOT_COLLECTED,NOT_COLLECTED,0,0,NÃO SEI,"o catalogo da ADAMA nao foi lido nesta rodada — sem leitura, ausencia no catalogo NAO e afirmavel"
METALIXON,NOT_COLLECTED,NOT_COLLECTED,NOT_COLLECTED,12470,NOT_TESTABLE_WITHOUT_CATALOG,NOT_COLLECTED,NOT_COLLECTED,METALDEHIDO 5% [GB] P/P,NOT_COLLECTED,NOT_COLLECTED,NOT_COLLECTED,NOT_COLLECTED,NOT_COLLECTED,0,0,NÃO SEI,"o catalogo da ADAMA nao foi lido nesta rodada — sem leitura, ausencia no catalogo NAO e afirmavel"
METENAL,NOT_COLLECTED,NOT_COLLECTED,NOT_COLLECTED,12469,NOT_TESTABLE_WITHOUT_CATALOG,NOT_COLLECTED,NOT_COLLECTED,METALDEHIDO 5% (ADICIONADO DE COLORANTE) [GB] P/P,NOT_COLLECTED,NOT_COLLECTED,NOT_COLLECTED,NOT_COLLECTED,NOT_COLLECTED,0,0,NÃO SEI,"o catalogo da ADAMA nao foi lido nesta rodada — sem leitura, ausencia no catalogo NAO e afirmavel"
NEPTUNE,NOT_COLLECTED,NOT_COLLECTED,NOT_COLLECTED,ES-00211,NOT_TESTABLE_WITHOUT_CATALOG,NOT_COLLECTED,NOT_COLLECTED,"TEBUCONAZOL 3,6%  + OXICLORURO DE COBRE (exp. como cobre) 36% [SC] P/V",NOT_COLLECTED,NOT_COLLECTED,NOT_COLLECTED,NOT_COLLECTED,NOT_COLLECTED,0,0,NÃO SEI,"o catalogo da ADAMA nao foi lido nesta rodada — sem leitura, ausencia no catalogo NAO e afirmavel"
NICOPERTS,NOT_COLLECTED,NOT_COLLECTED,NOT_COLLECTED,24887,NOT_TESTABLE_WITHOUT_CATALOG,NOT_COLLECTED,NOT_COLLECTED,NICOSULFURON 4% [SC] P/V,NOT_COLLECTED,NOT_COLLECTED,NOT_COLLECTED,NOT_COLLECTED,NOT_COLLECTED,0,0,NÃO SEI,"o catalogo da ADAMA nao foi lido nesta rodada — sem leitura, ausencia no catalogo NAO e afirmavel"
NIKITA,NOT_COLLECTED,NOT_COLLECTED,NOT_COLLECTED,ES-00474,NOT_TESTABLE_WITHOUT_CATALOG,NOT_COLLECTED,NOT_COLLECTED,"DICAMBA 31,25%  + MESOTRIONA 15%  + NICOSULFURON 10% [WG] P/P",NOT_COLLECTED,NOT_COLLECTED,NOT_COLLECTED,NOT_COLLECTED,NOT_COLLECTED,0,0,NÃO SEI,"o catalogo da ADAMA nao foi lido nesta rodada — sem leitura, ausencia no catalogo NAO e afirmavel"
NIMROD QUATTRO,NOT_COLLECTED,NOT_COLLECTED,NOT_COLLECTED,13261,NOT_TESTABLE_WITHOUT_CATALOG,NOT_COLLECTED,NOT_COLLECTED,BUPIRIMATO 25% [EC] P/V,NOT_COLLECTED,NOT_COLLECTED,NOT_COLLECTED,NOT_COLLECTED,NOT_COLLECTED,0,0,NÃO SEI,"o catalogo da ADAMA nao foi lido nesta rodada — sem leitura, ausencia no catalogo NAO e afirmavel"
ORDAGO CAPS,NOT_COLLECTED,NOT_COLLECTED,NOT_COLLECTED,ES-00499,NOT_TESTABLE_WITHOUT_CATALOG,NOT_COLLECTED,NOT_COLLECTED,PENDIMETALINA 40% [CS] P/V,NOT_COLLECTED,NOT_COLLECTED,NOT_COLLECTED,NOT_COLLECTED,NOT_COLLECTED,0,0,NÃO SEI,"o catalogo da ADAMA nao foi lido nesta rodada — sem leitura, ausencia no catalogo NAO e afirmavel"
ORDAGO SC,NOT_COLLECTED,NOT_COLLECTED,NOT_COLLECTED,25551,NOT_TESTABLE_WITHOUT_CATALOG,NOT_COLLECTED,NOT_COLLECTED,PENDIMETALINA 40% [SC] P/V,NOT_COLLECTED,NOT_COLLECTED,NOT_COLLECTED,NOT_COLLECTED,NOT_COLLECTED,0,0,NÃO SEI,"o catalogo da ADAMA nao foi lido nesta rodada — sem leitura, ausencia no catalogo NAO e afirmavel"
ORTHO PHALTAN FLOW,NOT_COLLECTED,NOT_COLLECTED,NOT_COLLECTED,18173,NOT_TESTABLE_WITHOUT_CATALOG,NOT_COLLECTED,NOT_COLLECTED,FOLPET 50% [SC] P/V,NOT_COLLECTED,NOT_COLLECTED,NOT_COLLECTED,NOT_COLLECTED,NOT_COLLECTED,0,0,NÃO SEI,"o catalogo da ADAMA nao foi lido nesta rodada — sem leitura, ausencia no catalogo NAO e afirmavel"
PILCLYN,NOT_COLLECTED,NOT_COLLECTED,NOT_COLLECTED,24786,NOT_TESTABLE_WITHOUT_CATALOG,NOT_COLLECTED,NOT_COLLECTED,TEBUCONAZOL 43% [SC] P/V,NOT_COLLECTED,NOT_COLLECTED,NOT_COLLECTED,NOT_COLLECTED,NOT_COLLECTED,0,0,NÃO SEI,"o catalogo da ADAMA nao foi lido nesta rodada — sem leitura, ausencia no catalogo NAO e afirmavel"
POSTSCRIPT 80,NOT_COLLECTED,NOT_COLLECTED,NOT_COLLECTED,ES-01516,NOT_TESTABLE_WITHOUT_CATALOG,NOT_COLLECTED,NOT_COLLECTED,IMAZAMOX 8% [SL] P/V,NOT_COLLECTED,NOT_COLLECTED,NOT_COLLECTED,NOT_COLLECTED,NOT_COLLECTED,0,0,NÃO SEI,"o catalogo da ADAMA nao foi lido nesta rodada — sem leitura, ausencia no catalogo NAO e afirmavel"
POSTSCRIPT 80 XL,NOT_COLLECTED,NOT_COLLECTED,NOT_COLLECTED,ES-01721,NOT_TESTABLE_WITHOUT_CATALOG,NOT_COLLECTED,NOT_COLLECTED,IMAZAMOX 8% [SL] P/V,NOT_COLLECTED,NOT_COLLECTED,NOT_COLLECTED,NOT_COLLECTED,NOT_COLLECTED,0,0,NÃO SEI,"o catalogo da ADAMA nao foi lido nesta rodada — sem leitura, ausencia no catalogo NAO e afirmavel"
QUIZALOP,NOT_COLLECTED,NOT_COLLECTED,NOT_COLLECTED,24081,NOT_TESTABLE_WITHOUT_CATALOG,NOT_COLLECTED,NOT_COLLECTED,QUIZALOFOP-P-ETIL 5% [EC] P/V,NOT_COLLECTED,NOT_COLLECTED,NOT_COLLECTED,NOT_COLLECTED,NOT_COLLECTED,0,0,NÃO SEI,"o catalogo da ADAMA nao foi lido nesta rodada — sem leitura, ausencia no catalogo NAO e afirmavel"
QUIZALOP 5 EC,NOT_COLLECTED,NOT_COLLECTED,NOT_COLLECTED,24598,NOT_TESTABLE_WITHOUT_CATALOG,NOT_COLLECTED,NOT_COLLECTED,QUIZALOFOP-P-ETIL 5% [EC] P/V,NOT_COLLECTED,NOT_COLLECTED,NOT_COLLECTED,NOT_COLLECTED,NOT_COLLECTED,0,0,NÃO SEI,"o catalogo da ADAMA nao foi lido nesta rodada — sem leitura, ausencia no catalogo NAO e afirmavel"
SHOGUN,NOT_COLLECTED,NOT_COLLECTED,NOT_COLLECTED,23651,NOT_TESTABLE_WITHOUT_CATALOG,NOT_COLLECTED,NOT_COLLECTED,PROPAQUIZAFOP 10% [EC] P/V,NOT_COLLECTED,NOT_COLLECTED,NOT_COLLECTED,NOT_COLLECTED,NOT_COLLECTED,0,0,NÃO SEI,"o catalogo da ADAMA nao foi lido nesta rodada — sem leitura, ausencia no catalogo NAO e afirmavel"
SONAVIO,NOT_COLLECTED,NOT_COLLECTED,NOT_COLLECTED,ES-01867,NOT_TESTABLE_WITHOUT_CATALOG,NOT_COLLECTED,NOT_COLLECTED,BIFENOX 48% [SC] P/V,NOT_COLLECTED,NOT_COLLECTED,NOT_COLLECTED,NOT_COLLECTED,NOT_COLLECTED,0,0,NÃO SEI,"o catalogo da ADAMA nao foi lido nesta rodada — sem leitura, ausencia no catalogo NAO e afirmavel"
SORATEL,NOT_COLLECTED,NOT_COLLECTED,NOT_COLLECTED,ES-01665,NOT_TESTABLE_WITHOUT_CATALOG,NOT_COLLECTED,NOT_COLLECTED,PROTIOCONAZOL 25% [EC] P/V,NOT_COLLECTED,NOT_COLLECTED,NOT_COLLECTED,NOT_COLLECTED,NOT_COLLECTED,0,0,NÃO SEI,"o catalogo da ADAMA nao foi lido nesta rodada — sem leitura, ausencia no catalogo NAO e afirmavel"
SORATEL MAX,NOT_COLLECTED,NOT_COLLECTED,NOT_COLLECTED,ES-01717,NOT_TESTABLE_WITHOUT_CATALOG,NOT_COLLECTED,NOT_COLLECTED,AZOXISTROBIN 20%  + PROTIOCONAZOL 15% [SC] P/V,NOT_COLLECTED,NOT_COLLECTED,NOT_COLLECTED,NOT_COLLECTED,NOT_COLLECTED,0,0,NÃO SEI,"o catalogo da ADAMA nao foi lido nesta rodada — sem leitura, ausencia no catalogo NAO e afirmavel"
SPYRALE,NOT_COLLECTED,NOT_COLLECTED,NOT_COLLECTED,21739,NOT_TESTABLE_WITHOUT_CATALOG,NOT_COLLECTED,NOT_COLLECTED,"DIFENOCONAZOL 10% + FENPROPIDIN 37,5% [EC] P/V",NOT_COLLECTED,NOT_COLLECTED,NOT_COLLECTED,NOT_COLLECTED,NOT_COLLECTED,0,0,NÃO SEI,"o catalogo da ADAMA nao foi lido nesta rodada — sem leitura, ausencia no catalogo NAO e afirmavel"
SPYRALE EC,NOT_COLLECTED,NOT_COLLECTED,NOT_COLLECTED,25295,NOT_TESTABLE_WITHOUT_CATALOG,NOT_COLLECTED,NOT_COLLECTED,"DIFENOCONAZOL 10% + FENPROPIDIN 37,5% [EC] P/V",NOT_COLLECTED,NOT_COLLECTED,NOT_COLLECTED,NOT_COLLECTED,NOT_COLLECTED,0,0,NÃO SEI,"o catalogo da ADAMA nao foi lido nesta rodada — sem leitura, ausencia no catalogo NAO e afirmavel"
STOCK LS,NOT_COLLECTED,NOT_COLLECTED,NOT_COLLECTED,21850,NOT_TESTABLE_WITHOUT_CATALOG,NOT_COLLECTED,NOT_COLLECTED,"IMAZALIL 7,5% (SULFATO) [SL] P/V",NOT_COLLECTED,NOT_COLLECTED,NOT_COLLECTED,NOT_COLLECTED,NOT_COLLECTED,0,0,NÃO SEI,"o catalogo da ADAMA nao foi lido nesta rodada — sem leitura, ausencia no catalogo NAO e afirmavel"
SULCOTREK,NOT_COLLECTED,NOT_COLLECTED,NOT_COLLECTED,ES-00142,NOT_TESTABLE_WITHOUT_CATALOG,NOT_COLLECTED,NOT_COLLECTED,"SULCOTRIONA 17,3%  + TERBUTILAZINA 32,7% [SC] P/V",NOT_COLLECTED,NOT_COLLECTED,NOT_COLLECTED,NOT_COLLECTED,NOT_COLLECTED,0,0,NÃO SEI,"o catalogo da ADAMA nao foi lido nesta rodada — sem leitura, ausencia no catalogo NAO e afirmavel"
SULTAN N,NOT_COLLECTED,NOT_COLLECTED,NOT_COLLECTED,25050,NOT_TESTABLE_WITHOUT_CATALOG,NOT_COLLECTED,NOT_COLLECTED,METAZACLORO 50% [SC] P/V,NOT_COLLECTED,NOT_COLLECTED,NOT_COLLECTED,NOT_COLLECTED,NOT_COLLECTED,0,0,NÃO SEI,"o catalogo da ADAMA nao foi lido nesta rodada — sem leitura, ausencia no catalogo NAO e afirmavel"
SUNBRIGHT,NOT_COLLECTED,NOT_COLLECTED,NOT_COLLECTED,ES-01366,NOT_TESTABLE_WITHOUT_CATALOG,NOT_COLLECTED,NOT_COLLECTED,ACLONIFEN 30%  + IMAZAMOX 2% [SC] P/V,NOT_COLLECTED,NOT_COLLECTED,NOT_COLLECTED,NOT_COLLECTED,NOT_COLLECTED,0,0,NÃO SEI,"o catalogo da ADAMA nao foi lido nesta rodada — sem leitura, ausencia no catalogo NAO e afirmavel"
TOLUREX 70 SC,NOT_COLLECTED,NOT_COLLECTED,NOT_COLLECTED,25460,NOT_TESTABLE_WITHOUT_CATALOG,NOT_COLLECTED,NOT_COLLECTED,CLORTOLURON 70% [SC] P/V,NOT_COLLECTED,NOT_COLLECTED,NOT_COLLECTED,NOT_COLLECTED,NOT_COLLECTED,0,0,NÃO SEI,"o catalogo da ADAMA nao foi lido nesta rodada — sem leitura, ausencia no catalogo NAO e afirmavel"
TOPIK 24 EC,NOT_COLLECTED,NOT_COLLECTED,NOT_COLLECTED,19548,NOT_TESTABLE_WITHOUT_CATALOG,NOT_COLLECTED,NOT_COLLECTED,CLODINAFOP-PROPARGIL 24% [EC] P/V,NOT_COLLECTED,NOT_COLLECTED,NOT_COLLECTED,NOT_COLLECTED,NOT_COLLECTED,0,0,NÃO SEI,"o catalogo da ADAMA nao foi lido nesta rodada — sem leitura, ausencia no catalogo NAO e afirmavel"
TORNADO,NOT_COLLECTED,NOT_COLLECTED,NOT_COLLECTED,22061,NOT_TESTABLE_WITHOUT_CATALOG,NOT_COLLECTED,NOT_COLLECTED,METAMITRONA 70% [SC] P/V,NOT_COLLECTED,NOT_COLLECTED,NOT_COLLECTED,NOT_COLLECTED,NOT_COLLECTED,0,0,NÃO SEI,"o catalogo da ADAMA nao foi lido nesta rodada — sem leitura, ausencia no catalogo NAO e afirmavel"
TOUCHDOWN ULTIMO,NOT_COLLECTED,NOT_COLLECTED,NOT_COLLECTED,ES-00744,NOT_TESTABLE_WITHOUT_CATALOG,NOT_COLLECTED,NOT_COLLECTED,GLIFOSATO 36% (SAL ISOPROPILAMINA) [SL] P/V,NOT_COLLECTED,NOT_COLLECTED,NOT_COLLECTED,NOT_COLLECTED,NOT_COLLECTED,0,0,NÃO SEI,"o catalogo da ADAMA nao foi lido nesta rodada — sem leitura, ausencia no catalogo NAO e afirmavel"
TRIMMER SX,NOT_COLLECTED,NOT_COLLECTED,NOT_COLLECTED,ES-00141,NOT_TESTABLE_WITHOUT_CATALOG,NOT_COLLECTED,NOT_COLLECTED,TRIBENURON-METIL 50% [WG] P/P,NOT_COLLECTED,NOT_COLLECTED,NOT_COLLECTED,NOT_COLLECTED,NOT_COLLECTED,0,0,NÃO SEI,"o catalogo da ADAMA nao foi lido nesta rodada — sem leitura, ausencia no catalogo NAO e afirmavel"
TRINITY,NOT_COLLECTED,NOT_COLLECTED,NOT_COLLECTED,25667,NOT_TESTABLE_WITHOUT_CATALOG,NOT_COLLECTED,NOT_COLLECTED,CLORTOLURON 25%  + DIFLUFENICAN 4%  + PENDIMETALINA 30% [SC] P/V,NOT_COLLECTED,NOT_COLLECTED,NOT_COLLECTED,NOT_COLLECTED,NOT_COLLECTED,0,0,NÃO SEI,"o catalogo da ADAMA nao foi lido nesta rodada — sem leitura, ausencia no catalogo NAO e afirmavel"
URBOLE,NOT_COLLECTED,NOT_COLLECTED,NOT_COLLECTED,24157,NOT_TESTABLE_WITHOUT_CATALOG,NOT_COLLECTED,NOT_COLLECTED,DIFLUFENICAN 50% [SC] P/V,NOT_COLLECTED,NOT_COLLECTED,NOT_COLLECTED,NOT_COLLECTED,NOT_COLLECTED,0,0,NÃO SEI,"o catalogo da ADAMA nao foi lido nesta rodada — sem leitura, ausencia no catalogo NAO e afirmavel"
UROTAN,NOT_COLLECTED,NOT_COLLECTED,NOT_COLLECTED,17354,NOT_TESTABLE_WITHOUT_CATALOG,NOT_COLLECTED,NOT_COLLECTED,CLORTOLURON 50% [SC] P/V,NOT_COLLECTED,NOT_COLLECTED,NOT_COLLECTED,NOT_COLLECTED,NOT_COLLECTED,0,0,NÃO SEI,"o catalogo da ADAMA nao foi lido nesta rodada — sem leitura, ausencia no catalogo NAO e afirmavel"
VINERGY,NOT_COLLECTED,NOT_COLLECTED,NOT_COLLECTED,ES-01463,NOT_TESTABLE_WITHOUT_CATALOG,NOT_COLLECTED,NOT_COLLECTED,FOSFONATOS DE POTASIO 67% (equivalente a 45% en ácido fosfónico) + FOLPET 30% [SC] P/V,NOT_COLLECTED,NOT_COLLECTED,NOT_COLLECTED,NOT_COLLECTED,NOT_COLLECTED,0,0,NÃO SEI,"o catalogo da ADAMA nao foi lido nesta rodada — sem leitura, ausencia no catalogo NAO e afirmavel"
