DOCUMENT_ID,PRODUCT_ID,PRODUCT,DOCUMENT_TYPE,TYPE_EVIDENCE,URL,SOURCE_PAGE,FILENAME,VISIBLE_DOCUMENT_DATE,HTTP_STATUS,DOWNLOAD_STATE,MEDIA_TYPE,BYTES,SHA256,STORAGE_KEY,CAPTURED_AT,PROVA_DE_QUE_E_DOCUMENTO
DOC-ES-1cf6e2b1282b,ADAMA-ES-703ae70310a8,AGIL,ADAMA_COMMERCIAL_LABEL,"TEXTO_DO_LINK casou ""Etiqueta""",https://www.adama.com/spain/es/media/1781/download?attachment,https://www.adama.com/spain/es/nuestras-soluciones/control-de-malas-hierbas/agil,L30002_06_AGIL (5)_SPECIMEN.pdf,NÃO SEI,200,DOWNLOADED,application/pdf,760845,9df6963200ad81baa35f5647c1b10ac7968318a18b6f61445e987a6f73820f9c,raw/ES/adama-website/ADAMA-ES-703ae70310a8/9df6963200ad81ba-L30002_06_AGIL (5)_SPECIMEN.pdf,2026-08-30T03:19:24Z,EXTENSAO_NO_TITLE
DOC-ES-0d2855f0923b,ADAMA-ES-703ae70310a8,AGIL,SDS,"TEXTO_DO_LINK casou ""FDS""",https://www.adama.com/spain/es/media/11/download?attachment,https://www.adama.com/spain/es/nuestras-soluciones/control-de-malas-hierbas/agil,AGIL.pdf,NÃO SEI,200,DOWNLOADED,application/pdf,127023,91c6e6f884c7f20641c95b522d6b1f38395d77c7fb16ffb9ae9569c8dbfb5b05,raw/ES/adama-website/ADAMA-ES-703ae70310a8/91c6e6f884c7f206-AGIL.pdf,2026-08-30T03:19:24Z,EXTENSAO_NO_TITLE
DOC-ES-9e48e4481746,ADAMA-ES-703ae70310a8,AGIL,BROCHURE,"TEXTO_DO_LINK casou ""Folleto""",https://www.adama.com/spain/es/media/16/download?attachment,https://www.adama.com/spain/es/nuestras-soluciones/control-de-malas-hierbas/agil,Díptico AGIL Olivar (11-24)2 BR.pdf,NÃO SEI,200,DOWNLOADED,application/pdf,1308191,863d7d7fefbe52f2ba359580d321c79fdd150e2d359189abc45551717b535117,raw/ES/adama-website/ADAMA-ES-703ae70310a8/863d7d7fefbe52f2-Díptico AGIL Olivar (11-24)2 BR.pdf,2026-08-30T03:19:24Z,EXTENSAO_NO_TITLE
DOC-ES-7c9efef6aff0,ADAMA-ES-2faaf19d1085,Alister,ADAMA_COMMERCIAL_LABEL,"TEXTO_DO_LINK casou ""Etiqueta""",https://www.adama.com/spain/es/media/3466/download?attachment,https://www.adama.com/spain/es/nuestras-soluciones/control-de-malas-hierbas/alister,L30093I_04_ALISTER 5_COMPLETA SPECIMEN.pdf,NÃO SEI,200,DOWNLOADED,application/pdf,778692,028eb89e19624b4e3b2bd600822b55e443c0d4984891dfac4c8d373340bcbb13,raw/ES/adama-website/ADAMA-ES-2faaf19d1085/028eb89e19624b4e-L30093I_04_ALISTER 5_COMPLETA SPECIMEN.pdf,2026-08-30T03:19:24Z,EXTENSAO_NO_TITLE
DOC-ES-85246785bba1,ADAMA-ES-2faaf19d1085,Alister,SDS,"TEXTO_DO_LINK casou ""FDS""",https://www.adama.com/spain/es/media/3471/download?attachment,https://www.adama.com/spain/es/nuestras-soluciones/control-de-malas-hierbas/alister,ALISTER.pdf,NÃO SEI,200,DOWNLOADED,application/pdf,108328,284d7aa1c3f445066a21b5a891df121818d6258bddfe4caa717ca0c51a18a597,raw/ES/adama-website/ADAMA-ES-2faaf19d1085/284d7aa1c3f44506-ALISTER.pdf,2026-08-30T03:19:24Z,EXTENSAO_NO_TITLE
DOC-ES-e45e0aed54f7,ADAMA-ES-3d7d78d03e08,ANIBAL,ADAMA_COMMERCIAL_LABEL,"TEXTO_DO_LINK casou ""Etiqueta""",https://www.adama.com/spain/es/media/1786/download?attachment,https://www.adama.com/spain/es/nuestras-soluciones/control-de-malas-hierbas/anibal,L30004IPBR_04_ANIBAL 5L (SPECIMEN).pdf,NÃO SEI,200,DOWNLOADED,application/pdf,422630,f0b5148d6b2eb2e1f7a01c71a729da4aac92df2fe2502560cdcc9ee3d1d755eb,raw/ES/adama-website/ADAMA-ES-3d7d78d03e08/f0b5148d6b2eb2e1-L30004IPBR_04_ANIBAL 5L (SPECIMEN).pdf,2026-08-30T03:19:24Z,EXTENSAO_NO_TITLE
DOC-ES-3a923117dcfe,ADAMA-ES-3d7d78d03e08,ANIBAL,SDS,"TEXTO_DO_LINK casou ""FDS""",https://www.adama.com/spain/es/media/1921/download?attachment,https://www.adama.com/spain/es/nuestras-soluciones/control-de-malas-hierbas/anibal,ANIBAL.pdf,NÃO SEI,200,DOWNLOADED,application/pdf,127642,108ad146d509ee35bced97d11a07375385a749e56fd7b6e9880c9302be407be7,raw/ES/adama-website/ADAMA-ES-3d7d78d03e08/108ad146d509ee35-ANIBAL.pdf,2026-08-30T03:19:24Z,EXTENSAO_NO_TITLE
DOC-ES-ba6e589b5db7,ADAMA-ES-3d7d78d03e08,ANIBAL,BROCHURE,"TEXTO_DO_LINK casou ""Folleto""",https://www.adama.com/spain/es/media/186/download?attachment,https://www.adama.com/spain/es/nuestras-soluciones/control-de-malas-hierbas/anibal,ANIBAL Tríptico NOV-25.pdf,NÃO SEI,200,DOWNLOADED,application/pdf,927148,0f9e2163ccf46b912089ece0fdd88813b9441b7f6243df31c1d980da00d62274,raw/ES/adama-website/ADAMA-ES-3d7d78d03e08/0f9e2163ccf46b91-ANIBAL Tríptico NOV-25.pdf,2026-08-30T03:19:24Z,EXTENSAO_NO_TITLE
DOC-ES-610c7324e51f,ADAMA-ES-7c1113978e9c,APHOX,ADAMA_COMMERCIAL_LABEL,"TEXTO_DO_LINK casou ""Etiqueta""",https://www.adama.com/spain/es/media/411/download?attachment,https://www.adama.com/spain/es/nuestras-soluciones/control-de-plagas/aphox,Aphox Etiqueta.pdf,NÃO SEI,200,DOWNLOADED,application/pdf,960118,9485107f958a8af5420eda999ca0c38c8f2ff597b8090d192987bb83dcaa5ba9,raw/ES/adama-website/ADAMA-ES-7c1113978e9c/9485107f958a8af5-Aphox Etiqueta.pdf,2026-08-30T03:19:24Z,EXTENSAO_NO_TITLE
DOC-ES-ccaccd26e395,ADAMA-ES-7c1113978e9c,APHOX,SDS,"TEXTO_DO_LINK casou ""FDS""",https://www.adama.com/spain/es/media/1926/download?attachment,https://www.adama.com/spain/es/nuestras-soluciones/control-de-plagas/aphox,APHOX.pdf,NÃO SEI,200,DOWNLOADED,application/pdf,116298,7716e723ec8910b6b34185f596abeddbd16872adc2f896c0a561172d17556b90,raw/ES/adama-website/ADAMA-ES-7c1113978e9c/7716e723ec8910b6-APHOX.pdf,2026-08-30T03:19:24Z,EXTENSAO_NO_TITLE
DOC-ES-6f2105f53b0b,ADAMA-ES-ba6e08cc853d,AVASTEL,ADAMA_COMMERCIAL_LABEL,"TEXTO_DO_LINK casou ""Etiqueta""",https://www.adama.com/spain/es/media/4491/download?attachment,https://www.adama.com/spain/es/nuestras-soluciones/control-de-enfermedades/avastel,L22980_03_AVASTEL SPECIMEN.pdf,NÃO SEI,200,DOWNLOADED,application/pdf,640287,ade59b3be1a9f8a186adc47a1b8bca152d800e320d060a8f6a7012b5a7022da8,raw/ES/adama-website/ADAMA-ES-ba6e08cc853d/ade59b3be1a9f8a1-L22980_03_AVASTEL SPECIMEN.pdf,2026-08-30T03:19:24Z,EXTENSAO_NO_TITLE
DOC-ES-cabe82ad806a,ADAMA-ES-ba6e08cc853d,AVASTEL,SDS,"TEXTO_DO_LINK casou ""FDS""",https://www.adama.com/spain/es/media/4486/download?attachment,https://www.adama.com/spain/es/nuestras-soluciones/control-de-enfermedades/avastel,AVASTEL.pdf,NÃO SEI,200,DOWNLOADED,application/pdf,127086,faddccdd01f7adbef861ba26ea779a54a4d73060b4e3763257960578606218c8,raw/ES/adama-website/ADAMA-ES-ba6e08cc853d/faddccdd01f7adbe-AVASTEL.pdf,2026-08-30T03:19:24Z,EXTENSAO_NO_TITLE
DOC-ES-5aef9fb90d52,ADAMA-ES-ba6e08cc853d,AVASTEL,BROCHURE,"TEXTO_DO_LINK casou ""Folleto""",https://www.adama.com/spain/es/media/4466/download?attachment,https://www.adama.com/spain/es/nuestras-soluciones/control-de-enfermedades/avastel,Folleto AVASTEL fungicida para cereal.pdf,NÃO SEI,200,DOWNLOADED,application/pdf,158083718,99e45d7ac0ec301efdb1db47a0a9275583c94b083535f447e27cf83fd68abb86,raw/ES/adama-website/ADAMA-ES-ba6e08cc853d/99e45d7ac0ec301e-Folleto AVASTEL fungicida para cereal.pdf,2026-08-30T03:19:24Z,EXTENSAO_NO_TITLE
DOC-ES-a5d46a16915d,ADAMA-ES-f5fa93a3a3ec,BANJO,ADAMA_COMMERCIAL_LABEL,"TEXTO_DO_LINK casou ""Etiqueta""",https://www.adama.com/spain/es/media/4906/download?attachment,https://www.adama.com/spain/es/nuestras-soluciones/control-de-enfermedades/banjo,L30850_01_BANJO (5) SPECIMEN.pdf,NÃO SEI,200,DOWNLOADED,application/pdf,736169,a4885c9a14504af32ab41e1c40eb685d1a416ba14f979f75a75b81bb6bc4da75,raw/ES/adama-website/ADAMA-ES-f5fa93a3a3ec/a4885c9a14504af3-L30850_01_BANJO (5) SPECIMEN.pdf,2026-08-30T03:19:24Z,EXTENSAO_NO_TITLE
DOC-ES-fbfded9b61aa,ADAMA-ES-f5fa93a3a3ec,BANJO,SDS,"TEXTO_DO_LINK casou ""FDS""",https://www.adama.com/spain/es/media/4911/download?attachment,https://www.adama.com/spain/es/nuestras-soluciones/control-de-enfermedades/banjo,BANJO FDS.pdf,NÃO SEI,200,DOWNLOADED,application/pdf,117478,d631b02cb06fd13a2bc8a5809014271121605252fcc4ac3a513a3dbd707f6b11,raw/ES/adama-website/ADAMA-ES-f5fa93a3a3ec/d631b02cb06fd13a-BANJO FDS.pdf,2026-08-30T03:19:24Z,EXTENSAO_NO_TITLE
DOC-ES-7cda7525e2dd,ADAMA-ES-571ca874212a,BASTOS,ADAMA_COMMERCIAL_LABEL,"TEXTO_DO_LINK casou ""Etiqueta""",https://www.adama.com/spain/es/media/2466/download?attachment,https://www.adama.com/spain/es/nuestras-soluciones/control-de-malas-hierbas/bastos,L30043I_6_BASTOS 5_COMPLETA (SPECIMEN).pdf,NÃO SEI,200,DOWNLOADED,application/pdf,744884,30bee6e4e49ab031f2ffbb8e2f327738bf72951443f7c30570ff9d2418410527,raw/ES/adama-website/ADAMA-ES-571ca874212a/30bee6e4e49ab031-L30043I_6_BASTOS 5_COMPLETA (SPECIMEN).pdf,2026-08-30T03:19:24Z,EXTENSAO_NO_TITLE
DOC-ES-4e2e1bab1ec9,ADAMA-ES-571ca874212a,BASTOS,SDS,"TEXTO_DO_LINK casou ""FDS""",https://www.adama.com/spain/es/media/2471/download?attachment,https://www.adama.com/spain/es/nuestras-soluciones/control-de-malas-hierbas/bastos,BASTOS.pdf,NÃO SEI,200,DOWNLOADED,application/pdf,335297,174f8547a7c523653ac35d45ab0e6023bc0da93cd875d06d15404dfddcbf83c7,raw/ES/adama-website/ADAMA-ES-571ca874212a/174f8547a7c52365-BASTOS.pdf,2026-08-30T03:19:24Z,EXTENSAO_NO_TITLE
DOC-ES-9384c3a81265,ADAMA-ES-571ca874212a,BASTOS,REGISTRATION_SHEET,"URL casou ""registro""",https://www.mapama.gob.es/agricultura/pags/fitos/registro/productos/pdf/18087.pdf,https://www.adama.com/spain/es/nuestras-soluciones/control-de-malas-hierbas/bastos,18087.pdf,NÃO SEI,404,FAILED,NOT_COLLECTED,NOT_COLLECTED,NOT_COLLECTED,NAO_ENVIADO,2026-08-30T03:19:24Z,EXTENSAO_NA_URL
DOC-ES-9c7b5f16782a,ADAMA-ES-37dc863b8dc4,BREVIS,ADAMA_COMMERCIAL_LABEL,"TEXTO_DO_LINK casou ""Etiqueta""",https://www.adama.com/spain/es/media/1766/download?attachment,https://www.adama.com/spain/es/nuestras-soluciones/mejora-de-cultivos/brevis,Brevis Etiqueta.pdf,NÃO SEI,200,DOWNLOADED,application/pdf,939148,b808b3a10ff50739cb3ad0b09f56afd20004b08af9bec28075b307e44e60ef9b,raw/ES/adama-website/ADAMA-ES-37dc863b8dc4/b808b3a10ff50739-Brevis Etiqueta.pdf,2026-08-30T03:19:24Z,EXTENSAO_NO_TITLE
DOC-ES-085c4c6c103f,ADAMA-ES-37dc863b8dc4,BREVIS,SDS,"TEXTO_DO_LINK casou ""FDS""",https://www.adama.com/spain/es/media/1961/download?attachment,https://www.adama.com/spain/es/nuestras-soluciones/mejora-de-cultivos/brevis,BREVIS.pdf,NÃO SEI,200,DOWNLOADED,application/pdf,123947,d907af54dc75736008eeb43c4f6cb0d3ebb9cce6a485762dedf88a6e9178d50a,raw/ES/adama-website/ADAMA-ES-37dc863b8dc4/d907af54dc757360-BREVIS.pdf,2026-08-30T03:19:24Z,EXTENSAO_NO_TITLE
DOC-ES-cb172ee05e8f,ADAMA-ES-462faaf68258,COLTRANE,ADAMA_COMMERCIAL_LABEL,"TEXTO_DO_LINK casou ""Etiqueta""",https://www.adama.com/spain/es/media/221/download?attachment,https://www.adama.com/spain/es/nuestras-soluciones/control-de-malas-hierbas/coltrane,L30150_03_COLTRANE (5) specimen.pdf,NÃO SEI,200,DOWNLOADED,application/pdf,633910,6d695dba10b0e6cae4c0702571409c591ac15f1e88c1b6b8f5bf493eaf8ace28,raw/ES/adama-website/ADAMA-ES-462faaf68258/6d695dba10b0e6ca-L30150_03_COLTRANE (5) specimen.pdf,2026-08-30T03:19:24Z,EXTENSAO_NO_TITLE
DOC-ES-563e9e37e5a7,ADAMA-ES-462faaf68258,COLTRANE,SDS,"TEXTO_DO_LINK casou ""FDS""",https://www.adama.com/spain/es/media/1981/download?attachment,https://www.adama.com/spain/es/nuestras-soluciones/control-de-malas-hierbas/coltrane,COLTRANE.pdf,NÃO SEI,200,DOWNLOADED,application/pdf,330495,83e52ff759f534a181693fac6f6b2a45c6cf9b4204a4a050ff9d679791e7a426,raw/ES/adama-website/ADAMA-ES-462faaf68258/83e52ff759f534a1-COLTRANE.pdf,2026-08-30T03:19:24Z,EXTENSAO_NO_TITLE
DOC-ES-8f7d88a3a2e5,ADAMA-ES-078f1a03e255,COSAYR,ADAMA_COMMERCIAL_LABEL,"TEXTO_DO_LINK casou ""Etiqueta""",https://www.adama.com/spain/es/media/4776/download?attachment,https://www.adama.com/spain/es/nuestras-soluciones/control-de-plagas/cosayr,L23173_01_COSAYR (1) SPECIMEN.pdf,NÃO SEI,200,DOWNLOADED,application/pdf,514419,fab46b8ace8c87eba5bddaf29a66d52d65e8e70a7de0f6041ff2bc1f34d0c467,raw/ES/adama-website/ADAMA-ES-078f1a03e255/fab46b8ace8c87eb-L23173_01_COSAYR (1) SPECIMEN.pdf,2026-08-30T03:19:24Z,EXTENSAO_NO_TITLE
DOC-ES-cf196f8db42d,ADAMA-ES-078f1a03e255,COSAYR,SDS,"TEXTO_DO_LINK casou ""FDS""",https://www.adama.com/spain/es/media/4781/download?attachment,https://www.adama.com/spain/es/nuestras-soluciones/control-de-plagas/cosayr,FDS_COSAYR.pdf,NÃO SEI,200,DOWNLOADED,application/pdf,107662,2c59223e99d4c137b2763f00e9c01324ab2cbff5dd78156e30d5320960788041,raw/ES/adama-website/ADAMA-ES-078f1a03e255/2c59223e99d4c137-FDS_COSAYR.pdf,2026-08-30T03:19:24Z,EXTENSAO_NO_TITLE
DOC-ES-652700794091,ADAMA-ES-078f1a03e255,COSAYR,BROCHURE,"TEXTO_DO_LINK casou ""Folleto""",https://www.adama.com/spain/es/media/4836/download?attachment,https://www.adama.com/spain/es/nuestras-soluciones/control-de-plagas/cosayr,COSAYR_FOLLETO.pdf,NÃO SEI,200,DOWNLOADED,application/pdf,1405682,9de9269c7768747811159459263f3ba4e5f3ea1250d29cde627d3d16bb4a810c,raw/ES/adama-website/ADAMA-ES-078f1a03e255/9de9269c77687478-COSAYR_FOLLETO.pdf,2026-08-30T03:19:24Z,EXTENSAO_NO_TITLE
DOC-ES-1453a5fed213,ADAMA-ES-078f1a03e255,COSAYR,BROCHURE,"TEXTO_DO_LINK casou ""Folleto""",https://www.adama.com/spain/es/media/5001/download?attachment,https://www.adama.com/spain/es/nuestras-soluciones/control-de-plagas/cosayr,COSAYR_SEPARATA_A4 (algodón).pdf,NÃO SEI,200,DOWNLOADED,application/pdf,3713177,24548ba79df629b1c89c16c9535a471d1f57dbaa403d3f87146ce8a1ddadb5dd,raw/ES/adama-website/ADAMA-ES-078f1a03e255/24548ba79df629b1-COSAYR_SEPARATA_A4 (algodón).pdf,2026-08-30T03:19:24Z,EXTENSAO_NO_TITLE
DOC-ES-1e3f6c818e04,ADAMA-ES-e9f27838871f,COTTONEX 50 SC,ADAMA_COMMERCIAL_LABEL,"TEXTO_DO_LINK casou ""Etiqueta""",https://www.adama.com/spain/es/media/2511/download?attachment,https://www.adama.com/spain/es/nuestras-soluciones/control-de-malas-hierbas/cottonex-50-sc,L30005_05_COTTONEX 50 SC_COMPL SPECIMEN.pdf,NÃO SEI,200,DOWNLOADED,application/pdf,503889,0e158407fa8052219c87293c44f23ccd3c7b1b5b626de307c95cb7c77d227d98,raw/ES/adama-website/ADAMA-ES-e9f27838871f/0e158407fa805221-L30005_05_COTTONEX 50 SC_COMPL SPECIMEN.pdf,2026-08-30T03:19:24Z,EXTENSAO_NO_TITLE
DOC-ES-8c12b1a392e4,ADAMA-ES-e9f27838871f,COTTONEX 50 SC,SDS,"TEXTO_DO_LINK casou ""FDS""",https://www.adama.com/spain/es/media/236/download?attachment,https://www.adama.com/spain/es/nuestras-soluciones/control-de-malas-hierbas/cottonex-50-sc,COTTONEX 50 SC.pdf,NÃO SEI,200,DOWNLOADED,application/pdf,124520,cad9322657b4387348c5eebcd801293deaaeda5c40735938f2f60ee94ed12bb9,raw/ES/adama-website/ADAMA-ES-e9f27838871f/cad9322657b43873-COTTONEX 50 SC.pdf,2026-08-30T03:19:24Z,EXTENSAO_NO_TITLE
DOC-ES-9d6d6a9122d0,ADAMA-ES-1aca3f1e66db,COTTONEX NEOPRO,ADAMA_COMMERCIAL_LABEL,"TEXTO_DO_LINK casou ""Etiqueta""",https://www.adama.com/spain/es/media/2506/download?attachment,https://www.adama.com/spain/es/nuestras-soluciones/control-de-malas-hierbas/cottonex-neopro,L30082_04_COTTONEX NEOPRO_SPECIMEN.pdf,NÃO SEI,200,DOWNLOADED,application/pdf,739369,da54bf8716af44b307fd4e0fa8d580e1b9fb1a54207c7fe1d6a63e842886353f,raw/ES/adama-website/ADAMA-ES-1aca3f1e66db/da54bf8716af44b3-L30082_04_COTTONEX NEOPRO_SPECIMEN.pdf,2026-08-30T03:19:24Z,EXTENSAO_NO_TITLE
DOC-ES-534b662ae439,ADAMA-ES-1aca3f1e66db,COTTONEX NEOPRO,SDS,"TEXTO_DO_LINK casou ""FDS""",https://www.adama.com/spain/es/media/1986/download?attachment,https://www.adama.com/spain/es/nuestras-soluciones/control-de-malas-hierbas/cottonex-neopro,COTTONEX NEOPRO.pdf,NÃO SEI,200,DOWNLOADED,application/pdf,114432,d4e956862d6f1495e1b863e47c3d0ea86f12a7b832ae4c62f023f2855fdcc2a8,raw/ES/adama-website/ADAMA-ES-1aca3f1e66db/d4e956862d6f1495-COTTONEX NEOPRO.pdf,2026-08-30T03:19:24Z,EXTENSAO_NO_TITLE
DOC-ES-6abae476f45e,ADAMA-ES-1aca3f1e66db,COTTONEX NEOPRO,REGISTRATION_SHEET,"URL casou ""registro""",https://www.mapa.gob.es/agricultura/pags/fitos/registro/productos/pdf/24583.pdf,https://www.adama.com/spain/es/nuestras-soluciones/control-de-malas-hierbas/cottonex-neopro,24583.pdf,NÃO SEI,404,FAILED,NOT_COLLECTED,NOT_COLLECTED,NOT_COLLECTED,NAO_ENVIADO,2026-08-30T03:19:24Z,EXTENSAO_NA_URL
DOC-ES-62cc160ab832,ADAMA-ES-0b794bdf68f9,CUPROXI FLO,ADAMA_COMMERCIAL_LABEL,"TEXTO_DO_LINK casou ""Etiqueta""",https://www.adama.com/spain/es/media/1806/download?attachment,https://www.adama.com/spain/es/nuestras-soluciones/control-de-enfermedades/cuprofixi-flo,L30021_8_CUPROXI FLO_COMPL_SPECIMEN.pdf,NÃO SEI,200,DOWNLOADED,application/pdf,646335,0e63579f8d4cefc5caa787fb793c8d7268784bd481fed258a6c93b3f87bb5b81,raw/ES/adama-website/ADAMA-ES-0b794bdf68f9/0e63579f8d4cefc5-L30021_8_CUPROXI FLO_COMPL_SPECIMEN.pdf,2026-08-30T03:19:24Z,EXTENSAO_NO_TITLE
DOC-ES-aefdeb76f4c7,ADAMA-ES-0b794bdf68f9,CUPROXI FLO,SDS,"TEXTO_DO_LINK casou ""FDS""",https://www.adama.com/spain/es/media/2706/download?attachment,https://www.adama.com/spain/es/nuestras-soluciones/control-de-enfermedades/cuprofixi-flo,CUPROXI FLO.pdf,NÃO SEI,200,DOWNLOADED,application/pdf,121118,391ad437be2347ba57f6e8d4360aaa3453d5537d51f9143970f4c2e72088145b,raw/ES/adama-website/ADAMA-ES-0b794bdf68f9/391ad437be2347ba-CUPROXI FLO.pdf,2026-08-30T03:19:24Z,EXTENSAO_NO_TITLE
DOC-ES-677e6c867c37,ADAMA-ES-0b794bdf68f9,CUPROXI FLO,BROCHURE,"TEXTO_DO_LINK casou ""Folleto""",https://www.adama.com/spain/es/media/2711/download?attachment,https://www.adama.com/spain/es/nuestras-soluciones/control-de-enfermedades/cuprofixi-flo,Cuproxi Flo Olivar Folleto.pdf,NÃO SEI,200,DOWNLOADED,application/pdf,2004328,7e52d688074ca655d8b672abfdb321ce0324b47032703587933c71f5f8b03cc2,raw/ES/adama-website/ADAMA-ES-0b794bdf68f9/7e52d688074ca655-Cuproxi Flo Olivar Folleto.pdf,2026-08-30T03:19:24Z,EXTENSAO_NO_TITLE
DOC-ES-b967753d4b94,ADAMA-ES-c6ebc0feefc2,DIODE 100,ADAMA_COMMERCIAL_LABEL,"TEXTO_DO_LINK casou ""Etiqueta""",https://www.adama.com/spain/es/media/4726/download?attachment,https://www.adama.com/spain/es/nuestras-soluciones/control-de-malas-hierbas/diode,L12671_01_DIODE 100 (5) SPECIMEN.pdf,NÃO SEI,200,DOWNLOADED,application/pdf,757168,ba68e7f36e9deb4c274cada1de998e00f2ec0ab6f31c46b0ec522c3907035c61,raw/ES/adama-website/ADAMA-ES-c6ebc0feefc2/ba68e7f36e9deb4c-L12671_01_DIODE 100 (5) SPECIMEN.pdf,2026-08-30T03:19:24Z,EXTENSAO_NO_TITLE
DOC-ES-fe710739873d,ADAMA-ES-c6ebc0feefc2,DIODE 100,SDS,"TEXTO_DO_LINK casou ""FDS""",https://www.adama.com/spain/es/media/4731/download?attachment,https://www.adama.com/spain/es/nuestras-soluciones/control-de-malas-hierbas/diode,DIODE 100.pdf,NÃO SEI,200,DOWNLOADED,application/pdf,112502,f24a5d69e28286909e1b0af9b973965602702eb3384586abd91d433698207096,raw/ES/adama-website/ADAMA-ES-c6ebc0feefc2/f24a5d69e2828690-DIODE 100.pdf,2026-08-30T03:19:24Z,EXTENSAO_NO_TITLE
DOC-ES-8edf62af2430,ADAMA-ES-94e4572acf89,DISCOVERY,SDS,"TEXTO_DO_LINK casou ""FDS""",https://www.adama.com/spain/es/media/3526/download?attachment,https://www.adama.com/spain/es/nuestras-soluciones/control-de-malas-hierbas/discovery,DISCOVERY.pdf,NÃO SEI,200,DOWNLOADED,application/pdf,134571,f53416dd74a4e55083accf091f70b209d7ce403c05a730e84217f2bd44a96155,raw/ES/adama-website/ADAMA-ES-94e4572acf89/f53416dd74a4e550-DISCOVERY.pdf,2026-08-30T03:19:24Z,EXTENSAO_NO_TITLE
DOC-ES-3b30ce44178e,ADAMA-ES-94e4572acf89,DISCOVERY,ADAMA_COMMERCIAL_LABEL,"TEXTO_DO_LINK casou ""Etiqueta""",https://www.adama.com/spain/es/media/3536/download?attachment,https://www.adama.com/spain/es/nuestras-soluciones/control-de-malas-hierbas/discovery,L30146_05_DISCOVERY (5) EC (SPECIMEN).pdf,NÃO SEI,200,DOWNLOADED,application/pdf,866750,d272deeca83af4be068b0994d7259ab9b587c34a7cb45392858e3fab5acbeaf2,raw/ES/adama-website/ADAMA-ES-94e4572acf89/d272deeca83af4be-L30146_05_DISCOVERY (5) EC (SPECIMEN).pdf,2026-08-30T03:19:24Z,EXTENSAO_NO_TITLE
DOC-ES-2fccac6181b4,ADAMA-ES-94e4572acf89,DISCOVERY,OTHER_TECHNICAL_DOCUMENT,nenhum padrao de tipo casou — nao classificado por chute,https://www.adama.com/spain/es/media/4346/download?attachment,https://www.adama.com/spain/es/nuestras-soluciones/control-de-malas-hierbas/discovery,DISCOVERY ALMENDRO BR.pdf,NÃO SEI,200,DOWNLOADED,application/pdf,563378,2e75851a67710c5ce94fb3eedeb343637ff8adba7f20297a48a7e7e885e373f9,raw/ES/adama-website/ADAMA-ES-94e4572acf89/2e75851a67710c5c-DISCOVERY ALMENDRO BR.pdf,2026-08-30T03:19:24Z,EXTENSAO_NO_TITLE
DOC-ES-03dd8f05f431,ADAMA-ES-94e4572acf89,DISCOVERY,OTHER_TECHNICAL_DOCUMENT,nenhum padrao de tipo casou — nao classificado por chute,https://www.adama.com/spain/es/media/4351/download?attachment,https://www.adama.com/spain/es/nuestras-soluciones/control-de-malas-hierbas/discovery,DISCOVERY FRUTALES BR.pdf,NÃO SEI,200,DOWNLOADED,application/pdf,539970,393c7818e49c292e98bc7f6fc9117a53fa66da8c8d133ee6f59e7d6194f3d559,raw/ES/adama-website/ADAMA-ES-94e4572acf89/393c7818e49c292e-DISCOVERY FRUTALES BR.pdf,2026-08-30T03:19:24Z,EXTENSAO_NO_TITLE
DOC-ES-9103fba4dec2,ADAMA-ES-77831e4a5f44,ELEGANT,ADAMA_COMMERCIAL_LABEL,"TEXTO_DO_LINK casou ""Etiqueta""",https://www.adama.com/spain/es/media/1681/download?attachment,https://www.adama.com/spain/es/nuestras-soluciones/control-de-malas-hierbas/elegant,L10559_04_ELEGANT (5) COMPLETA (SPECIMEN).pdf,NÃO SEI,200,DOWNLOADED,application/pdf,423423,50b0cf707c06b52af74bcce1ee72581851070b0f85877979f4ed40dca21a8f0b,raw/ES/adama-website/ADAMA-ES-77831e4a5f44/50b0cf707c06b52a-L10559_04_ELEGANT (5) COMPLETA (SPECIMEN).pdf,2026-08-30T03:19:24Z,EXTENSAO_NO_TITLE
DOC-ES-929df1d569d8,ADAMA-ES-77831e4a5f44,ELEGANT,SDS,"TEXTO_DO_LINK casou ""FDS""",https://www.adama.com/spain/es/media/2006/download?attachment,https://www.adama.com/spain/es/nuestras-soluciones/control-de-malas-hierbas/elegant,ELEGANT.pdf,NÃO SEI,200,DOWNLOADED,application/pdf,123920,85db0cf98cfcc38d2e70280673195c85abbe6f34960848ddf5abc91eff80f86d,raw/ES/adama-website/ADAMA-ES-77831e4a5f44/85db0cf98cfcc38d-ELEGANT.pdf,2026-08-30T03:19:24Z,EXTENSAO_NO_TITLE
DOC-ES-8d3c4f3dcf6d,ADAMA-ES-81126c2a2007,FADEUS,ADAMA_COMMERCIAL_LABEL,"TEXTO_DO_LINK casou ""Etiqueta""",https://www.adama.com/spain/es/media/2486/download?attachment,https://www.adama.com/spain/es/nuestras-soluciones/control-de-plagas/fadeus,L30054_02_FADEUS (5) COMPLETA SPECIMEN.pdf,NÃO SEI,200,DOWNLOADED,application/pdf,847831,deb937e646e20579f33b218e7b54774026cf0f7484fc02562876ab4282f3b325,raw/ES/adama-website/ADAMA-ES-81126c2a2007/deb937e646e20579-L30054_02_FADEUS (5) COMPLETA SPECIMEN.pdf,2026-08-30T03:19:24Z,EXTENSAO_NO_TITLE
DOC-ES-b2cc14102ddb,ADAMA-ES-81126c2a2007,FADEUS,SDS,"TEXTO_DO_LINK casou ""FDS""",https://www.adama.com/spain/es/media/2491/download?attachment,https://www.adama.com/spain/es/nuestras-soluciones/control-de-plagas/fadeus,FADEUS.pdf,NÃO SEI,200,DOWNLOADED,application/pdf,364829,0f667eb7a4496ba7f2a8a975b6f3308479d0fe4437dc230b46f4d9dc2c301a3c,raw/ES/adama-website/ADAMA-ES-81126c2a2007/0f667eb7a4496ba7-FADEUS.pdf,2026-08-30T03:19:24Z,EXTENSAO_NO_TITLE
DOC-ES-dc2acf0449de,ADAMA-ES-81126c2a2007,FADEUS,REGISTRATION_SHEET,"URL casou ""registro""",https://www.mapa.gob.es/agricultura/pags/fitos/registro/productos/pdf/25454.pdf,https://www.adama.com/spain/es/nuestras-soluciones/control-de-plagas/fadeus,25454.pdf,NÃO SEI,404,FAILED,NOT_COLLECTED,NOT_COLLECTED,NOT_COLLECTED,NAO_ENVIADO,2026-08-30T03:19:24Z,EXTENSAO_NA_URL
DOC-ES-f7b2edbf156f,ADAMA-ES-944d5ecafd59,FOLPAN 80WDG,ADAMA_COMMERCIAL_LABEL,"TEXTO_DO_LINK casou ""Etiqueta""",https://www.adama.com/spain/es/media/706/download?attachment,https://www.adama.com/spain/es/nuestras-soluciones/control-de-enfermedades/folpan-80wg,FOLPAN 80-SPECIMEN.pdf,NÃO SEI,200,DOWNLOADED,application/pdf,1629468,b9e274ee9e652385e68915c19a0ece880ecc17ba1762275a65a415d537733f18,raw/ES/adama-website/ADAMA-ES-944d5ecafd59/b9e274ee9e652385-FOLPAN 80-SPECIMEN.pdf,2026-08-30T03:19:24Z,EXTENSAO_NO_TITLE
DOC-ES-e99c7d66bbcd,ADAMA-ES-944d5ecafd59,FOLPAN 80WDG,SDS,"TEXTO_DO_LINK casou ""FDS""",https://www.adama.com/spain/es/media/2026/download?attachment,https://www.adama.com/spain/es/nuestras-soluciones/control-de-enfermedades/folpan-80wg,FOLPAN 80 WDG.pdf,NÃO SEI,200,DOWNLOADED,application/pdf,133467,9222e8a3d845404e1a11c657056262997c0f1f20406334a4dfe7699f878461af,raw/ES/adama-website/ADAMA-ES-944d5ecafd59/9222e8a3d845404e-FOLPAN 80 WDG.pdf,2026-08-30T03:19:24Z,EXTENSAO_NO_TITLE
DOC-ES-f76b8c2c855d,ADAMA-ES-d58e9cfc57ea,FOLPAN GOLD,ADAMA_COMMERCIAL_LABEL,"TEXTO_DO_LINK casou ""Etiqueta""",https://www.adama.com/spain/es/media/696/download?attachment,https://www.adama.com/spain/es/nuestras-soluciones/control-de-enfermedades/folpan-gold,L30263IPWR_01-FolpanGold(Est5kg)W.pdf,NÃO SEI,200,DOWNLOADED,application/pdf,615350,e3d5f1dd8d002dd8e4b5c9ac48e54b04a66ef7c0b8ef27df690961c1fdeaa023,raw/ES/adama-website/ADAMA-ES-d58e9cfc57ea/e3d5f1dd8d002dd8-L30263IPWR_01-FolpanGold(Est5kg)W.pdf,2026-08-30T03:19:24Z,EXTENSAO_NO_TITLE
DOC-ES-127fc03f88b0,ADAMA-ES-d58e9cfc57ea,FOLPAN GOLD,SDS,"TEXTO_DO_LINK casou ""FDS""",https://www.adama.com/spain/es/media/2031/download?attachment,https://www.adama.com/spain/es/nuestras-soluciones/control-de-enfermedades/folpan-gold,FOLPAN GOLD.pdf,NÃO SEI,200,DOWNLOADED,application/pdf,128973,2c1fbf101cf3b5e0cf6b2187309644fb6c1722611c9970c6d0c9ed3a478a545e,raw/ES/adama-website/ADAMA-ES-d58e9cfc57ea/2c1fbf101cf3b5e0-FOLPAN GOLD.pdf,2026-08-30T03:19:24Z,EXTENSAO_NO_TITLE
DOC-ES-a60a2d16dd96,ADAMA-ES-8fcddb73efe7,GARMIL,ADAMA_COMMERCIAL_LABEL,"TEXTO_DO_LINK casou ""Etiqueta""",https://www.adama.com/spain/es/media/3541/download?attachment,https://www.adama.com/spain/es/nuestras-soluciones/control-de-enfermedades/garmil,ES-133247-R3-Garmil(Estuche5)W.pdf,NÃO SEI,200,DOWNLOADED,application/pdf,1467442,d5d4b2ba2e276f9781c0fac245bfbc876c0ad7f2d70fc4d6aa12e2ccdfc8c425,raw/ES/adama-website/ADAMA-ES-8fcddb73efe7/d5d4b2ba2e276f97-ES-133247-R3-Garmil(Estuche5)W.pdf,2026-08-30T03:19:24Z,EXTENSAO_NO_TITLE
DOC-ES-28ac5acd5fe4,ADAMA-ES-8fcddb73efe7,GARMIL,SDS,"TEXTO_DO_LINK casou ""FDS""",https://www.adama.com/spain/es/media/3546/download?attachment,https://www.adama.com/spain/es/nuestras-soluciones/control-de-enfermedades/garmil,GARMIL.pdf,NÃO SEI,200,DOWNLOADED,application/pdf,318388,04961e75426d7bdb1c248a28db14c406a6cc96328bd00ef218591ae55a4c00a1,raw/ES/adama-website/ADAMA-ES-8fcddb73efe7/04961e75426d7bdb-GARMIL.pdf,2026-08-30T03:19:24Z,EXTENSAO_NO_TITLE
DOC-ES-4b081549986a,ADAMA-ES-168022aa55a5,GOLTIX 700 SC,ADAMA_COMMERCIAL_LABEL,"TEXTO_DO_LINK casou ""Etiqueta""",https://www.adama.com/spain/es/media/1826/download?attachment,https://www.adama.com/spain/es/nuestras-soluciones/control-de-malas-hierbas/goltix,GOLTIX 700_COMPLETA SPECIMEN.pdf,NÃO SEI,200,DOWNLOADED,application/pdf,544604,065bd0e2fa0ca86bc4a254bd17a77cd807721a70e81d588609c963ce4af2b660,raw/ES/adama-website/ADAMA-ES-168022aa55a5/065bd0e2fa0ca86b-GOLTIX 700_COMPLETA SPECIMEN.pdf,2026-08-30T03:19:24Z,EXTENSAO_NO_TITLE
DOC-ES-1bf068dc3d58,ADAMA-ES-168022aa55a5,GOLTIX 700 SC,SDS,"TEXTO_DO_LINK casou ""FDS""",https://www.adama.com/spain/es/media/2036/download?attachment,https://www.adama.com/spain/es/nuestras-soluciones/control-de-malas-hierbas/goltix,GOLTIX 700 SC.pdf,NÃO SEI,200,DOWNLOADED,application/pdf,127863,17406749d12cac0079e9d3c636d6ff6ce87219968e347d4c1deb58073229c4fd,raw/ES/adama-website/ADAMA-ES-168022aa55a5/17406749d12cac00-GOLTIX 700 SC.pdf,2026-08-30T03:19:24Z,EXTENSAO_NO_TITLE
DOC-ES-97a2689318d3,ADAMA-ES-8891ef15a248,GOLTIX SILVER,ADAMA_COMMERCIAL_LABEL,"TEXTO_DO_LINK casou ""Etiqueta""",https://www.adama.com/spain/es/media/4861/download?attachment,https://www.adama.com/spain/es/nuestras-soluciones/control-de-malas-hierbas/goltix-silver,L30839_01_GOLTIX SILVER (10) SPECIMEN.pdf,NÃO SEI,200,DOWNLOADED,application/pdf,560218,729eb426c6beac01e6d7a8ddad1213fb3959b5f69ef78b270323644205b64a46,raw/ES/adama-website/ADAMA-ES-8891ef15a248/729eb426c6beac01-L30839_01_GOLTIX SILVER (10) SPECIMEN.pdf,2026-08-30T03:19:24Z,EXTENSAO_NO_TITLE
DOC-ES-3b1483ed334f,ADAMA-ES-8891ef15a248,GOLTIX SILVER,SDS,"TEXTO_DO_LINK casou ""FDS""",https://www.adama.com/spain/es/media/4856/download?attachment,https://www.adama.com/spain/es/nuestras-soluciones/control-de-malas-hierbas/goltix-silver,GOLTIX SILVER (1).pdf,NÃO SEI,200,DOWNLOADED,application/pdf,107995,778da3fc502eb00f69caad63289beb8683563d68fb874aa59473c43f853f0486,raw/ES/adama-website/ADAMA-ES-8891ef15a248/778da3fc502eb00f-GOLTIX SILVER (1).pdf,2026-08-30T03:19:24Z,EXTENSAO_NO_TITLE
DOC-ES-4799ce676574,ADAMA-ES-4f302226382d,GOLTIX UNO,ADAMA_COMMERCIAL_LABEL,"TEXTO_DO_LINK casou ""Etiqueta""",https://www.adama.com/spain/es/media/1906/download?attachment,https://www.adama.com/spain/es/nuestras-soluciones/control-de-malas-hierbas/goltix-uno,L30075_04_GOLTIX UNO (SPECIMEN).pdf,NÃO SEI,200,DOWNLOADED,application/pdf,432293,9e58ca1fec19f4ab97bd6c3797fb96979a059409aff88401a819f2cec1d6b83d,raw/ES/adama-website/ADAMA-ES-4f302226382d/9e58ca1fec19f4ab-L30075_04_GOLTIX UNO (SPECIMEN).pdf,2026-08-30T03:19:24Z,EXTENSAO_NO_TITLE
DOC-ES-ed61d97dca4f,ADAMA-ES-4f302226382d,GOLTIX UNO,SDS,"TEXTO_DO_LINK casou ""FDS""",https://www.adama.com/spain/es/media/2041/download?attachment,https://www.adama.com/spain/es/nuestras-soluciones/control-de-malas-hierbas/goltix-uno,GOLTIX UNO.pdf,NÃO SEI,200,DOWNLOADED,application/pdf,111231,803e25c1f7af7c39df4a3da9672d9f2b285438c2d3a78ca2338c54c7dd53c168,raw/ES/adama-website/ADAMA-ES-4f302226382d/803e25c1f7af7c39-GOLTIX UNO.pdf,2026-08-30T03:19:24Z,EXTENSAO_NO_TITLE
DOC-ES-302b720422a1,ADAMA-ES-4f302226382d,GOLTIX UNO,REGISTRATION_SHEET,"URL casou ""registro""",https://www.mapa.gob.es/agricultura/pags/fitos/registro/productos/pdf/ES-00564.pdf,https://www.adama.com/spain/es/nuestras-soluciones/control-de-malas-hierbas/goltix-uno,ES-00564.pdf,NÃO SEI,404,FAILED,NOT_COLLECTED,NOT_COLLECTED,NOT_COLLECTED,NAO_ENVIADO,2026-08-30T03:19:24Z,EXTENSAO_NA_URL
DOC-ES-ddd1998ad4d9,ADAMA-ES-67b0fd51b90a,HERBOLEX,ADAMA_COMMERCIAL_LABEL,"TEXTO_DO_LINK casou ""Etiqueta""",https://www.adama.com/spain/es/media/1696/download?attachment,https://www.adama.com/spain/es/nuestras-soluciones/control-de-malas-hierbas/herbolex,L30626_03_HERBOLEX (1)_SPECIMEN.pdf,NÃO SEI,200,DOWNLOADED,application/pdf,455209,32d9eb24cc40f5cc606461aa5847e7f4eb90ab52f9929994f01c551c2c12ef13,raw/ES/adama-website/ADAMA-ES-67b0fd51b90a/32d9eb24cc40f5cc-L30626_03_HERBOLEX (1)_SPECIMEN.pdf,2026-08-30T03:19:24Z,EXTENSAO_NO_TITLE
DOC-ES-e0e07a6b76bf,ADAMA-ES-67b0fd51b90a,HERBOLEX,SDS,"TEXTO_DO_LINK casou ""FDS""",https://www.adama.com/spain/es/media/2046/download?attachment,https://www.adama.com/spain/es/nuestras-soluciones/control-de-malas-hierbas/herbolex,HERBOLEX.pdf,NÃO SEI,200,DOWNLOADED,application/pdf,110272,d9cacb92afe8bf556a6b5237e1b303641ee7ed8ae0a33c55843bf1558e715fc9,raw/ES/adama-website/ADAMA-ES-67b0fd51b90a/d9cacb92afe8bf55-HERBOLEX.pdf,2026-08-30T03:19:24Z,EXTENSAO_NO_TITLE
DOC-ES-818a45710aed,ADAMA-ES-c1fde3fb8eb2,HIGHCARD,ADAMA_COMMERCIAL_LABEL,"TEXTO_DO_LINK casou ""Etiqueta""",https://www.adama.com/spain/es/media/4846/download?attachment,https://www.adama.com/spain/es/nuestras-soluciones/control-de-malas-hierbas/highcard,L12734_01 HIGHCARD (5) SPECIMEN.pdf,NÃO SEI,200,DOWNLOADED,application/pdf,738569,d3eafdb5474801f7837ce8a2b17a920f8dccf20fef0fca3739f7db4929b0948a,raw/ES/adama-website/ADAMA-ES-c1fde3fb8eb2/d3eafdb5474801f7-L12734_01 HIGHCARD (5) SPECIMEN.pdf,2026-08-30T03:19:24Z,EXTENSAO_NO_TITLE
DOC-ES-d25321676700,ADAMA-ES-c1fde3fb8eb2,HIGHCARD,SDS,"TEXTO_DO_LINK casou ""FDS""",https://www.adama.com/spain/es/media/4851/download?attachment,https://www.adama.com/spain/es/nuestras-soluciones/control-de-malas-hierbas/highcard,HIGHCARD.pdf,NÃO SEI,200,DOWNLOADED,application/pdf,115648,5c76b131d67fba9d6fe2b0c93eaffe6121cc56938e9ffaf154e66e8fa8421c96,raw/ES/adama-website/ADAMA-ES-c1fde3fb8eb2/5c76b131d67fba9d-HIGHCARD.pdf,2026-08-30T03:19:24Z,EXTENSAO_NO_TITLE
DOC-ES-fc5c8af40830,ADAMA-ES-d60ff8dce868,KAMPAI,ADAMA_COMMERCIAL_LABEL,"TEXTO_DO_LINK casou ""Etiqueta""",https://www.adama.com/spain/es/media/3146/download?attachment,https://www.adama.com/spain/es/nuestras-soluciones/control-de-malas-hierbas/kampai,L12475_03_KAMPAI (10)_specimen.pdf,NÃO SEI,200,DOWNLOADED,application/pdf,859950,7e53b23336c2dd2f8df293e4818532da7f11130271e978239481946b96119ca1,raw/ES/adama-website/ADAMA-ES-d60ff8dce868/7e53b23336c2dd2f-L12475_03_KAMPAI (10)_specimen.pdf,2026-08-30T03:19:24Z,EXTENSAO_NO_TITLE
DOC-ES-0db797829eca,ADAMA-ES-d60ff8dce868,KAMPAI,SDS,"TEXTO_DO_LINK casou ""FDS""",https://www.adama.com/spain/es/media/3151/download?attachment,https://www.adama.com/spain/es/nuestras-soluciones/control-de-malas-hierbas/kampai,KAMPAI.pdf,NÃO SEI,200,DOWNLOADED,application/pdf,359155,fc7c20851a2c89895fae5fde32606c5353af41999235fcb08807f4f1a88544d1,raw/ES/adama-website/ADAMA-ES-d60ff8dce868/fc7c20851a2c8989-KAMPAI.pdf,2026-08-30T03:19:24Z,EXTENSAO_NO_TITLE
DOC-ES-e79bcdeb55cd,ADAMA-ES-d60ff8dce868,KAMPAI,BROCHURE,"TEXTO_DO_LINK casou ""Folleto""",https://www.adama.com/spain/es/media/4841/download?attachment,https://www.adama.com/spain/es/nuestras-soluciones/control-de-malas-hierbas/kampai,KAMPAI Folleto.pdf,NÃO SEI,200,DOWNLOADED,application/pdf,757769,d82fc01fda55e4032dada5d2e2c56d021e7dda0daf2ee57bb045090abe73d08f,raw/ES/adama-website/ADAMA-ES-d60ff8dce868/d82fc01fda55e403-KAMPAI Folleto.pdf,2026-08-30T03:19:24Z,EXTENSAO_NO_TITLE
DOC-ES-2971f6580a16,ADAMA-ES-d60ff8dce868,KAMPAI,BROCHURE,"TEXTO_DO_LINK casou ""Folleto""",https://www.adama.com/spain/es/media/4891/download?attachment,https://www.adama.com/spain/es/nuestras-soluciones/control-de-malas-hierbas/kampai,15-04-26_Folleto Kampai Enero_paraweb.pdf,NÃO SEI,200,DOWNLOADED,application/pdf,6153517,9a1b00f602cc3d1893a1b62bca1ad972587d4b9a42a80308297611842d978cfd,raw/ES/adama-website/ADAMA-ES-d60ff8dce868/9a1b00f602cc3d18-15-04-26_Folleto Kampai Enero_paraweb.pdf,2026-08-30T03:19:24Z,EXTENSAO_NO_TITLE
DOC-ES-585150c0cf4d,ADAMA-ES-2154b5b19b82,KENDO,ADAMA_COMMERCIAL_LABEL,"TEXTO_DO_LINK casou ""Etiqueta""",https://www.adama.com/spain/es/media/2546/download?attachment,https://www.adama.com/spain/es/nuestras-soluciones/control-de-plagas/kendo,L30084_05_KENDO (5)_SPECIMEN.pdf,NÃO SEI,200,DOWNLOADED,application/pdf,646589,71663e66f10b787b5a62e0521ee6ad485c3b7f71c96670b210dea41ab242bb2a,raw/ES/adama-website/ADAMA-ES-2154b5b19b82/71663e66f10b787b-L30084_05_KENDO (5)_SPECIMEN.pdf,2026-08-30T03:19:24Z,EXTENSAO_NO_TITLE
DOC-ES-bc1867153771,ADAMA-ES-2154b5b19b82,KENDO,SDS,"TEXTO_DO_LINK casou ""FDS""",https://www.adama.com/spain/es/media/2066/download?attachment,https://www.adama.com/spain/es/nuestras-soluciones/control-de-plagas/kendo,KENDO.pdf,NÃO SEI,200,DOWNLOADED,application/pdf,311066,6b1bfa277957b7f32f448e919a7291017be6e0043e445e0c42c94af46d95fe2c,raw/ES/adama-website/ADAMA-ES-2154b5b19b82/6b1bfa277957b7f3-KENDO.pdf,2026-08-30T03:19:24Z,EXTENSAO_NO_TITLE
DOC-ES-435b08c1f020,ADAMA-ES-384378effb57,KLARTAN EW,ADAMA_COMMERCIAL_LABEL,"TEXTO_DO_LINK casou ""Etiqueta""",https://www.adama.com/spain/es/media/1891/download?attachment,https://www.adama.com/spain/es/nuestras-soluciones/control-de-plagas/klartan-ew,L30067I_6_KLARTAN_SPECIMEN.pdf,NÃO SEI,200,DOWNLOADED,application/pdf,810626,f911cdb5f65c73706ec9dabede459389448826c25c80edbdf8f1103dba9f89ff,raw/ES/adama-website/ADAMA-ES-384378effb57/f911cdb5f65c7370-L30067I_6_KLARTAN_SPECIMEN.pdf,2026-08-30T03:19:24Z,EXTENSAO_NO_TITLE
DOC-ES-34dab8cd32e9,ADAMA-ES-384378effb57,KLARTAN EW,SDS,"TEXTO_DO_LINK casou ""FDS""",https://www.adama.com/spain/es/media/2076/download?attachment,https://www.adama.com/spain/es/nuestras-soluciones/control-de-plagas/klartan-ew,KLARTAN EW.pdf,NÃO SEI,200,DOWNLOADED,application/pdf,109713,24734f2434f5d96dce2599193c521e907d179e9d2eeafd8ab4b2829a8822b772,raw/ES/adama-website/ADAMA-ES-384378effb57/24734f2434f5d96d-KLARTAN EW.pdf,2026-08-30T03:19:24Z,EXTENSAO_NO_TITLE
DOC-ES-fd384cff7878,ADAMA-ES-384378effb57,KLARTAN EW,BROCHURE,"TEXTO_DO_LINK casou ""Folleto""",https://www.adama.com/spain/es/media/4126/download?attachment,https://www.adama.com/spain/es/nuestras-soluciones/control-de-plagas/klartan-ew,Folleto KLARTAN CITRICOS K.pdf,NÃO SEI,200,DOWNLOADED,application/pdf,509660,8c66b403c7de5580d8a8fb7fd2779f88a6a551386f15cbe68452c948f0ef569e,raw/ES/adama-website/ADAMA-ES-384378effb57/8c66b403c7de5580-Folleto KLARTAN CITRICOS K.pdf,2026-08-30T03:19:24Z,EXTENSAO_NO_TITLE
DOC-ES-57473935b3dd,ADAMA-ES-384378effb57,KLARTAN EW,BROCHURE,"TEXTO_DO_LINK casou ""Folleto""",https://www.adama.com/spain/es/media/4116/download?attachment,https://www.adama.com/spain/es/nuestras-soluciones/control-de-plagas/klartan-ew,Folleto KLARTAN EW Algodón.pdf,NÃO SEI,200,DOWNLOADED,application/pdf,1054591,eb12e7792124c93bcb14dd141f6e65956a01c5d7c9055b1cb5447491169a6abb,raw/ES/adama-website/ADAMA-ES-384378effb57/eb12e7792124c93b-Folleto KLARTAN EW Algodón.pdf,2026-08-30T03:19:24Z,EXTENSAO_NO_TITLE
DOC-ES-1bb855c8593a,ADAMA-ES-365bc5802f8b,KONA,ADAMA_COMMERCIAL_LABEL,"TEXTO_DO_LINK casou ""Etiqueta""",https://www.adama.com/spain/es/media/2516/download?attachment,https://www.adama.com/spain/es/nuestras-soluciones/control-de-enfermedades/kona,L30083_05_KONA (5) SPECIMEN.pdf,NÃO SEI,200,DOWNLOADED,application/pdf,512531,4559e95d91dee4c9f4f4995a58839c1ebf3f6a1c855b1288fb7a9bdab3d6c717,raw/ES/adama-website/ADAMA-ES-365bc5802f8b/4559e95d91dee4c9-L30083_05_KONA (5) SPECIMEN.pdf,2026-08-30T03:19:24Z,EXTENSAO_NO_TITLE
DOC-ES-5160742c4059,ADAMA-ES-365bc5802f8b,KONA,SDS,"TEXTO_DO_LINK casou ""FDS""",https://www.adama.com/spain/es/media/2081/download?attachment,https://www.adama.com/spain/es/nuestras-soluciones/control-de-enfermedades/kona,KONA.pdf,NÃO SEI,200,DOWNLOADED,application/pdf,282369,49fd5143803eab7952770c4cd5a436b8b484390634ddd6b8e30ea7167c804378,raw/ES/adama-website/ADAMA-ES-365bc5802f8b/49fd5143803eab79-KONA.pdf,2026-08-30T03:19:24Z,EXTENSAO_NO_TITLE
DOC-ES-9cd711e65b67,ADAMA-ES-938d7bbfae93,LAMDEX EXTRA,ADAMA_COMMERCIAL_LABEL,"TEXTO_DO_LINK casou ""Etiqueta""",https://www.adama.com/spain/es/media/381/download?attachment,https://www.adama.com/spain/es/nuestras-soluciones/control-de-plagas/lamdex-extra,L30156IPWR_02-LamdexExtra(1kg)W.pdf,NÃO SEI,200,DOWNLOADED,application/pdf,1125509,702fe35b4aff136a8d4fd338885a8945a41fa635461ee6d331c87d7baf7557e9,raw/ES/adama-website/ADAMA-ES-938d7bbfae93/702fe35b4aff136a-L30156IPWR_02-LamdexExtra(1kg)W.pdf,2026-08-30T03:19:24Z,EXTENSAO_NO_TITLE
DOC-ES-06b3f630acce,ADAMA-ES-938d7bbfae93,LAMDEX EXTRA,SDS,"TEXTO_DO_LINK casou ""FDS""",https://www.adama.com/spain/es/media/2086/download?attachment,https://www.adama.com/spain/es/nuestras-soluciones/control-de-plagas/lamdex-extra,LAMDEX EXTRA.pdf,NÃO SEI,200,DOWNLOADED,application/pdf,102035,de8f3fd1d8f9d167c75df43adcc92cdaa3ce53496835701282c0705d62a345f1,raw/ES/adama-website/ADAMA-ES-938d7bbfae93/de8f3fd1d8f9d167-LAMDEX EXTRA.pdf,2026-08-30T03:19:24Z,EXTENSAO_NO_TITLE
DOC-ES-96977b81ebf6,ADAMA-ES-938d7bbfae93,LAMDEX EXTRA,REGISTRATION_SHEET,"URL casou ""registro""",https://www.mapa.gob.es/agricultura/pags/fitos/registro/productos/pdf/17091.pdf,https://www.adama.com/spain/es/nuestras-soluciones/control-de-plagas/lamdex-extra,17091.pdf,NÃO SEI,404,FAILED,NOT_COLLECTED,NOT_COLLECTED,NOT_COLLECTED,NAO_ENVIADO,2026-08-30T03:19:24Z,EXTENSAO_NA_URL
DOC-ES-b143645b8751,ADAMA-ES-7b1b18df6e46,LEBRON,ADAMA_COMMERCIAL_LABEL,"TEXTO_DO_LINK casou ""Etiqueta""",https://www.adama.com/spain/es/media/2526/download?attachment,https://www.adama.com/spain/es/nuestras-soluciones/control-de-plagas/lebron,ES-L359IPFR-IPBR_07-Lebron(Etiquetas para Saco10)W.pdf,NÃO SEI,200,DOWNLOADED,application/pdf,1157133,b96f85dac59d0aed8e5bdc176727aceb2ce623140f86201341359079058f9520,raw/ES/adama-website/ADAMA-ES-7b1b18df6e46/b96f85dac59d0aed-ES-L359IPFR-IPBR_07-Lebron(Etiquetas para Saco10)W.pdf,2026-08-30T03:19:24Z,EXTENSAO_NO_TITLE
DOC-ES-ce31d612c5ab,ADAMA-ES-7b1b18df6e46,LEBRON,SDS,"TEXTO_DO_LINK casou ""FDS""",https://www.adama.com/spain/es/media/2531/download?attachment,https://www.adama.com/spain/es/nuestras-soluciones/control-de-plagas/lebron,LEBRON.pdf,NÃO SEI,200,DOWNLOADED,application/pdf,121988,b71f21402fd0a1ae04ed1c5e35a777c8f19bcfc60654b77dcb8b58e11f2b6b7f,raw/ES/adama-website/ADAMA-ES-7b1b18df6e46/b71f21402fd0a1ae-LEBRON.pdf,2026-08-30T03:19:24Z,EXTENSAO_NO_TITLE
DOC-ES-829564ea8915,ADAMA-ES-7b1b18df6e46,LEBRON,BROCHURE,"TEXTO_DO_LINK casou ""Triptico""",https://www.adama.com/spain/es/media/3156/download?attachment,https://www.adama.com/spain/es/nuestras-soluciones/control-de-plagas/lebron,Triptico Lebron.pdf,NÃO SEI,200,DOWNLOADED,application/pdf,9718512,f8a1c6fc783de24df38732f1cc5c3218e2c7509ec355ddf60ec7ba6d118873eb,raw/ES/adama-website/ADAMA-ES-7b1b18df6e46/f8a1c6fc783de24d-Triptico Lebron.pdf,2026-08-30T03:19:24Z,EXTENSAO_NO_TITLE
DOC-ES-19e4e4a7144e,ADAMA-ES-7b1b18df6e46,LEBRON,OTHER_TECHNICAL_DOCUMENT,nenhum padrao de tipo casou — nao classificado por chute,https://www.adama.com/spain/es/media/3161/download?attachment,https://www.adama.com/spain/es/nuestras-soluciones/control-de-plagas/lebron,LEBRON eficacia en Diabrotica Virgifera.pdf,NÃO SEI,200,DOWNLOADED,application/pdf,6113759,4f203b6cbf67bb067a04e4c2bc92db739a549070661fbebcce955f0e9f2b0a62,raw/ES/adama-website/ADAMA-ES-7b1b18df6e46/4f203b6cbf67bb06-LEBRON eficacia en Diabrotica Virgifera.pdf,2026-08-30T03:19:24Z,EXTENSAO_NO_TITLE
DOC-ES-66db9b07936a,ADAMA-ES-e81577a18dbc,LEGACY PLUS,ADAMA_COMMERCIAL_LABEL,"TEXTO_DO_LINK casou ""Etiqueta""",https://www.adama.com/spain/es/media/1811/download?attachment,https://www.adama.com/spain/es/nuestras-soluciones/control-de-malas-hierbas/legacy-plus,L030026 _04_LEGACY PLUS 5L_COMPLETA SPECIMEN.pdf,NÃO SEI,200,DOWNLOADED,application/pdf,424287,536d458c01f5f36ca02273519434e64f0920d4fe69b39e5756f5286a38357fd0,raw/ES/adama-website/ADAMA-ES-e81577a18dbc/536d458c01f5f36c-L030026 _04_LEGACY PLUS 5L_COMPLETA SPECIMEN.pdf,2026-08-30T03:19:24Z,EXTENSAO_NO_TITLE
DOC-ES-4ded9942d5f0,ADAMA-ES-e81577a18dbc,LEGACY PLUS,SDS,"TEXTO_DO_LINK casou ""FDS""",https://www.adama.com/spain/es/media/2096/download?attachment,https://www.adama.com/spain/es/nuestras-soluciones/control-de-malas-hierbas/legacy-plus,LEGACY PLUS.pdf,NÃO SEI,200,DOWNLOADED,application/pdf,127723,82ca4248530d9325ee9728ad65216bd43e3374c775b04e2cfe686950eb602fd0,raw/ES/adama-website/ADAMA-ES-e81577a18dbc/82ca4248530d9325-LEGACY PLUS.pdf,2026-08-30T03:19:24Z,EXTENSAO_NO_TITLE
DOC-ES-83386bfb5fc7,ADAMA-ES-eae4dd3e5d43,MAVITA 250 EC,ADAMA_COMMERCIAL_LABEL,"TEXTO_DO_LINK casou ""Etiqueta""",https://www.adama.com/spain/es/media/1881/download?attachment,https://www.adama.com/spain/es/nuestras-soluciones/control-de-enfermedades/mavita250,L30059_06_MAVITA 250_(5) SPECIMEN.pdf,NÃO SEI,200,DOWNLOADED,application/pdf,621266,5625a75be91eb817aa46434ad2308fd24ba0b1c8c855ca1417cfd5797343d9a1,raw/ES/adama-website/ADAMA-ES-eae4dd3e5d43/5625a75be91eb817-L30059_06_MAVITA 250_(5) SPECIMEN.pdf,2026-08-30T03:19:24Z,EXTENSAO_NO_TITLE
DOC-ES-c21f1a8286fa,ADAMA-ES-eae4dd3e5d43,MAVITA 250 EC,SDS,"TEXTO_DO_LINK casou ""FDS""",https://www.adama.com/spain/es/media/2106/download?attachment,https://www.adama.com/spain/es/nuestras-soluciones/control-de-enfermedades/mavita250,MAVITA 250 EC.pdf,NÃO SEI,200,DOWNLOADED,application/pdf,338250,735021325fa9a2adcf49f178d7ee1f94d2f3b7a8ecc29e89f521d3b618f92a2a,raw/ES/adama-website/ADAMA-ES-eae4dd3e5d43/735021325fa9a2ad-MAVITA 250 EC.pdf,2026-08-30T03:19:24Z,EXTENSAO_NO_TITLE
DOC-ES-99e0ce38353c,ADAMA-ES-eae4dd3e5d43,MAVITA 250 EC,REGISTRATION_SHEET,"URL casou ""registro""",http://www.mapama.gob.es/agricultura/pags/fitos/registro/productos/pdf/18767.pdf,https://www.adama.com/spain/es/nuestras-soluciones/control-de-enfermedades/mavita250,18767.pdf,NÃO SEI,000,FAILED,NOT_COLLECTED,NOT_COLLECTED,NOT_COLLECTED,NAO_ENVIADO,2026-08-30T03:19:24Z,EXTENSAO_NA_URL
DOC-ES-b491289250ae,ADAMA-ES-b1772ccdf6cd,MERPAN 80WG,ADAMA_COMMERCIAL_LABEL,"TEXTO_DO_LINK casou ""Etiqueta""",https://www.adama.com/spain/es/media/1706/download?attachment,https://www.adama.com/spain/es/nuestras-soluciones/control-de-enfermedades/merpan-80wg,L30180IPFR-IPBR_02-Merpan80WG(granel3)SPECIMEN.pdf,NÃO SEI,200,DOWNLOADED,application/pdf,902326,8a9554fd44a2cee7d54ce88b353fa23a6dfb9bd4d7c972d31af55944e36df0d8,raw/ES/adama-website/ADAMA-ES-b1772ccdf6cd/8a9554fd44a2cee7-L30180IPFR-IPBR_02-Merpan80WG(granel3)SPECIMEN.pdf,2026-08-30T03:19:24Z,EXTENSAO_NO_TITLE
DOC-ES-afd3fff1e2fa,ADAMA-ES-b1772ccdf6cd,MERPAN 80WG,SDS,"TEXTO_DO_LINK casou ""FDS""",https://www.adama.com/spain/es/media/2111/download?attachment,https://www.adama.com/spain/es/nuestras-soluciones/control-de-enfermedades/merpan-80wg,MERPAN 80 WG.pdf,NÃO SEI,200,DOWNLOADED,application/pdf,111112,1e113d8b95cdb07159e1282114eed6de15a0a59563a23eda801ccd9eaa4be72e,raw/ES/adama-website/ADAMA-ES-b1772ccdf6cd/1e113d8b95cdb071-MERPAN 80 WG.pdf,2026-08-30T03:19:24Z,EXTENSAO_NO_TITLE
DOC-ES-59422fb93c53,ADAMA-ES-6da7332b3a1b,METENAL,ADAMA_COMMERCIAL_LABEL,"TEXTO_DO_LINK casou ""Etiqueta""",https://www.adama.com/spain/es/media/1771/download?attachment,https://www.adama.com/spain/es/nuestras-soluciones/control-de-plagas/metenal,L60036IPWP_03-Metenal(5Kg)W.pdf,NÃO SEI,200,DOWNLOADED,application/pdf,1440837,e0a0fabfb9c017cb7f09b18757128fe9155a723f9cdbffbcceeb23ff46439d03,raw/ES/adama-website/ADAMA-ES-6da7332b3a1b/e0a0fabfb9c017cb-L60036IPWP_03-Metenal(5Kg)W.pdf,2026-08-30T03:19:24Z,EXTENSAO_NO_TITLE
DOC-ES-51328dc55ae0,ADAMA-ES-6da7332b3a1b,METENAL,SDS,"TEXTO_DO_LINK casou ""FDS""",https://www.adama.com/spain/es/media/2126/download?attachment,https://www.adama.com/spain/es/nuestras-soluciones/control-de-plagas/metenal,Metenal.pdf,NÃO SEI,200,DOWNLOADED,application/pdf,468934,5ecf1aa541d857b1ef5521f4b32da335acaead69c324500786a2de1e76944c3a,raw/ES/adama-website/ADAMA-ES-6da7332b3a1b/5ecf1aa541d857b1-Metenal.pdf,2026-08-30T03:19:24Z,EXTENSAO_NO_TITLE
DOC-ES-369a9e399c7f,ADAMA-ES-4f48b29dc779,MIRADOR,ADAMA_COMMERCIAL_LABEL,"TEXTO_DO_LINK casou ""Etiqueta""",https://www.adama.com/spain/es/media/1866/download?attachment,https://www.adama.com/spain/es/nuestras-soluciones/control-de-enfermedades/mirador,L30046_09_MIRADOR (5) SPECIMEN.pdf,NÃO SEI,200,DOWNLOADED,application/pdf,656914,714d58a1e026bc3c2f677ccc31acde8b6e9333f0d93f37feb3e78ede82eeaa7e,raw/ES/adama-website/ADAMA-ES-4f48b29dc779/714d58a1e026bc3c-L30046_09_MIRADOR (5) SPECIMEN.pdf,2026-08-30T03:19:24Z,EXTENSAO_NO_TITLE
DOC-ES-add479b336d3,ADAMA-ES-4f48b29dc779,MIRADOR,SDS,"TEXTO_DO_LINK casou ""FDS""",https://www.adama.com/spain/es/media/2131/download?attachment,https://www.adama.com/spain/es/nuestras-soluciones/control-de-enfermedades/mirador,MIRADOR.pdf,NÃO SEI,200,DOWNLOADED,application/pdf,322236,61f22d61d572517514bd0166a7ae01abd43c3bcddb197b0be2c5facb41d556fb,raw/ES/adama-website/ADAMA-ES-4f48b29dc779/61f22d61d5725175-MIRADOR.pdf,2026-08-30T03:19:24Z,EXTENSAO_NO_TITLE
DOC-ES-f5cc599a1e50,ADAMA-ES-4f48b29dc779,MIRADOR,REGISTRATION_SHEET,"URL casou ""registro""",http://www.magrama.gob.es/agricultura/pags/fitos/registro/productos/pdf/22000.pdf,https://www.adama.com/spain/es/nuestras-soluciones/control-de-enfermedades/mirador,22000.pdf,NÃO SEI,000,FAILED,NOT_COLLECTED,NOT_COLLECTED,NOT_COLLECTED,NAO_ENVIADO,2026-08-30T03:19:24Z,EXTENSAO_NA_URL
DOC-ES-3429dbeff81c,ADAMA-ES-78cfecee7135,NEPTUNE,ADAMA_COMMERCIAL_LABEL,"TEXTO_DO_LINK casou ""Etiqueta""",https://www.adama.com/spain/es/media/1846/download?attachment,https://www.adama.com/spain/es/nuestras-soluciones/control-de-enfermedades/neptune,L30037I_06_NEPTUNE_COMPLETA (SPECIMEN).pdf,NÃO SEI,200,DOWNLOADED,application/pdf,657461,d04e306e13ddd5ad71b72c5dc2a608971b2af7dd5257c422fd4f7a6e88cc2d63,raw/ES/adama-website/ADAMA-ES-78cfecee7135/d04e306e13ddd5ad-L30037I_06_NEPTUNE_COMPLETA (SPECIMEN).pdf,2026-08-30T03:19:24Z,EXTENSAO_NO_TITLE
DOC-ES-3cb3a5e66696,ADAMA-ES-78cfecee7135,NEPTUNE,SDS,"TEXTO_DO_LINK casou ""FDS""",https://www.adama.com/spain/es/media/2136/download?attachment,https://www.adama.com/spain/es/nuestras-soluciones/control-de-enfermedades/neptune,NEPTUNE.pdf,NÃO SEI,200,DOWNLOADED,application/pdf,122761,dfca3f0b170981ff40118f814a4f38213930710edc6b76735d53848f120f2a7a,raw/ES/adama-website/ADAMA-ES-78cfecee7135/dfca3f0b170981ff-NEPTUNE.pdf,2026-08-30T03:19:24Z,EXTENSAO_NO_TITLE
DOC-ES-e9c13b1ae270,ADAMA-ES-78cfecee7135,NEPTUNE,BROCHURE,"TEXTO_DO_LINK casou ""Folleto""",https://www.adama.com/spain/es/media/606/download?attachment,https://www.adama.com/spain/es/nuestras-soluciones/control-de-enfermedades/neptune,16_ADAMA_NEPTUNE web.pdf,NÃO SEI,200,DOWNLOADED,application/pdf,4948025,aedd03195452ca1a9aba79abdcff2a58cd8ce17b85d5d521c7ddee02e1e3f10b,raw/ES/adama-website/ADAMA-ES-78cfecee7135/aedd03195452ca1a-16_ADAMA_NEPTUNE web.pdf,2026-08-30T03:19:24Z,EXTENSAO_NO_TITLE
DOC-ES-8061392636fb,ADAMA-ES-c496b8a32d10,NICOPERTS,ADAMA_COMMERCIAL_LABEL,"TEXTO_DO_LINK casou ""Etiqueta""",https://www.adama.com/spain/es/media/3571/download?attachment,https://www.adama.com/spain/es/nuestras-soluciones/control-de-malas-hierbas/nicoperts,L12193_02_NICOPERTS_COMPLETA (SPECIMEN).pdf,NÃO SEI,200,DOWNLOADED,application/pdf,394889,59fa529921792b5aee4590f8e78a74ab8214f0486ca71122b978523626132b8d,raw/ES/adama-website/ADAMA-ES-c496b8a32d10/59fa529921792b5a-L12193_02_NICOPERTS_COMPLETA (SPECIMEN).pdf,2026-08-30T03:19:24Z,EXTENSAO_NO_TITLE
DOC-ES-62bb59eb04b8,ADAMA-ES-c496b8a32d10,NICOPERTS,SDS,"TEXTO_DO_LINK casou ""FDS""",https://www.adama.com/spain/es/media/3576/download?attachment,https://www.adama.com/spain/es/nuestras-soluciones/control-de-malas-hierbas/nicoperts,NICOPERTS.pdf,NÃO SEI,200,DOWNLOADED,application/pdf,121614,fe03c679b03f8863740e9fdd7d2fdd96f86262c2b9ed7c5c7061f6e39dfde6a4,raw/ES/adama-website/ADAMA-ES-c496b8a32d10/fe03c679b03f8863-NICOPERTS.pdf,2026-08-30T03:19:24Z,EXTENSAO_NO_TITLE
DOC-ES-1cf9cb7f67a2,ADAMA-ES-e87ce3378fb0,NIKITA,ADAMA_COMMERCIAL_LABEL,"TEXTO_DO_LINK casou ""Etiqueta""",https://www.adama.com/spain/es/media/1761/download?attachment,https://www.adama.com/spain/es/nuestras-soluciones/control-de-malas-hierbas/nikita,L30735IPFR-IPBB_06-Nikita(5kg)W.pdf,NÃO SEI,200,DOWNLOADED,application/pdf,793815,fa58b5b0250761256ea4a5bf33cbccfc57dd8f638405c309715e8fa29fff60e6,raw/ES/adama-website/ADAMA-ES-e87ce3378fb0/fa58b5b025076125-L30735IPFR-IPBB_06-Nikita(5kg)W.pdf,2026-08-30T03:19:24Z,EXTENSAO_NO_TITLE
DOC-ES-6c0b5d8223f2,ADAMA-ES-e87ce3378fb0,NIKITA,SDS,"TEXTO_DO_LINK casou ""FDS""",https://www.adama.com/spain/es/media/2141/download?attachment,https://www.adama.com/spain/es/nuestras-soluciones/control-de-malas-hierbas/nikita,NIKITA.pdf,NÃO SEI,200,DOWNLOADED,application/pdf,120727,bf5fe67de5069201a4ef6cfba08e6c161945146c7cafbb8d08bbf32fd9b147ee,raw/ES/adama-website/ADAMA-ES-e87ce3378fb0/bf5fe67de5069201-NIKITA.pdf,2026-08-30T03:19:24Z,EXTENSAO_NO_TITLE
DOC-ES-70d716a955f4,ADAMA-ES-e87ce3378fb0,NIKITA,REGISTRATION_SHEET,"URL casou ""registro""",https://www.mapa.gob.es/agricultura/pags/fitos/registro/productos/pdf/ES-00474.pdf,https://www.adama.com/spain/es/nuestras-soluciones/control-de-malas-hierbas/nikita,ES-00474.pdf,NÃO SEI,404,FAILED,NOT_COLLECTED,NOT_COLLECTED,NOT_COLLECTED,NAO_ENVIADO,2026-08-30T03:19:24Z,EXTENSAO_NA_URL
DOC-ES-8511eeb76f39,ADAMA-ES-1b7ee3705498,NIMROD QUATTRO,ADAMA_COMMERCIAL_LABEL,"TEXTO_DO_LINK casou ""Etiqueta""",https://www.adama.com/spain/es/media/1876/download?attachment,https://www.adama.com/spain/es/nuestras-soluciones/control-de-enfermedades/nimrod-quattro,L30050_05_NIMROD QUATTRO (1)_SPECIMEN.pdf,NÃO SEI,200,DOWNLOADED,application/pdf,934991,397e29f3875ac84877c35e125d342bbef1a6ef33c7aee7a8e7a80acbafc497cb,raw/ES/adama-website/ADAMA-ES-1b7ee3705498/397e29f3875ac848-L30050_05_NIMROD QUATTRO (1)_SPECIMEN.pdf,2026-08-30T03:19:24Z,EXTENSAO_NO_TITLE
DOC-ES-ca0ab8cddfd7,ADAMA-ES-1b7ee3705498,NIMROD QUATTRO,SDS,"TEXTO_DO_LINK casou ""FDS""",https://www.adama.com/spain/es/media/2146/download?attachment,https://www.adama.com/spain/es/nuestras-soluciones/control-de-enfermedades/nimrod-quattro,Nimrod Quattro.pdf,NÃO SEI,200,DOWNLOADED,application/pdf,117493,14a1f4c4645fcebb9ec081c99a0609a140b73610bd8167affcd9fce5431a546b,raw/ES/adama-website/ADAMA-ES-1b7ee3705498/14a1f4c4645fcebb-Nimrod Quattro.pdf,2026-08-30T03:19:24Z,EXTENSAO_NO_TITLE
DOC-ES-a8b20613ea77,ADAMA-ES-1b7ee3705498,NIMROD QUATTRO,BROCHURE,"TEXTO_DO_LINK casou ""Folleto""",https://www.adama.com/spain/es/media/576/download?attachment,https://www.adama.com/spain/es/nuestras-soluciones/control-de-enfermedades/nimrod-quattro,NIMROD-QUATTRO_tcm107-65583.pdf,NÃO SEI,200,DOWNLOADED,application/pdf,4943578,b014b53fbab1f159ca8bcf78d1fe816eba8be3b344219e29736a0d483ecf7747,raw/ES/adama-website/ADAMA-ES-1b7ee3705498/b014b53fbab1f159-NIMROD-QUATTRO_tcm107-65583.pdf,2026-08-30T03:19:24Z,EXTENSAO_NO_TITLE
DOC-ES-3c7c25636a2a,ADAMA-ES-1b7ee3705498,NIMROD QUATTRO,BROCHURE,"TEXTO_DO_LINK casou ""Folleto""",https://www.adama.com/spain/es/media/581/download?attachment,https://www.adama.com/spain/es/nuestras-soluciones/control-de-enfermedades/nimrod-quattro,UTF-8''NIMROD%20QUATTRO%20VI%C3%91A.PDF.pdf,NÃO SEI,200,DOWNLOADED,application/pdf,3821890,6f9001669815a9f3549bd650eac92afefe453c7d014472a20cc06a3974fe3605,raw/ES/adama-website/ADAMA-ES-1b7ee3705498/6f9001669815a9f3-UTF-8''NIMROD%20QUATTRO%20VI%C3%91A.PDF.pdf,2026-08-30T03:19:24Z,EXTENSAO_NO_TITLE
DOC-ES-c0528b1cb95f,ADAMA-ES-4832f198116a,ORDAGO CAPS,ADAMA_COMMERCIAL_LABEL,"TEXTO_DO_LINK casou ""Etiqueta""",https://www.adama.com/spain/es/media/1836/download?attachment,https://www.adama.com/spain/es/nuestras-soluciones/control-de-malas-hierbas/ordago-caps,L30039_05_ORDAGO CAPS (5) SPECIMEN.pdf,NÃO SEI,200,DOWNLOADED,application/pdf,344658,382ef5e6b5d6c187ba98af1b34f05f93a48c867268a80f54a145815eb8dbf432,raw/ES/adama-website/ADAMA-ES-4832f198116a/382ef5e6b5d6c187-L30039_05_ORDAGO CAPS (5) SPECIMEN.pdf,2026-08-30T03:19:24Z,EXTENSAO_NO_TITLE
DOC-ES-08fd21f2ac46,ADAMA-ES-4832f198116a,ORDAGO CAPS,SDS,"TEXTO_DO_LINK casou ""FDS""",https://www.adama.com/spain/es/media/2156/download?attachment,https://www.adama.com/spain/es/nuestras-soluciones/control-de-malas-hierbas/ordago-caps,ORDAGO CAPS.pdf,NÃO SEI,200,DOWNLOADED,application/pdf,126452,1757f1469e87e323b42a7b1462c52033f2d2a863e6f0258bc8b3a8c56c6545ba,raw/ES/adama-website/ADAMA-ES-4832f198116a/1757f1469e87e323-ORDAGO CAPS.pdf,2026-08-30T03:19:24Z,EXTENSAO_NO_TITLE
DOC-ES-84c17e854b7e,ADAMA-ES-4832f198116a,ORDAGO CAPS,OTHER_TECHNICAL_DOCUMENT,nenhum padrao de tipo casou — nao classificado por chute,https://www.adama.com/spain/es/media/3746/download?attachment,https://www.adama.com/spain/es/nuestras-soluciones/control-de-malas-hierbas/ordago-caps,Díptico Ordago_BAJA RESOLUCION_4 Ago.pdf,NÃO SEI,200,DOWNLOADED,application/pdf,707250,0bc15677c0c541e6da212eae5f6d404797467bb61ac9881eb3d520690019b829,raw/ES/adama-website/ADAMA-ES-4832f198116a/0bc15677c0c541e6-Díptico Ordago_BAJA RESOLUCION_4 Ago.pdf,2026-08-30T03:19:24Z,EXTENSAO_NO_TITLE
DOC-ES-2cc4edcc8260,ADAMA-ES-4d927e363cf7,ORDAGO SC,ADAMA_COMMERCIAL_LABEL,"TEXTO_DO_LINK casou ""Etiqueta""",https://www.adama.com/spain/es/media/2536/download?attachment,https://www.adama.com/spain/es/nuestras-soluciones/control-de-malas-hierbas/ordago-sc,L30052_5_ORDAGO SC (5)SPECIMEN.pdf,NÃO SEI,200,DOWNLOADED,application/pdf,484606,c116fba4fbd50f07a023db578901a4f64f62dfc4ef3e3a0ee3f97ddfc0267f00,raw/ES/adama-website/ADAMA-ES-4d927e363cf7/c116fba4fbd50f07-L30052_5_ORDAGO SC (5)SPECIMEN.pdf,2026-08-30T03:19:24Z,EXTENSAO_NO_TITLE
DOC-ES-519281e4717f,ADAMA-ES-4d927e363cf7,ORDAGO SC,SDS,"TEXTO_DO_LINK casou ""FDS""",https://www.adama.com/spain/es/media/2541/download?attachment,https://www.adama.com/spain/es/nuestras-soluciones/control-de-malas-hierbas/ordago-sc,ORDAGO SC.pdf,NÃO SEI,200,DOWNLOADED,application/pdf,126669,992cf4cb0617a5d826bbd0ddcfb0ce46f6b9cc2b8c98886476114c1944e9ed00,raw/ES/adama-website/ADAMA-ES-4d927e363cf7/992cf4cb0617a5d8-ORDAGO SC.pdf,2026-08-30T03:19:24Z,EXTENSAO_NO_TITLE
DOC-ES-bee519beb81e,ADAMA-ES-c0b347a365a4,ORISOS,ADAMA_COMMERCIAL_LABEL,"TEXTO_DO_LINK casou ""Etiqueta""",https://www.adama.com/spain/es/media/546/download?attachment,https://www.adama.com/spain/es/nuestras-soluciones/control-de-enfermedades/orisos,L30089_02_ORISOS (1) COMPLETA_SPECIMEN.pdf,NÃO SEI,200,DOWNLOADED,application/pdf,684118,46f10496226e2f43c168b3ce16593d5660e9a54db68de78e5a612ee4da303866,raw/ES/adama-website/ADAMA-ES-c0b347a365a4/46f10496226e2f43-L30089_02_ORISOS (1) COMPLETA_SPECIMEN.pdf,2026-08-30T03:19:24Z,EXTENSAO_NO_TITLE
DOC-ES-b50175999daa,ADAMA-ES-c0b347a365a4,ORISOS,SDS,"TEXTO_DO_LINK casou ""FDS""",https://www.adama.com/spain/es/media/2171/download?attachment,https://www.adama.com/spain/es/nuestras-soluciones/control-de-enfermedades/orisos,ORISOS.pdf,NÃO SEI,200,DOWNLOADED,application/pdf,345107,53a6947b247def7c10dbf5848659e46e4f9b6e99e20b6028f47946a9fe95086d,raw/ES/adama-website/ADAMA-ES-c0b347a365a4/53a6947b247def7c-ORISOS.pdf,2026-08-30T03:19:24Z,EXTENSAO_NO_TITLE
DOC-ES-117b01feffcb,ADAMA-ES-c0b347a365a4,ORISOS,REGISTRATION_SHEET,"URL casou ""registro""",https://www.mapa.gob.es/agricultura/pags/fitos/registro/productos/pdf/16633.pdf,https://www.adama.com/spain/es/nuestras-soluciones/control-de-enfermedades/orisos,16633.pdf,NÃO SEI,404,FAILED,NOT_COLLECTED,NOT_COLLECTED,NOT_COLLECTED,NAO_ENVIADO,2026-08-30T03:19:24Z,EXTENSAO_NA_URL
DOC-ES-5ebbc3762f2c,ADAMA-ES-ce1c05fe4864,POSTSCRIPT 80,ADAMA_COMMERCIAL_LABEL,"TEXTO_DO_LINK casou ""Etiqueta""",https://www.adama.com/spain/es/media/3356/download?attachment,https://www.adama.com/spain/es/nuestras-soluciones/control-de-malas-hierbas/postscript-80,L12199_02_POSTCRIPT 80_COMPL_SPECIMEN.pdf,NÃO SEI,200,DOWNLOADED,application/pdf,745928,809e00d2aa3c0c186f22d94615e69aa69b24515e4e7fb92c5c0dd860f1f6bd31,raw/ES/adama-website/ADAMA-ES-ce1c05fe4864/809e00d2aa3c0c18-L12199_02_POSTCRIPT 80_COMPL_SPECIMEN.pdf,2026-08-30T03:19:24Z,EXTENSAO_NO_TITLE
DOC-ES-73e0a2d7e905,ADAMA-ES-ce1c05fe4864,POSTSCRIPT 80,SDS,"TEXTO_DO_LINK casou ""FDS""",https://www.adama.com/spain/es/media/3361/download?attachment,https://www.adama.com/spain/es/nuestras-soluciones/control-de-malas-hierbas/postscript-80,POSTSCRIPT 80.pdf,NÃO SEI,200,DOWNLOADED,application/pdf,128071,dc5cd2c28e31424b2fd1fbd92e9d1b79ce9a8c7ab681156a224673d2fda28831,raw/ES/adama-website/ADAMA-ES-ce1c05fe4864/dc5cd2c28e31424b-POSTSCRIPT 80.pdf,2026-08-30T03:19:24Z,EXTENSAO_NO_TITLE
DOC-ES-9c26a2a35314,ADAMA-ES-67af91e0a672,ROMIN,ADAMA_COMMERCIAL_LABEL,"TEXTO_DO_LINK casou ""Etiqueta""",https://www.adama.com/spain/es/media/3561/download?attachment,https://www.adama.com/spain/es/nuestras-soluciones/control-de-malas-hierbas/romin,L30126IPFR-IPBB_01-OCFR_03-Romin(5-4x5).pdf,NÃO SEI,200,DOWNLOADED,application/pdf,5788545,6c1286ae44675015c7e03c7cd66b911cbbeb8270f394c25e08f23bd8a52f83a5,raw/ES/adama-website/ADAMA-ES-67af91e0a672/6c1286ae44675015-L30126IPFR-IPBB_01-OCFR_03-Romin(5-4x5).pdf,2026-08-30T03:19:24Z,EXTENSAO_NO_TITLE
DOC-ES-c10299e59292,ADAMA-ES-67af91e0a672,ROMIN,SDS,"TEXTO_DO_LINK casou ""FDS""",https://www.adama.com/spain/es/media/3566/download?attachment,https://www.adama.com/spain/es/nuestras-soluciones/control-de-malas-hierbas/romin,ROMIN.pdf,NÃO SEI,200,DOWNLOADED,application/pdf,389779,45811d36065213163855ee6b9767e72ef62e32c21f6b82d07b08577793fe88c1,raw/ES/adama-website/ADAMA-ES-67af91e0a672/45811d3606521316-ROMIN.pdf,2026-08-30T03:19:24Z,EXTENSAO_NO_TITLE
DOC-ES-85f408c29cea,ADAMA-ES-2ccd431ff4fc,SONAVIO,SDS,"TEXTO_DO_LINK casou ""FDS""",https://www.adama.com/spain/es/media/3886/download?attachment,https://www.adama.com/spain/es/nuestras-soluciones/control-de-malas-hierbas/sonavio,SONAVIO.pdf,NÃO SEI,200,DOWNLOADED,application/pdf,108973,8cc993ac23edf01270603308b2e48846cd5ce3493da12c01e7fc722a8473b001,raw/ES/adama-website/ADAMA-ES-2ccd431ff4fc/8cc993ac23edf012-SONAVIO.pdf,2026-08-30T03:19:24Z,EXTENSAO_NO_TITLE
DOC-ES-6de6778e1785,ADAMA-ES-2ccd431ff4fc,SONAVIO,ADAMA_COMMERCIAL_LABEL,"TEXTO_DO_LINK casou ""Etiqueta""",https://www.adama.com/spain/es/media/3891/download?attachment,https://www.adama.com/spain/es/nuestras-soluciones/control-de-malas-hierbas/sonavio,L12535_02_SONAVIO (5)_SPECIMEN.pdf,NÃO SEI,200,DOWNLOADED,application/pdf,710975,b0942b24d9333a7f2ee4ecdc82afbb896cd959f72cd5a0c066838e44c0f0523b,raw/ES/adama-website/ADAMA-ES-2ccd431ff4fc/b0942b24d9333a7f-L12535_02_SONAVIO (5)_SPECIMEN.pdf,2026-08-30T03:19:24Z,EXTENSAO_NO_TITLE
DOC-ES-fb2945d332d0,ADAMA-ES-2ccd431ff4fc,SONAVIO,BROCHURE,"TEXTO_DO_LINK casou ""Díptico""",https://www.adama.com/spain/es/media/4951/download?attachment,https://www.adama.com/spain/es/nuestras-soluciones/control-de-malas-hierbas/sonavio,SONAVIO Folleto General Díptico_HR.pdf,NÃO SEI,200,DOWNLOADED,application/pdf,4901796,cfbf73b5a0ae30146b6ad5a34d3f1d863affeb1275624793f83f81cef89bcbd0,raw/ES/adama-website/ADAMA-ES-2ccd431ff4fc/cfbf73b5a0ae3014-SONAVIO Folleto General Díptico_HR.pdf,2026-08-30T03:19:24Z,EXTENSAO_NO_TITLE
DOC-ES-13cc6d7d9a07,ADAMA-ES-2ccd431ff4fc,SONAVIO,OTHER_TECHNICAL_DOCUMENT,nenhum padrao de tipo casou — nao classificado por chute,https://www.adama.com/spain/es/media/4331/download?attachment,https://www.adama.com/spain/es/nuestras-soluciones/control-de-malas-hierbas/sonavio,Díptico SONAVIO AJO 3 BR.pdf,NÃO SEI,200,DOWNLOADED,application/pdf,754476,4be6556fb0ce377b6d836ce584142143cdabc8b3b225c2d804552b20daee68d2,raw/ES/adama-website/ADAMA-ES-2ccd431ff4fc/4be6556fb0ce377b-Díptico SONAVIO AJO 3 BR.pdf,2026-08-30T03:19:24Z,EXTENSAO_NO_TITLE
DOC-ES-d57ad7fbb7d6,ADAMA-ES-c0065da72d0e,SPYRALE,ADAMA_COMMERCIAL_LABEL,"TEXTO_DO_LINK casou ""Etiqueta""",https://www.adama.com/spain/es/media/2551/download?attachment,https://www.adama.com/spain/es/nuestras-soluciones/control-de-enfermedades/spyrale,SPYRALE (1) (SPECIMEN).pdf,NÃO SEI,200,DOWNLOADED,application/pdf,615702,13bfe99b6cc6f2b538a4320f36608dbf3ae04e2b3e494e965be6a7a65c2f1e88,raw/ES/adama-website/ADAMA-ES-c0065da72d0e/13bfe99b6cc6f2b5-SPYRALE (1) (SPECIMEN).pdf,2026-08-30T03:19:24Z,EXTENSAO_NO_TITLE
DOC-ES-bc58034f6c52,ADAMA-ES-c0065da72d0e,SPYRALE,SDS,"TEXTO_DO_LINK casou ""FDS""",https://www.adama.com/spain/es/media/2191/download?attachment,https://www.adama.com/spain/es/nuestras-soluciones/control-de-enfermedades/spyrale,SPYRALE.pdf,NÃO SEI,200,DOWNLOADED,application/pdf,136766,5334128fb6ebfb6a7dc5cd06cc8cc7b4cbbc0a618fe09eda8e45bff2445b5b2b,raw/ES/adama-website/ADAMA-ES-c0065da72d0e/5334128fb6ebfb6a-SPYRALE.pdf,2026-08-30T03:19:24Z,EXTENSAO_NO_TITLE
DOC-ES-d3cb7326e14f,ADAMA-ES-c0065da72d0e,SPYRALE,BROCHURE,"TEXTO_DO_LINK casou ""Folleto""",https://www.adama.com/spain/es/media/516/download?attachment,https://www.adama.com/spain/es/nuestras-soluciones/control-de-enfermedades/spyrale,Folleto web Spyrale.pdf,NÃO SEI,200,DOWNLOADED,application/pdf,289487,479e2250e7c2dea451731b946cc6d62d5e2c6854babec82af1b7f0b89bef9180,raw/ES/adama-website/ADAMA-ES-c0065da72d0e/479e2250e7c2dea4-Folleto web Spyrale.pdf,2026-08-30T03:19:24Z,EXTENSAO_NO_TITLE
DOC-ES-e096efe664d7,ADAMA-ES-6e2dfe6ef7f9,SULCOTREK,ADAMA_COMMERCIAL_LABEL,"TEXTO_DO_LINK casou ""Etiqueta""",https://www.adama.com/spain/es/media/1841/download?attachment,https://www.adama.com/spain/es/nuestras-soluciones/control-de-malas-hierbas/sulcotrek,SULCOTREK (5)_03 COMPLETA_ SPECIMEN.pdf,NÃO SEI,200,DOWNLOADED,application/pdf,744575,c46618696a09a1dd0de93b8aa9ceff960a4edbf6d003a1dc27bba9b074e2d04f,raw/ES/adama-website/ADAMA-ES-6e2dfe6ef7f9/c46618696a09a1dd-SULCOTREK (5)_03 COMPLETA_ SPECIMEN.pdf,2026-08-30T03:19:24Z,EXTENSAO_NO_TITLE
DOC-ES-32cbb6b39141,ADAMA-ES-6e2dfe6ef7f9,SULCOTREK,SDS,"TEXTO_DO_LINK casou ""FDS""",https://www.adama.com/spain/es/media/2196/download?attachment,https://www.adama.com/spain/es/nuestras-soluciones/control-de-malas-hierbas/sulcotrek,SULCOTREK.pdf,NÃO SEI,200,DOWNLOADED,application/pdf,130899,972f1e90e8e27b093da059bf8b6b929db82954fb88cc09dd75494e9fc66e6fec,raw/ES/adama-website/ADAMA-ES-6e2dfe6ef7f9/972f1e90e8e27b09-SULCOTREK.pdf,2026-08-30T03:19:24Z,EXTENSAO_NO_TITLE
DOC-ES-f9dd02a60f3f,ADAMA-ES-32dd9ccc34a9,SULTAN N,ADAMA_COMMERCIAL_LABEL,"TEXTO_DO_LINK casou ""Etiqueta""",https://www.adama.com/spain/es/media/1691/download?attachment,https://www.adama.com/spain/es/nuestras-soluciones/control-de-malas-hierbas/sultan,SULTAN (5) (SPECIMEN).pdf,NÃO SEI,200,DOWNLOADED,application/pdf,500652,f77ea9fe5151a57d6f7e5c809997d9ac9b19c4fcae795a55ee7bf46daa104765,raw/ES/adama-website/ADAMA-ES-32dd9ccc34a9/f77ea9fe5151a57d-SULTAN (5) (SPECIMEN).pdf,2026-08-30T03:19:24Z,EXTENSAO_NO_TITLE
DOC-ES-7541b06d1348,ADAMA-ES-32dd9ccc34a9,SULTAN N,SDS,"TEXTO_DO_LINK casou ""FDS""",https://www.adama.com/spain/es/media/2201/download?attachment,https://www.adama.com/spain/es/nuestras-soluciones/control-de-malas-hierbas/sultan,SULTAN-N.pdf,NÃO SEI,200,DOWNLOADED,application/pdf,126747,5e3b2bdab2c7ecd00eacad7a13c5e134e40ffc58ba6794373b6026d35946b5f1,raw/ES/adama-website/ADAMA-ES-32dd9ccc34a9/5e3b2bdab2c7ecd0-SULTAN-N.pdf,2026-08-30T03:19:24Z,EXTENSAO_NO_TITLE
DOC-ES-4fa9f285b12c,ADAMA-ES-32dd9ccc34a9,SULTAN N,BROCHURE,"TEXTO_DO_LINK casou ""Folleto""",https://www.adama.com/spain/es/media/2986/download?attachment,https://www.adama.com/spain/es/nuestras-soluciones/control-de-malas-hierbas/sultan,Sultan N Colza Folleto.pdf,NÃO SEI,200,DOWNLOADED,application/pdf,220960,79572dfb21692dbd306c77472a6c1cd8e8a03e12c996a104e7aa4116460624c2,raw/ES/adama-website/ADAMA-ES-32dd9ccc34a9/79572dfb21692dbd-Sultan N Colza Folleto.pdf,2026-08-30T03:19:24Z,EXTENSAO_NO_TITLE
DOC-ES-0adc6197eab7,ADAMA-ES-9fcc5560e57b,SUNBRIGHT,ADAMA_COMMERCIAL_LABEL,"TEXTO_DO_LINK casou ""Etiqueta""",https://www.adama.com/spain/es/media/3286/download?attachment,https://www.adama.com/spain/es/nuestras-soluciones/control-de-malas-hierbas/sunbright,Sunbright Etiqueta.pdf,NÃO SEI,200,DOWNLOADED,application/pdf,787553,7e5264a0ef66e7e38630cb83fdc187424e007cf35b00fce58f8aa3d8db7ac85a,raw/ES/adama-website/ADAMA-ES-9fcc5560e57b/7e5264a0ef66e7e3-Sunbright Etiqueta.pdf,2026-08-30T03:19:24Z,EXTENSAO_NO_TITLE
DOC-ES-18aaa8678a4e,ADAMA-ES-9fcc5560e57b,SUNBRIGHT,SDS,"TEXTO_DO_LINK casou ""FDS""",https://www.adama.com/spain/es/media/3291/download?attachment,https://www.adama.com/spain/es/nuestras-soluciones/control-de-malas-hierbas/sunbright,Sunbright FDS.pdf,NÃO SEI,200,DOWNLOADED,application/pdf,114820,d9d906b8a86be217ba4769ddf29fd338d01cd77d2bc5820a463e05e5124a3d95,raw/ES/adama-website/ADAMA-ES-9fcc5560e57b/d9d906b8a86be217-Sunbright FDS.pdf,2026-08-30T03:19:24Z,EXTENSAO_NO_TITLE
DOC-ES-0efaa4329486,ADAMA-ES-9fcc5560e57b,SUNBRIGHT,BROCHURE,"TEXTO_DO_LINK casou ""Folleto""",https://www.adama.com/spain/es/media/3266/download?attachment,https://www.adama.com/spain/es/nuestras-soluciones/control-de-malas-hierbas/sunbright,Sunbright Folleto.pdf,NÃO SEI,200,DOWNLOADED,application/pdf,4703496,8566d71e17e7c1f5f7dbd780c4e22f74f56e5b46d75a1e9156c8ce4504ab2735,raw/ES/adama-website/ADAMA-ES-9fcc5560e57b/8566d71e17e7c1f5-Sunbright Folleto.pdf,2026-08-30T03:19:24Z,EXTENSAO_NO_TITLE
DOC-ES-6bc79541f435,ADAMA-ES-9fcc5560e57b,SUNBRIGHT,BROCHURE,"TEXTO_DO_LINK casou ""Tríptico""",https://www.adama.com/spain/es/media/3296/download?attachment,https://www.adama.com/spain/es/nuestras-soluciones/control-de-malas-hierbas/sunbright,Sunbright Tríptico.pdf,NÃO SEI,200,DOWNLOADED,application/pdf,4346724,ec8ac4c2744b3214603bdd2cf36aaf84828586110199cec9f0bbacbdab32a686,raw/ES/adama-website/ADAMA-ES-9fcc5560e57b/ec8ac4c2744b3214-Sunbright Tríptico.pdf,2026-08-30T03:19:24Z,EXTENSAO_NO_TITLE
DOC-ES-68f8df4cb7d9,ADAMA-ES-a094d5940532,TOPIK 24EC,ADAMA_COMMERCIAL_LABEL,"TEXTO_DO_LINK casou ""Etiqueta""",https://www.adama.com/spain/es/media/131/download?attachment,https://www.adama.com/spain/es/nuestras-soluciones/control-de-malas-hierbas/topik-24ec,L30080_06_TOPIK_COMPLETA (SPECIMEN).pdf,NÃO SEI,200,DOWNLOADED,application/pdf,477704,7b40c0828c2217d43b171f2e76aca128ebd481c4425684a9f8f89ff85a1d88a9,raw/ES/adama-website/ADAMA-ES-a094d5940532/7b40c0828c2217d4-L30080_06_TOPIK_COMPLETA (SPECIMEN).pdf,2026-08-30T03:19:24Z,EXTENSAO_NO_TITLE
DOC-ES-5754532decb4,ADAMA-ES-a094d5940532,TOPIK 24EC,SDS,"TEXTO_DO_LINK casou ""FDS""",https://www.adama.com/spain/es/media/2211/download?attachment,https://www.adama.com/spain/es/nuestras-soluciones/control-de-malas-hierbas/topik-24ec,TOPIK 24 EC.pdf,NÃO SEI,200,DOWNLOADED,application/pdf,119034,eb1016173b9ac94f0abb9d3ec044b90ac9dd185e41b7aadbebc8cbfe934e21c1,raw/ES/adama-website/ADAMA-ES-a094d5940532/eb1016173b9ac94f-TOPIK 24 EC.pdf,2026-08-30T03:19:24Z,EXTENSAO_NO_TITLE
DOC-ES-9dc043d3912c,ADAMA-ES-a094d5940532,TOPIK 24EC,BROCHURE,"TEXTO_DO_LINK casou ""Folleto""",https://www.adama.com/spain/es/media/2981/download?attachment,https://www.adama.com/spain/es/nuestras-soluciones/control-de-malas-hierbas/topik-24ec,TOPIC Folleto Diptico.pdf,NÃO SEI,200,DOWNLOADED,application/pdf,1174286,6fdd6e7468b9c8e865172565d4949ff2a85f5d9c44ad5ed59ebe2b9d8e9bdc41,raw/ES/adama-website/ADAMA-ES-a094d5940532/6fdd6e7468b9c8e8-TOPIC Folleto Diptico.pdf,2026-08-30T03:19:24Z,EXTENSAO_NO_TITLE
DOC-ES-80643a05fe41,ADAMA-ES-94a39873b3a0,TRICUPROXI F,ADAMA_COMMERCIAL_LABEL,"TEXTO_DO_LINK casou ""Etiqueta""",https://www.adama.com/spain/es/media/1656/download?attachment,https://www.adama.com/spain/es/nuestras-soluciones/control-de-enfermedades/tricuproxi-f,L30247IPWP_03-TricuproxiF(Saco5)W.pdf,NÃO SEI,200,DOWNLOADED,application/pdf,720037,08520e8497d1084409d20efb47b14f3fbc2371e4924ce22aedc7c08250fa4853,raw/ES/adama-website/ADAMA-ES-94a39873b3a0/08520e8497d10844-L30247IPWP_03-TricuproxiF(Saco5)W.pdf,2026-08-30T03:19:24Z,EXTENSAO_NO_TITLE
DOC-ES-3a18920c7e1e,ADAMA-ES-94a39873b3a0,TRICUPROXI F,SDS,"TEXTO_DO_LINK casou ""FDS""",https://www.adama.com/spain/es/media/1661/download?attachment,https://www.adama.com/spain/es/nuestras-soluciones/control-de-enfermedades/tricuproxi-f,TRICUPROXI-F.pdf,NÃO SEI,200,DOWNLOADED,application/pdf,315482,9108addd1f3b51cf8203e01b7a9141924d3519868071c0cf9b14975f73439b4a,raw/ES/adama-website/ADAMA-ES-94a39873b3a0/9108addd1f3b51cf-TRICUPROXI-F.pdf,2026-08-30T03:19:24Z,EXTENSAO_NO_TITLE
DOC-ES-5f0bf4aedd63,ADAMA-ES-94a39873b3a0,TRICUPROXI F,BROCHURE,"TEXTO_DO_LINK casou ""Folleto""",https://www.adama.com/spain/es/media/3081/download?attachment,https://www.adama.com/spain/es/nuestras-soluciones/control-de-enfermedades/tricuproxi-f,Tricuproxi F Olivar folleto.pdf,NÃO SEI,200,DOWNLOADED,application/pdf,15538421,f67495600f477b1d9549062b3592e850d2116c123f7c2bc1c5a3e3875760135c,raw/ES/adama-website/ADAMA-ES-94a39873b3a0/f67495600f477b1d-Tricuproxi F Olivar folleto.pdf,2026-08-30T03:19:24Z,EXTENSAO_NO_TITLE
DOC-ES-3f1876968e0d,ADAMA-ES-e4f9469cc127,TRIMMER SX,ADAMA_COMMERCIAL_LABEL,"TEXTO_DO_LINK casou ""Etiqueta""",https://www.adama.com/spain/es/media/1746/download?attachment,https://www.adama.com/spain/es/nuestras-soluciones/control-de-malas-hierbas/trimmer-sx,Trimmer Etiqueta.pdf,NÃO SEI,200,DOWNLOADED,application/pdf,565556,c6dcb41709d639fcbfd923ee20ce5eb09bb8ee1b17ff5ec7ee4c558dc353f8c3,raw/ES/adama-website/ADAMA-ES-e4f9469cc127/c6dcb41709d639fc-Trimmer Etiqueta.pdf,2026-08-30T03:19:24Z,EXTENSAO_NO_TITLE
DOC-ES-8d0480483c2c,ADAMA-ES-e4f9469cc127,TRIMMER SX,SDS,"TEXTO_DO_LINK casou ""FDS""",https://www.adama.com/spain/es/media/2216/download?attachment,https://www.adama.com/spain/es/nuestras-soluciones/control-de-malas-hierbas/trimmer-sx,TRIMMER SX.pdf,NÃO SEI,200,DOWNLOADED,application/pdf,128206,8a9463c59042c558d97529d4d23e9c6944f9bcf5932cf78a1244386e4403288f,raw/ES/adama-website/ADAMA-ES-e4f9469cc127/8a9463c59042c558-TRIMMER SX.pdf,2026-08-30T03:19:24Z,EXTENSAO_NO_TITLE
DOC-ES-66c40d69aec3,ADAMA-ES-648d96466b03,TRINITY,ADAMA_COMMERCIAL_LABEL,"TEXTO_DO_LINK casou ""Etiqueta""",https://www.adama.com/spain/es/media/1861/download?attachment,https://www.adama.com/spain/es/nuestras-soluciones/control-de-malas-hierbas/trinity,L30044_04 TRINITY_COMP_ SPECIMEN.pdf,NÃO SEI,200,DOWNLOADED,application/pdf,283783,883e0d173f5d3d28afdb8fae40f8ff2ad0630f2b68a24d9bd7b1f3ebf99548a8,raw/ES/adama-website/ADAMA-ES-648d96466b03/883e0d173f5d3d28-L30044_04 TRINITY_COMP_ SPECIMEN.pdf,2026-08-30T03:19:24Z,EXTENSAO_NO_TITLE
DOC-ES-ccbd77f9107d,ADAMA-ES-648d96466b03,TRINITY,SDS,"TEXTO_DO_LINK casou ""FDS""",https://www.adama.com/spain/es/media/2221/download?attachment,https://www.adama.com/spain/es/nuestras-soluciones/control-de-malas-hierbas/trinity,TRINITY.pdf,NÃO SEI,200,DOWNLOADED,application/pdf,126251,0192280ac857a1e572e5dd7616ae3557ebbf2579ea0109c38562d6cd713a0ccb,raw/ES/adama-website/ADAMA-ES-648d96466b03/0192280ac857a1e5-TRINITY.pdf,2026-08-30T03:19:24Z,EXTENSAO_NO_TITLE
DOC-ES-ceb476f125f8,ADAMA-ES-648d96466b03,TRINITY,BROCHURE,"TEXTO_DO_LINK casou ""Folleto""",https://www.adama.com/spain/es/media/161/download?attachment,https://www.adama.com/spain/es/nuestras-soluciones/control-de-malas-hierbas/trinity,Folleto Trinity_2018.pdf,NÃO SEI,200,DOWNLOADED,application/pdf,634148,ecaf805dfb3c48e4ac4b1a56c84c2ffb47921975079c0b014975ceb212660770,raw/ES/adama-website/ADAMA-ES-648d96466b03/ecaf805dfb3c48e4-Folleto Trinity_2018.pdf,2026-08-30T03:19:24Z,EXTENSAO_NO_TITLE
DOC-ES-dda11e755b67,ADAMA-ES-7e08f308a5f7,VINERGY,ADAMA_COMMERCIAL_LABEL,"TEXTO_DO_LINK casou ""Etiqueta""",https://www.adama.com/spain/es/media/3516/download?attachment,https://www.adama.com/spain/es/nuestras-soluciones/control-de-enfermedades/vinergy,L30117_04-VINERGY (5) SPECIMEN.pdf,NÃO SEI,200,DOWNLOADED,application/pdf,1085900,022692db605fbeef94b7a487661db1d79014ab597db5e1bb8a894c8e35c95213,raw/ES/adama-website/ADAMA-ES-7e08f308a5f7/022692db605fbeef-L30117_04-VINERGY (5) SPECIMEN.pdf,2026-08-30T03:19:24Z,EXTENSAO_NO_TITLE
DOC-ES-d9378333dd4d,ADAMA-ES-7e08f308a5f7,VINERGY,SDS,"TEXTO_DO_LINK casou ""FDS""",https://www.adama.com/spain/es/media/3531/download?attachment,https://www.adama.com/spain/es/nuestras-soluciones/control-de-enfermedades/vinergy,VINERGY FDS.pdf,NÃO SEI,200,DOWNLOADED,application/pdf,123804,f2036ab86fe9551d842b021450cebcbd58e0b5200e896d813bcc4db1e10c73a2,raw/ES/adama-website/ADAMA-ES-7e08f308a5f7/f2036ab86fe9551d-VINERGY FDS.pdf,2026-08-30T03:19:24Z,EXTENSAO_NO_TITLE
DOC-ES-6db2c4a0d4b8,ADAMA-ES-7e08f308a5f7,VINERGY,BROCHURE,"TEXTO_DO_LINK casou ""Tríptico""",https://www.adama.com/spain/es/media/3521/download?attachment,https://www.adama.com/spain/es/nuestras-soluciones/control-de-enfermedades/vinergy,VINERGY Tríptico BR por páginas.pdf,NÃO SEI,200,DOWNLOADED,application/pdf,1680181,3b1f8916aacf50ab58920d50a32e2b4e0f1a44035ac5bb52f0279c2eb4f3c602,raw/ES/adama-website/ADAMA-ES-7e08f308a5f7/3b1f8916aacf50ab-VINERGY Tríptico BR por páginas.pdf,2026-08-30T03:19:24Z,EXTENSAO_NO_TITLE
