ORDEM,NOME,TIPO,OWNER,URL_CANONICAL,TERRITORIES,REGION,QUALIFICATION_SCORE,AUTOMATION_SCORE,WHY_FIRST,EXPECTED_VALUE
1,Emilia-Romagna — Servizio Fitosanitario,BASE_OFICIAL,Regione Emilia-Romagna,https://agricoltura.regione.emilia-romagna.it/fitosanitario,T3;T4,EMILIA-ROMAGNA,100.0,5,"servico fitossanitario / defesa vegetal · e' o dono do dado, nao um intermediario · rota tecnica previsivel (sinais de rota estruturada na pagina: OPENDATA) · dono com um unico canal nesta base: nao repete ninguem · endereco CANONICAL","dono do dado, nao intermediario, sinal agricola denso, rota tecnica previsivel · cobre T3, T4"
2,Servizio Fitosanitario Nazionale — Protezione delle Piante,BASE_OFICIAL,MASAF — Servizio Fitosanitario Centrale,https://www.protezionedellepiante.it/,T3;T4,NAZIONALE,100.0,5,"servico fitossanitario / defesa vegetal · e' o dono do dado, nao um intermediario · publica com frequencia alta (data visivel de 2026-09-14 (0d) — publicacao muito recente) · rota tecnica previsivel (sinais de rota estruturada na pagina: API) · dono com um unico canal nesta base: nao repete ninguem · endereco CANONICAL","dono do dado, nao intermediario, sinal agricola denso, publica com frequencia alta, rota tecnica previsivel, feed declarado · cobre T3, T4"
3,Toscana — Servizio Fitosanitario Regionale,BASE_OFICIAL,Regione Toscana,https://www.regione.toscana.it/,T3;T4,TOSCANA,100.0,5,"servico fitossanitario / defesa vegetal · e' o dono do dado, nao um intermediario · publica com frequencia alta (data visivel de 2026-09-14 (0d) — publicacao muito recente) · rota tecnica previsivel (sinais de rota estruturada na pagina: API, OPENDATA) · canal institucional do dono (o grupo tem 3 canais) — e' onde vive o sinal tecnico · endereco CANONICAL","dono do dado, nao intermediario, sinal agricola denso, publica com frequencia alta, rota tecnica previsivel · cobre T3, T4"
4,Veneto — Servizio Fitosanitario Regionale,BASE_OFICIAL,Regione Veneto,https://www.regione.veneto.it/web/agricoltura-e-foreste,T3;T4,VENETO,100.0,5,"servico fitossanitario / defesa vegetal · e' o dono do dado, nao um intermediario · publica com frequencia alta (data visivel de 2026-09-07 (7d) — publicacao muito recente) · rota tecnica previsivel (sinais de rota estruturada na pagina: API) · canal institucional do dono (o grupo tem 2 canais) — e' onde vive o sinal tecnico · endereco CANONICAL","dono do dado, nao intermediario, sinal agricola denso, publica com frequencia alta, rota tecnica previsivel · cobre T3, T4"
5,ARPA Campania,BASE_OFICIAL,ARPAC,https://www.arpacampania.it/,T2;T12,CAMPANIA,97.0,5,"agrometeorologia / clima / ambiente regional · e' o dono do dado, nao um intermediario · publica com frequencia alta (data visivel de 2026-09-08 (6d) — publicacao muito recente) · rota tecnica previsivel (sinais de rota estruturada na pagina: OPENDATA) · dono com um unico canal nesta base: nao repete ninguem · endereco CANONICAL","dono do dado, nao intermediario, sinal agricola denso, publica com frequencia alta, rota tecnica previsivel · cobre T2, T12"
6,ARPA Sicilia,BASE_OFICIAL,ARPA Sicilia,https://www.arpa.sicilia.it/,T2;T12,SICILIA,97.0,5,"agrometeorologia / clima / ambiente regional · e' o dono do dado, nao um intermediario · publica com frequencia alta (data visivel de 2026-09-14 (0d) — publicacao muito recente) · rota tecnica previsivel (sinais de rota estruturada na pagina: API) · dono com um unico canal nesta base: nao repete ninguem · endereco CANONICAL","dono do dado, nao intermediario, sinal agricola denso, publica com frequencia alta, rota tecnica previsivel · cobre T2, T12"
7,ARPAT Toscana,BASE_OFICIAL,ARPAT,https://www.arpat.toscana.it/,T2;T12,TOSCANA,97.0,5,"agrometeorologia / clima / ambiente regional · e' o dono do dado, nao um intermediario · publica com frequencia alta (data visivel de 2026-08-22 (23d) — publicacao muito recente) · rota tecnica previsivel (sinais de rota estruturada na pagina: API) · canal institucional do dono (o grupo tem 2 canais) — e' onde vive o sinal tecnico · endereco CANONICAL","dono do dado, nao intermediario, sinal agricola denso, publica com frequencia alta, rota tecnica previsivel · cobre T2, T12"
8,ISPRA — Istituto Superiore per la Protezione e la Ricerca Ambientale,BASE_OFICIAL,ISPRA,https://www.isprambiente.gov.it/it,T2;T12,NAZIONALE,97.0,5,"instituto nacional de investigacao · e' o dono do dado, nao um intermediario · publica com frequencia alta (data visivel de 2026-09-11 (3d) — publicacao muito recente) · rota tecnica previsivel (sinais de rota estruturada na pagina: OPENDATA) · canal institucional do dono (o grupo tem 3 canais) — e' onde vive o sinal tecnico · endereco CANONICAL","dono do dado, nao intermediario, sinal agricola denso, publica com frequencia alta, rota tecnica previsivel · cobre T2, T12"
9,Provincia autonoma di Trento — Agricoltura,BASE_OFICIAL,Provincia autonoma di Trento,https://www.provincia.tn.it/,T1;T4,TRENTINO-ALTO ADIGE,97.0,5,"agencia regional agricola · e' o dono do dado, nao um intermediario · publica com frequencia alta (data visivel de 2026-09-12 (2d) — publicacao muito recente) · rota tecnica previsivel (sinais de rota estruturada na pagina: API, OPENDATA) · canal institucional do dono (o grupo tem 6 canais) — e' onde vive o sinal tecnico · endereco CANONICAL","dono do dado, nao intermediario, sinal agricola denso, publica com frequencia alta, rota tecnica previsivel · cobre T1, T4"
10,Regione Toscana — Agricoltura,BASE_OFICIAL,Regione Toscana,https://www.regione.toscana.it/agricoltura-e-alimentazione,T1;T4;T12,TOSCANA,97.0,5,"orgao agricola regional / politica agricola · e' o dono do dado, nao um intermediario · publica com frequencia alta (data visivel de 2026-09-12 (2d) — publicacao muito recente) · rota tecnica previsivel (sinais de rota estruturada na pagina: API) · canal institucional do dono (o grupo tem 3 canais) — e' onde vive o sinal tecnico · endereco CANONICAL","dono do dado, nao intermediario, sinal agricola denso, publica com frequencia alta, rota tecnica previsivel · cobre T1, T4, T12"
11,APPA Trento — Agenzia provinciale protezione ambiente,BASE_OFICIAL,Provincia autonoma di Trento,https://appa.provincia.tn.it/,T2;T12,TRENTINO-ALTO ADIGE,96.7,5,"agrometeorologia / clima / ambiente regional · e' o dono do dado, nao um intermediario · rota tecnica previsivel (sinais de rota estruturada na pagina: API, OPENDATA) · canal institucional do dono (o grupo tem 6 canais) — e' onde vive o sinal tecnico · endereco CANONICAL","dono do dado, nao intermediario, sinal agricola denso, rota tecnica previsivel · cobre T2, T12"
12,ARPA Lombardia,BASE_OFICIAL,ARPA Lombardia,https://www.arpalombardia.it/,T2;T12,LOMBARDIA,96.7,5,"agrometeorologia / clima / ambiente regional · e' o dono do dado, nao um intermediario · rota tecnica previsivel (sinais de rota estruturada na pagina: API) · canal institucional do dono (o grupo tem 4 canais) — e' onde vive o sinal tecnico · endereco CANONICAL","dono do dado, nao intermediario, sinal agricola denso, rota tecnica previsivel · cobre T2, T12"
13,Liguria — Regione Liguria agricoltura,BASE_OFICIAL,Regione Liguria,https://www.regione.liguria.it/homepage-agricoltura.html,T1;T4,LIGURIA,96.7,5,"orgao agricola regional / politica agricola · e' o dono do dado, nao um intermediario · rota tecnica previsivel (sinais de rota estruturada na pagina: OPENDATA) · canal institucional do dono (o grupo tem 3 canais) — e' onde vive o sinal tecnico · endereco CANONICAL","dono do dado, nao intermediario, sinal agricola denso, rota tecnica previsivel · cobre T1, T4"
14,Umbria — Agricoltura e foreste,BASE_OFICIAL,Regione Umbria,https://www.regione.umbria.it/home,T1;T4,UMBRIA,96.7,5,"orgao agricola regional / politica agricola · e' o dono do dado, nao um intermediario · rota tecnica previsivel (sinais de rota estruturada na pagina: OPENDATA) · canal institucional do dono (o grupo tem 2 canais) — e' onde vive o sinal tecnico · endereco CANONICAL","dono do dado, nao intermediario, sinal agricola denso, rota tecnica previsivel · cobre T1, T4"
15,AGRIS Sardegna — Agenzia per la ricerca in agricoltura,BASE_OFICIAL,Regione Sardegna — AGRIS,http://www.sardegnaagricoltura.it/index.php?xsl=443&amp;v=2&amp;s=,T5;T1,SARDEGNA,95.0,4,"agencia regional agricola · e' o dono do dado, nao um intermediario · publica com frequencia alta (data visivel de 2026-09-14 (0d) — publicacao muito recente) · rota tecnica previsivel (declara feed RSS/Atom no cabecalho) · dono com um unico canal nesta base: nao repete ninguem · endereco CANONICAL","dono do dado, nao intermediario, sinal agricola denso, publica com frequencia alta, rota tecnica previsivel, feed declarado · cobre T5, T1"
16,ARPA Friuli Venezia Giulia — OSMER,BASE_OFICIAL,ARPA FVG,https://www.arpa.fvg.it/,T2,FRIULI-VENEZIA GIULIA,95.0,5,"agrometeorologia / clima / ambiente regional · e' o dono do dado, nao um intermediario · publica com frequencia alta (data visivel de 2026-08-19 (26d) — publicacao muito recente) · rota tecnica previsivel (sinais de rota estruturada na pagina: OPENDATA) · dono com um unico canal nesta base: nao repete ninguem · endereco CANONICAL","dono do dado, nao intermediario, sinal agricola denso, publica com frequencia alta, rota tecnica previsivel · cobre T2"
17,ARPA Lazio,BASE_OFICIAL,ARPA Lazio,https://www.arpalazio.it/,T2;T12,LAZIO,95.0,5,"agrometeorologia / clima / ambiente regional · e' o dono do dado, nao um intermediario · publica com frequencia alta (data visivel de 2026-09-10 (4d) — publicacao muito recente) · rota tecnica previsivel (sinais de rota estruturada na pagina: OPENDATA) · canal institucional do dono (o grupo tem 4 canais) — e' onde vive o sinal tecnico · endereco CANONICAL","dono do dado, nao intermediario, sinal agricola denso, publica com frequencia alta, rota tecnica previsivel · cobre T2, T12"
18,ARSAC Calabria — Azienda Regionale per lo Sviluppo dell'Agricoltura Calabrese,BASE_OFICIAL,Regione Calabria,https://www.arsac.calabria.it/,T1;T7;T3,CALABRIA,95.0,4,"agencia regional agricola · e' o dono do dado, nao um intermediario · publica com frequencia alta (data visivel de 2026-09-14 (0d) — publicacao muito recente) · rota tecnica previsivel (declara feed RSS/Atom no cabecalho) · canal institucional do dono (o grupo tem 4 canais) — e' onde vive o sinal tecnico · endereco CANONICAL","dono do dado, nao intermediario, sinal agricola denso, publica com frequencia alta, rota tecnica previsivel, feed declarado · cobre T1, T7, T3"
19,CNR — Consiglio Nazionale delle Ricerche,ORGANIZACAO,CNR,https://www.cnr.it/,T5;T6,NAZIONALE,95.0,4,"instituto nacional de investigacao · e' o dono do dado, nao um intermediario · publica com frequencia alta (data visivel de 2026-09-14 (0d) — publicacao muito recente) · rota tecnica previsivel (publica boletins em PDF — formato previsivel) · canal institucional do dono (o grupo tem 8 canais) — e' onde vive o sinal tecnico · endereco CANONICAL","dono do dado, nao intermediario, sinal agricola denso, publica com frequencia alta, rota tecnica previsivel · cobre T5, T6"
20,Institut Agricole Regional — Aosta,ORGANIZACAO,Institut Agricole Regional,https://www.iaraosta.it/,T5;T1;T7,VALLE D'AOSTA,95.0,5,"agencia regional agricola · e' o dono do dado, nao um intermediario · publica com frequencia alta (data visivel de 2026-08-12 (33d)) · rota tecnica previsivel (sinais de rota estruturada na pagina: API, OPENDATA) · dono com um unico canal nesta base: nao repete ninguem · endereco CANONICAL","dono do dado, nao intermediario, sinal agricola denso, publica com frequencia alta, rota tecnica previsivel, feed declarado · cobre T5, T1, T7"
21,ARPA Molise,BASE_OFICIAL,ARPA Molise,https://www.arpamolise.it/,T2;T12,MOLISE,94.4,5,"agrometeorologia / clima / ambiente regional · e' o dono do dado, nao um intermediario · rota tecnica previsivel (sinais de rota estruturada na pagina: API) · canal institucional do dono (o grupo tem 2 canais) — e' onde vive o sinal tecnico · endereco CANONICAL","dono do dado, nao intermediario, sinal agricola denso, rota tecnica previsivel · cobre T2, T12"
22,Veneto Agricoltura — Agenzia veneta per l'innovazione nel settore primario,BASE_OFICIAL,Regione Veneto,https://www.venetoagricoltura.org/home,T1;T5;T7,VENETO,94.4,4,"agencia regional agricola · e' o dono do dado, nao um intermediario · rota tecnica previsivel (liga a ficheiros estruturados (csv/json/xlsx/xml)) · canal institucional do dono (o grupo tem 2 canais) — e' onde vive o sinal tecnico · endereco CANONICAL","dono do dado, nao intermediario, sinal agricola denso, rota tecnica previsivel · cobre T1, T5, T7"
23,AIAM — Associazione Italiana di Agrometeorologia,ORGANIZACAO,AIAM,https://www.agrometeorologia.it/,T2;T5;T11,NAZIONALE,93.0,5,"agrometeorologia / clima / ambiente regional · e' o dono do dado, nao um intermediario · rota tecnica previsivel (sinais de rota estruturada na pagina: API) · dono com um unico canal nesta base: nao repete ninguem · endereco CANONICAL","dono do dado, nao intermediario, sinal agricola denso, rota tecnica previsivel, feed declarado · cobre T2, T5, T11"
24,ARPA Marche,BASE_OFICIAL,ARPAM,https://www.arpa.marche.it/,T2;T12,MARCHE,93.0,4,"agrometeorologia / clima / ambiente regional · e' o dono do dado, nao um intermediario · publica com frequencia alta (data visivel de 2026-08-18 (27d) — publicacao muito recente) · rota tecnica previsivel (publica boletins em PDF — formato previsivel) · canal institucional do dono (o grupo tem 3 canais) — e' onde vive o sinal tecnico · endereco CANONICAL","dono do dado, nao intermediario, sinal agricola denso, publica com frequencia alta, rota tecnica previsivel · cobre T2, T12"
25,ARSIAL — Agenzia Regionale Sviluppo Innovazione Agricoltura Lazio,BASE_OFICIAL,Regione Lazio,https://www.arsial.it/,T1;T7;T3,LAZIO,93.0,5,"agencia regional agricola · e' o dono do dado, nao um intermediario · rota tecnica previsivel (sinais de rota estruturada na pagina: API) · canal institucional do dono (o grupo tem 4 canais) — e' onde vive o sinal tecnico · endereco CANONICAL","dono do dado, nao intermediario, sinal agricola denso, rota tecnica previsivel, feed declarado · cobre T1, T7, T3"
26,Agricoltura Regione Lombardia,BASE_OFICIAL,Regione Lombardia,https://www.ersaf.lombardia.it/montagna/rifugi/it-servizi-alla-montagna-attivita-per-i-territori-montani-2022/,T1;T4;T12,LOMBARDIA,93.0,5,"agencia regional agricola · e' o dono do dado, nao um intermediario · rota tecnica previsivel (sinais de rota estruturada na pagina: API) · canal institucional do dono (o grupo tem 2 canais) — e' onde vive o sinal tecnico · endereco CANONICAL","dono do dado, nao intermediario, sinal agricola denso, rota tecnica previsivel, feed declarado · cobre T1, T4, T12"
27,CNR IPSP — Istituto per la Protezione Sostenibile delle Piante,CIENCIA,CNR,http://www.ipsp.cnr.it/,T3;T5;T6,NAZIONALE,93.0,5,"instituto nacional de investigacao · e' o dono do dado, nao um intermediario · publica com frequencia alta (data visivel de 2026-07-04 (72d)) · rota tecnica previsivel (sinais de rota estruturada na pagina: API) · canal institucional do dono (o grupo tem 8 canais) — e' onde vive o sinal tecnico · endereco CANONICAL","dono do dado, nao intermediario, sinal agricola denso, publica com frequencia alta, rota tecnica previsivel, feed declarado · cobre T3, T5, T6"
28,CNR IRET — Istituto di Ricerca sugli Ecosistemi Terrestri,CIENCIA,CNR,https://www.iret.cnr.it/,T2;T5,NAZIONALE,93.0,5,"instituto nacional de investigacao · e' o dono do dado, nao um intermediario · rota tecnica previsivel (sinais de rota estruturada na pagina: API) · canal institucional do dono (o grupo tem 8 canais) — e' onde vive o sinal tecnico · endereco CANONICAL","dono do dado, nao intermediario, sinal agricola denso, rota tecnica previsivel, feed declarado · cobre T2, T5"
29,CNR ISAFOM — Istituto per i Sistemi Agricoli e Forestali del Mediterraneo,CIENCIA,CNR,https://www.isafom.cnr.it/,T2;T1;T5,CAMPANIA,93.0,5,"instituto nacional de investigacao · e' o dono do dado, nao um intermediario · rota tecnica previsivel (sinais de rota estruturada na pagina: API) · canal institucional do dono (o grupo tem 8 canais) — e' onde vive o sinal tecnico · endereco CANONICAL","dono do dado, nao intermediario, sinal agricola denso, rota tecnica previsivel, feed declarado · cobre T2, T1, T5"
30,ERSAF Lombardia — Ente Regionale per i Servizi all'Agricoltura e alle Foreste,BASE_OFICIAL,Regione Lombardia,https://www.ersaf.lombardia.it/,T1;T7;T2,LOMBARDIA,93.0,5,"agencia regional agricola · e' o dono do dado, nao um intermediario · rota tecnica previsivel (sinais de rota estruturada na pagina: API) · canal institucional do dono (o grupo tem 2 canais) — e' onde vive o sinal tecnico · endereco CANONICAL","dono do dado, nao intermediario, sinal agricola denso, rota tecnica previsivel, feed declarado · cobre T1, T7, T2"
31,Lazio — Agricoltura Regione Lazio,BASE_OFICIAL,Regione Lazio,https://www.regione.lazio.it/cittadini/agricoltura,T1;T4,LAZIO,93.0,3,"orgao agricola regional / politica agricola · e' o dono do dado, nao um intermediario · publica com frequencia alta (data visivel de 2026-09-11 (3d) — publicacao muito recente) · canal institucional do dono (o grupo tem 4 canais) — e' onde vive o sinal tecnico · endereco CANONICAL","dono do dado, nao intermediario, sinal agricola denso, publica com frequencia alta · cobre T1, T4"
32,Regione Abruzzo — Agricoltura,BASE_OFICIAL,Regione Abruzzo,https://www.regione.abruzzo.it/,T1;T4,ABRUZZO,93.0,3,"orgao agricola regional / politica agricola · e' o dono do dado, nao um intermediario · publica com frequencia alta (data visivel de 2026-09-14 (0d) — publicacao muito recente) · dono com um unico canal nesta base: nao repete ninguem · endereco CANONICAL","dono do dado, nao intermediario, sinal agricola denso, publica com frequencia alta · cobre T1, T4"
33,Regione Umbria — Agricoltura,BASE_OFICIAL,Regione Umbria,https://www.regione.umbria.it/agricoltura,T1;T4,UMBRIA,93.0,5,"orgao agricola regional / politica agricola · e' o dono do dado, nao um intermediario · rota tecnica previsivel (sinais de rota estruturada na pagina: OPENDATA) · canal institucional do dono (o grupo tem 2 canais) — e' onde vive o sinal tecnico · endereco CANONICAL","dono do dado, nao intermediario, sinal agricola denso, rota tecnica previsivel · cobre T1, T4"
34,Regione Valle d'Aosta — Agricoltura,BASE_OFICIAL,Regione Autonoma Valle d'Aosta,https://www.regione.vda.it/agricoltura/,T1;T4,VALLE D'AOSTA,93.0,5,"orgao agricola regional / politica agricola · e' o dono do dado, nao um intermediario · rota tecnica previsivel (sinais de rota estruturada na pagina: API) · canal institucional do dono (o grupo tem 3 canais) — e' onde vive o sinal tecnico · endereco CANONICAL","dono do dado, nao intermediario, sinal agricola denso, rota tecnica previsivel · cobre T1, T4"
35,ARPA Piemonte,BASE_OFICIAL,ARPA Piemonte,https://www.arpa.piemonte.it/home,T2;T12,PIEMONTE,92.2,3,"agrometeorologia / clima / ambiente regional · e' o dono do dado, nao um intermediario · canal institucional do dono (o grupo tem 3 canais) — e' onde vive o sinal tecnico · endereco CANONICAL","dono do dado, nao intermediario, sinal agricola denso · cobre T2, T12"
36,ARPA Puglia,BASE_OFICIAL,ARPA Puglia,https://www.arpa.puglia.it/,T2;T12,PUGLIA,92.2,3,"agrometeorologia / clima / ambiente regional · e' o dono do dado, nao um intermediario · dono com um unico canal nesta base: nao repete ninguem · endereco CANONICAL","dono do dado, nao intermediario, sinal agricola denso · cobre T2, T12"
37,ARPACAL Calabria,BASE_OFICIAL,ARPACAL,https://www.arpacal.it/,T2;T12,CALABRIA,92.2,3,"agrometeorologia / clima / ambiente regional · e' o dono do dado, nao um intermediario · dono com um unico canal nesta base: nao repete ninguem · endereco CANONICAL","dono do dado, nao intermediario, sinal agricola denso · cobre T2, T12"
38,Agrisicilia,IMPRENSA,Agrisicilia,https://www.agrisicilia.it/,T1;T10;T12,SICILIA,92.2,3,"agencia regional agricola · e' o dono do dado, nao um intermediario · dono com um unico canal nesta base: nao repete ninguem · endereco CANONICAL","dono do dado, nao intermediario, sinal agricola denso · cobre T1, T10, T12"
39,Agrisole — Il Sole 24 Ore,IMPRENSA,Il Sole 24 Ore,https://www.ilsole24ore.com/,T10;T12,NAZIONALE,92.2,3,"agencia regional agricola · e' o dono do dado, nao um intermediario · canal institucional do dono (o grupo tem 2 canais) — e' onde vive o sinal tecnico · endereco CANONICAL","dono do dado, nao intermediario, sinal agricola denso · cobre T10, T12"
40,Fondazione Agrion — Fondazione per la ricerca l'innovazione e lo sviluppo tecnologico dell'agricoltura piemontese,CIENCIA,Fondazione Agrion,https://www.agrion.it/,T5;T3;T1,PIEMONTE,92.0,5,centro de investigacao aplicada / experimentacao · rota tecnica previsivel (sinais de rota estruturada na pagina: API) · dono com um unico canal nesta base: nao repete ninguem · endereco CANONICAL,"sinal agricola denso, rota tecnica previsivel, feed declarado · cobre T5, T3, T1"
41,Fondazione Minoprio,ORGANIZACAO,Fondazione Minoprio,https://www.fondazioneminoprio.it/,T5;T7;T1,LOMBARDIA,92.0,5,centro de investigacao aplicada / experimentacao · rota tecnica previsivel (sinais de rota estruturada na pagina: API) · canal institucional do dono (o grupo tem 4 canais) — e' onde vive o sinal tecnico · endereco CANONICAL,"sinal agricola denso, rota tecnica previsivel, feed declarado · cobre T5, T7, T1"
42,Fondazione per l'Agricoltura F.lli Navarra,CIENCIA,Fondazione Navarra,https://www.fondazionenavarra.it/,T5;T1,EMILIA-ROMAGNA,92.0,5,centro de investigacao aplicada / experimentacao · rota tecnica previsivel (sinais de rota estruturada na pagina: API) · canal institucional do dono (o grupo tem 2 canais) — e' onde vive o sinal tecnico · endereco CANONICAL,"sinal agricola denso, rota tecnica previsivel, feed declarado · cobre T5, T1"
43,UNIBA DiSSPA — Dipartimento di Scienze del Suolo della Pianta e degli Alimenti,CIENCIA,Universita di Bari Aldo Moro,https://www.uniba.it/it/ricerca/dipartimenti/disspa,T5;T6;T3,PUGLIA,92.0,5,"universidade / departamento agrario · e' o dono do dado, nao um intermediario · publica com frequencia alta (data visivel de 2026-08-26 (19d) — publicacao muito recente) · rota tecnica previsivel (sinais de rota estruturada na pagina: API, OPENDATA) · canal institucional do dono (o grupo tem 2 canais) — e' onde vive o sinal tecnico · endereco CANONICAL","dono do dado, nao intermediario, sinal agricola denso, publica com frequencia alta, rota tecnica previsivel · cobre T5, T6, T3"
44,UNIPI DiSAAA-a — Dipartimento di Scienze Agrarie Alimentari e Agro-ambientali,CIENCIA,Universita di Pisa,https://www.agr.unipi.it/,T5;T6;T1,TOSCANA,92.0,5,"universidade / departamento agrario · e' o dono do dado, nao um intermediario · publica com frequencia alta (data visivel de 2026-09-14 (0d) — publicacao muito recente) · rota tecnica previsivel (sinais de rota estruturada na pagina: API) · dono com um unico canal nesta base: nao repete ninguem · endereco CANONICAL","dono do dado, nao intermediario, sinal agricola denso, publica com frequencia alta, rota tecnica previsivel · cobre T5, T6, T1"
45,Bulletin of Insectology,CIENCIA,Universita di Bologna,http://www.bulletinofinsectology.org/,T3;T5,EMILIA-ROMAGNA,91.1,5,"universidade / departamento agrario · e' o dono do dado, nao um intermediario · rota tecnica previsivel (sinais de rota estruturada na pagina: API) · canal institucional do dono (o grupo tem 5 canais) — e' onde vive o sinal tecnico · endereco CANONICAL","dono do dado, nao intermediario, sinal agricola denso, rota tecnica previsivel · cobre T3, T5"
46,CRPA — Centro Ricerche Produzioni Animali,CIENCIA,CRPA,https://www.crpa.it/,T5;T1,EMILIA-ROMAGNA,91.1,3,centro de investigacao aplicada / experimentacao · dono com um unico canal nesta base: nao repete ninguem · endereco CANONICAL,"sinal agricola denso · cobre T5, T1"
47,Libera Universita di Bolzano — Facolta di Scienze agrarie ambientali e alimentari,CIENCIA,Libera Universita di Bolzano,https://www.unibz.it/it/faculties/agricultural-environmental-food-sciences/,T5;T6;T1,TRENTINO-ALTO ADIGE,91.1,5,"universidade / departamento agrario · e' o dono do dado, nao um intermediario · rota tecnica previsivel (sinais de rota estruturada na pagina: API) · canal institucional do dono (o grupo tem 3 canais) — e' onde vive o sinal tecnico · endereco CANONICAL","dono do dado, nao intermediario, sinal agricola denso, rota tecnica previsivel · cobre T5, T6, T1"
48,UNITUS DAFNE — Dipartimento di Scienze Agrarie e Forestali,CIENCIA,Universita della Tuscia,https://www.unitus.it/dipartimenti/dafne/,T5;T6;T1,LAZIO,91.1,5,"universidade / departamento agrario · e' o dono do dado, nao um intermediario · rota tecnica previsivel (sinais de rota estruturada na pagina: API) · dono com um unico canal nesta base: nao repete ninguem · endereco CANONICAL","dono do dado, nao intermediario, sinal agricola denso, rota tecnica previsivel · cobre T5, T6, T1"
49,ARTA Abruzzo,BASE_OFICIAL,ARTA Abruzzo,https://www.artaabruzzo.it/,T2;T12,ABRUZZO,91.0,4,"agrometeorologia / clima / ambiente regional · e' o dono do dado, nao um intermediario · publica com frequencia alta (data visivel de 2026-07-27 (49d)) · rota tecnica previsivel (publica boletins em PDF — formato previsivel) · canal institucional do dono (o grupo tem 2 canais) — e' onde vive o sinal tecnico · endereco CANONICAL","dono do dado, nao intermediario, sinal agricola denso, publica com frequencia alta, rota tecnica previsivel · cobre T2, T12"
50,Agrisole — quotidiano agricolo del Sole 24 Ore,IMPRENSA,Il Sole 24 Ore,https://www.agrisole.ilsole24ore.com/,T10;T12,NAZIONALE,91.0,3,"agencia regional agricola · e' o dono do dado, nao um intermediario · publica com frequencia alta (data visivel de 2026-09-14 (0d) — publicacao muito recente) · canal institucional do dono (o grupo tem 2 canais) — e' onde vive o sinal tecnico · endereco CANONICAL","dono do dado, nao intermediario, sinal agricola denso, publica com frequencia alta · cobre T10, T12"
51,CNR IBBR — Istituto di Bioscienze e Biorisorse,CIENCIA,CNR,https://www.ibbr.cnr.it/ibbr/,T5;T1,NAZIONALE,91.0,5,"instituto nacional de investigacao · e' o dono do dado, nao um intermediario · rota tecnica previsivel (sinais de rota estruturada na pagina: API) · canal institucional do dono (o grupo tem 8 canais) — e' onde vive o sinal tecnico · endereco CANONICAL","dono do dado, nao intermediario, sinal agricola denso, rota tecnica previsivel · cobre T5, T1"
52,Pianeta PSR,IMPRENSA,Rete Rurale Nazionale / MASAF,https://www.pianetapsr.it/flex/cm/pages/ServeBLOB.php/L/IT/IDPagina/1,T12;T10,NAZIONALE,91.0,3,"regulatorio / registro oficial · e' o dono do dado, nao um intermediario · publica com frequencia alta (data visivel de 2026-06-18 (88d)) · canal institucional do dono (o grupo tem 2 canais) — e' onde vive o sinal tecnico · endereco CANONICAL","dono do dado, nao intermediario, sinal agricola denso, publica com frequencia alta · cobre T12, T10"
53,ARPA Liguria,BASE_OFICIAL,ARPAL,https://www.arpal.liguria.it/,T2;T12,LIGURIA,90.0,3,"agrometeorologia / clima / ambiente regional · e' o dono do dado, nao um intermediario · canal institucional do dono (o grupo tem 4 canais) — e' onde vive o sinal tecnico · endereco CANONICAL","dono do dado, nao intermediario, sinal agricola denso · cobre T2, T12"
54,ARPA Valle d'Aosta,BASE_OFICIAL,ARPA Valle d'Aosta,https://www.arpa.vda.it/,T2;T12,VALLE D'AOSTA,90.0,3,"agrometeorologia / clima / ambiente regional · e' o dono do dado, nao um intermediario · canal institucional do dono (o grupo tem 3 canais) — e' onde vive o sinal tecnico · endereco CANONICAL","dono do dado, nao intermediario, sinal agricola denso · cobre T2, T12"
55,Assosementi,ORGANIZACAO,Assosementi,https://www.sementi.it/,T1;T10,NAZIONALE,90.0,5,"ente de filiera / mercado oficial · e' o dono do dado, nao um intermediario · publica com frequencia alta (data visivel de 2026-07-10 (66d)) · rota tecnica previsivel (sinais de rota estruturada na pagina: API) · canal institucional do dono (o grupo tem 3 canais) — e' onde vive o sinal tecnico · endereco CANONICAL","dono do dado, nao intermediario, sinal agricola denso, publica com frequencia alta, rota tecnica previsivel, feed declarado · cobre T1, T10"
56,CNR ISPA — Istituto di Scienze delle Produzioni Alimentari,CIENCIA,CNR,https://www.ispa.cnr.it/,T3;T5,PUGLIA,90.0,3,"instituto nacional de investigacao · e' o dono do dado, nao um intermediario · canal institucional do dono (o grupo tem 8 canais) — e' onde vive o sinal tecnico · endereco CANONICAL","dono do dado, nao intermediario, sinal agricola denso · cobre T3, T5"
57,Ente Nazionale Risi,BASE_OFICIAL,Ente Nazionale Risi,http://www.enterisi.it/servizi/notizie/notizie_homepage.aspx,T1;T10;T4,LOMBARDIA,90.0,4,"ente de filiera / mercado oficial · e' o dono do dado, nao um intermediario · publica com frequencia alta (data visivel de 2026-09-14 (0d) — publicacao muito recente) · rota tecnica previsivel (declara feed RSS/Atom no cabecalho) · dono com um unico canal nesta base: nao repete ninguem · endereco CANONICAL","dono do dado, nao intermediario, sinal agricola denso, publica com frequencia alta, rota tecnica previsivel, feed declarado · cobre T1, T10, T4"
58,Provincia autonoma di Bolzano — Agricoltura,BASE_OFICIAL,Provincia autonoma di Bolzano,https://home.provincia.bz.it/it/temi#land__und_forstwirtschaft___agricoltura_e_foreste,T1;T4;T3,TRENTINO-ALTO ADIGE,90.0,3,"agencia regional agricola · e' o dono do dado, nao um intermediario · canal institucional do dono (o grupo tem 2 canais) — e' onde vive o sinal tecnico · endereco CANONICAL","dono do dado, nao intermediario, sinal agricola denso · cobre T1, T4, T3"
59,Rete Rurale Nazionale,BASE_OFICIAL,MASAF — Rete Rurale Nazionale,https://www.reterurale.it/flex/cm/pages/ServeBLOB.php/L/IT/IDPagina/1,T12;T7,NAZIONALE,90.0,3,"regulatorio / registro oficial · e' o dono do dado, nao um intermediario · canal institucional do dono (o grupo tem 2 canais) — e' onde vive o sinal tecnico · endereco CANONICAL","dono do dado, nao intermediario, sinal agricola denso · cobre T12, T7"
60,SIAN — Sistema Informativo Agricolo Nazionale,BASE_OFICIAL,MASAF/AGEA,https://www.sian.it/portale/,T4;T12,NAZIONALE,90.0,3,"regulatorio / registro oficial · e' o dono do dado, nao um intermediario · dono com um unico canal nesta base: nao repete ninguem · endereco CANONICAL","dono do dado, nao intermediario, sinal agricola denso · cobre T4, T12"
61,ARPA Basilicata,BASE_OFICIAL,ARPAB,https://www.arpab.it/,T2;T12,BASILICATA,89.0,5,"agrometeorologia / clima / ambiente regional · e' o dono do dado, nao um intermediario · rota tecnica previsivel (sinais de rota estruturada na pagina: API, OPENDATA) · dono com um unico canal nesta base: nao repete ninguem · endereco CANONICAL","dono do dado, nao intermediario, sinal agricola denso, rota tecnica previsivel, feed declarado · cobre T2, T12"
62,Regione Molise — Agricoltura,BASE_OFICIAL,Regione Molise,https://www.regione.molise.it/flex/cm/pages/ServeBLOB.php/L/IT/IDPagina/1,T1;T4,MOLISE,89.0,3,"orgao agricola regional / politica agricola · e' o dono do dado, nao um intermediario · canal institucional do dono (o grupo tem 2 canais) — e' onde vive o sinal tecnico · endereco CANONICAL","dono do dado, nao intermediario, sinal agricola denso · cobre T1, T4"
63,AIR UNIMI — Archivio Istituzionale della Ricerca,CIENCIA,Universita degli Studi di Milano,https://air.unimi.it/,T5;T6,LOMBARDIA,88.9,5,"universidade / departamento agrario · e' o dono do dado, nao um intermediario · rota tecnica previsivel (sinais de rota estruturada na pagina: API) · canal institucional do dono (o grupo tem 3 canais) — e' onde vive o sinal tecnico · endereco CANONICAL","dono do dado, nao intermediario, sinal agricola denso, rota tecnica previsivel · cobre T5, T6"
64,Agroinnova — Centro di Competenza per l'Innovazione in campo agro-ambientale,CIENCIA,Universita di Torino,https://www.agroinnova.unito.it/it,T3;T5;T6,PIEMONTE,88.9,4,"universidade / departamento agrario · e' o dono do dado, nao um intermediario · rota tecnica previsivel (liga a ficheiros estruturados (csv/json/xlsx/xml)) · canal institucional do dono (o grupo tem 3 canais) — e' onde vive o sinal tecnico · endereco CANONICAL","dono do dado, nao intermediario, sinal agricola denso, rota tecnica previsivel · cobre T3, T5, T6"
65,Centro di Sperimentazione Laimburg,CIENCIA,Provincia autonoma di Bolzano,https://www.laimburg.it/it,T5;T3;T1,TRENTINO-ALTO ADIGE,88.9,3,centro de investigacao aplicada / experimentacao · canal institucional do dono (o grupo tem 2 canais) — e' onde vive o sinal tecnico · endereco CANONICAL,"sinal agricola denso · cobre T5, T3, T1"
66,FLORE UNIFI — Archivio istituzionale della ricerca,CIENCIA,Universita di Firenze,https://flore.unifi.it/,T5;T6,TOSCANA,88.9,5,"universidade / departamento agrario · e' o dono do dado, nao um intermediario · rota tecnica previsivel (sinais de rota estruturada na pagina: API) · canal institucional do dono (o grupo tem 2 canais) — e' onde vive o sinal tecnico · endereco CANONICAL","dono do dado, nao intermediario, sinal agricola denso, rota tecnica previsivel · cobre T5, T6"
67,IRIS UNIBO — Archivio istituzionale della ricerca,CIENCIA,Universita di Bologna,https://cris.unibo.it/,T5;T6,EMILIA-ROMAGNA,88.9,5,"universidade / departamento agrario · e' o dono do dado, nao um intermediario · rota tecnica previsivel (sinais de rota estruturada na pagina: API) · canal institucional do dono (o grupo tem 5 canais) — e' onde vive o sinal tecnico · endereco CANONICAL","dono do dado, nao intermediario, sinal agricola denso, rota tecnica previsivel · cobre T5, T6"
68,IRIS UNIPD — Archivio della ricerca,CIENCIA,Universita di Padova,https://www.research.unipd.it/,T5;T6,VENETO,88.9,5,"universidade / departamento agrario · e' o dono do dado, nao um intermediario · rota tecnica previsivel (sinais de rota estruturada na pagina: API) · canal institucional do dono (o grupo tem 2 canais) — e' onde vive o sinal tecnico · endereco CANONICAL","dono do dado, nao intermediario, sinal agricola denso, rota tecnica previsivel · cobre T5, T6"
69,IRIS UNITO — Archivio istituzionale,CIENCIA,Universita di Torino,https://iris.unito.it/,T5;T6,PIEMONTE,88.9,5,"universidade / departamento agrario · e' o dono do dado, nao um intermediario · rota tecnica previsivel (sinais de rota estruturada na pagina: API) · canal institucional do dono (o grupo tem 3 canais) — e' onde vive o sinal tecnico · endereco CANONICAL","dono do dado, nao intermediario, sinal agricola denso, rota tecnica previsivel · cobre T5, T6"
70,UNIFI DAGRI — Dipartimento di Scienze e Tecnologie Agrarie Alimentari Ambientali e Forestali,CIENCIA,Universita di Firenze,https://www.dagri.unifi.it/,T5;T6;T1,TOSCANA,88.9,4,"universidade / departamento agrario · e' o dono do dado, nao um intermediario · rota tecnica previsivel (liga a ficheiros estruturados (csv/json/xlsx/xml)) · canal institucional do dono (o grupo tem 2 canais) — e' onde vive o sinal tecnico · endereco CANONICAL","dono do dado, nao intermediario, sinal agricola denso, rota tecnica previsivel · cobre T5, T6, T1"
71,Advances in Horticultural Science,CIENCIA,Firenze University Press,https://oaj.fupress.net/,T5;T1,TOSCANA,88.0,4,"universidade / departamento agrario · e' o dono do dado, nao um intermediario · publica com frequencia alta (data visivel de 2026-07-31 (45d)) · rota tecnica previsivel (declara feed RSS/Atom no cabecalho) · dono com um unico canal nesta base: nao repete ninguem · endereco CANONICAL","dono do dado, nao intermediario, sinal agricola denso, publica com frequencia alta, rota tecnica previsivel, feed declarado · cobre T5, T1"
72,Cifo,ORGANIZACAO,Cifo,https://www.cifo.it/,T9;T10,EMILIA-ROMAGNA,88.0,5,concorrente / industria de protecao e nutricao · publica com frequencia alta (data visivel de 2026-09-14 (0d) — publicacao muito recente) · rota tecnica previsivel (sinais de rota estruturada na pagina: API) · canal institucional do dono (o grupo tem 5 canais) — e' onde vive o sinal tecnico · endereco CANONICAL,"sinal agricola denso, publica com frequencia alta, rota tecnica previsivel, feed declarado · cobre T9, T10"
73,ISMEA — Istituto di Servizi per il Mercato Agricolo Alimentare,BASE_OFICIAL,ISMEA,https://www.ismea.it/istituto-di-servizi-per-il-mercato-agricolo-alimentare,T10;T12,NAZIONALE,88.0,3,"ente de filiera / mercado oficial · e' o dono do dado, nao um intermediario · publica com frequencia alta (data visivel de 2026-09-11 (3d) — publicacao muito recente) · dono com um unico canal nesta base: nao repete ninguem · endereco CANONICAL","dono do dado, nao intermediario, sinal agricola denso, publica com frequencia alta · cobre T10, T12"
74,Italmopa — Associazione Industriali Mugnai d'Italia,ORGANIZACAO,Italmopa,https://www.italmopa.com/,T10;T1,NAZIONALE,88.0,5,"ente de filiera / mercado oficial · e' o dono do dado, nao um intermediario · rota tecnica previsivel (sinais de rota estruturada na pagina: API) · canal institucional do dono (o grupo tem 2 canais) — e' onde vive o sinal tecnico · endereco CANONICAL","dono do dado, nao intermediario, sinal agricola denso, rota tecnica previsivel, feed declarado · cobre T10, T1"
75,OP Alegra,ORGANIZACAO,Alegra,https://www.alegra.it/,T10;T1,EMILIA-ROMAGNA,88.0,5,organizacao de produtores · publica com frequencia alta (data visivel de 2026-09-12 (2d) — publicacao muito recente) · rota tecnica previsivel (sinais de rota estruturada na pagina: API) · dono com um unico canal nesta base: nao repete ninguem · endereco CANONICAL,"sinal agricola denso, publica com frequencia alta, rota tecnica previsivel, feed declarado · cobre T10, T1"
76,SSICA — Stazione Sperimentale per l'Industria delle Conserve Alimentari,CIENCIA,SSICA,https://www.ssica.it/,T5;T10,EMILIA-ROMAGNA,88.0,5,centro de investigacao aplicada / experimentacao · rota tecnica previsivel (sinais de rota estruturada na pagina: API) · dono com um unico canal nesta base: nao repete ninguem · endereco CANONICAL,"sinal agricola denso, rota tecnica previsivel, feed declarado · cobre T5, T10"
77,Terra e Vita — Edagricole,IMPRENSA,Edagricole — New Business Media,https://terraevita.edagricole.it/,T1;T3;T10,EMILIA-ROMAGNA,88.0,5,"universidade / departamento agrario · e' o dono do dado, nao um intermediario · rota tecnica previsivel (sinais de rota estruturada na pagina: API) · canal institucional do dono (o grupo tem 4 canais) — e' onde vive o sinal tecnico · endereco CANONICAL","dono do dado, nao intermediario, sinal agricola denso, rota tecnica previsivel, feed declarado · cobre T1, T3, T10"
78,UNIMI DiSAA — Dipartimento di Scienze Agrarie e Ambientali,CIENCIA,Universita degli Studi di Milano,https://disaa.unimi.it/it,T5;T6;T1,LOMBARDIA,88.0,3,"universidade / departamento agrario · e' o dono do dado, nao um intermediario · publica com frequencia alta (data visivel de 2026-09-11 (3d) — publicacao muito recente) · canal institucional do dono (o grupo tem 3 canais) — e' onde vive o sinal tecnico · endereco CANONICAL","dono do dado, nao intermediario, sinal agricola denso, publica com frequencia alta · cobre T5, T6, T1"
79,Scuola Superiore Sant'Anna — Istituto di Scienze delle Produzioni Vegetali,CIENCIA,Scuola Superiore Sant'Anna Pisa,https://www.santannapisa.it/it/istituto/produzioni-vegetali,T5;T6;T1,TOSCANA,86.7,3,"universidade / departamento agrario · e' o dono do dado, nao um intermediario · dono com um unico canal nesta base: nao repete ninguem · endereco CANONICAL","dono do dado, nao intermediario, sinal agricola denso · cobre T5, T6, T1"
80,Serbios,ORGANIZACAO,Serbios,https://www.serbios.it/,T9;T3,VENETO,86.7,5,concorrente / industria de protecao e nutricao · rota tecnica previsivel (sinais de rota estruturada na pagina: API) · dono com um unico canal nesta base: nao repete ninguem · endereco CANONICAL,"sinal agricola denso, rota tecnica previsivel · cobre T9, T3"
81,UNIPA SAAF — Dipartimento Scienze Agrarie Alimentari e Forestali,CIENCIA,Universita di Palermo,https://www.unipa.it/dipartimenti/saaf/,T5;T6;T1,SICILIA,86.7,3,"universidade / departamento agrario · e' o dono do dado, nao um intermediario · dono com um unico canal nesta base: nao repete ninguem · endereco CANONICAL","dono do dado, nao intermediario, sinal agricola denso · cobre T5, T6, T1"
82,UNIPD DAFNAE — Dipartimento di Agronomia Animali Alimenti Risorse Naturali e Ambiente,CIENCIA,Universita di Padova,https://www.dafnae.unipd.it/,T5;T6;T3,VENETO,86.7,3,"universidade / departamento agrario · e' o dono do dado, nao um intermediario · canal institucional do dono (o grupo tem 2 canais) — e' onde vive o sinal tecnico · endereco CANONICAL","dono do dado, nao intermediario, sinal agricola denso · cobre T5, T6, T3"
83,UNIUD DI4A — Dipartimento di Scienze Agroalimentari Ambientali e Animali,CIENCIA,Universita di Udine,https://www.di4a.uniud.it/it,T5;T6;T3,FRIULI-VENEZIA GIULIA,86.7,3,"universidade / departamento agrario · e' o dono do dado, nao um intermediario · dono com um unico canal nesta base: nao repete ninguem · endereco CANONICAL","dono do dado, nao intermediario, sinal agricola denso · cobre T5, T6, T3"
84,UNIVR Dipartimento di Biotecnologie,CIENCIA,Universita di Verona,https://www.dbt.univr.it/,T5;T6,VENETO,86.7,4,"universidade / departamento agrario · e' o dono do dado, nao um intermediario · rota tecnica previsivel (publica boletins em PDF — formato previsivel) · dono com um unico canal nesta base: nao repete ninguem · endereco CANONICAL","dono do dado, nao intermediario, sinal agricola denso, rota tecnica previsivel · cobre T5, T6"
85,Societa Entomologica Italiana,ORGANIZACAO,SEI,https://www.societaentomologicaitaliana.it/,T3;T5,NAZIONALE,86.0,5,sociedade cientifica / academia · publica com frequencia alta (data visivel de 2026-07-07 (69d)) · rota tecnica previsivel (sinais de rota estruturada na pagina: API) · canal institucional do dono (o grupo tem 2 canais) — e' onde vive o sinal tecnico · endereco CANONICAL,"sinal agricola denso, publica com frequencia alta, rota tecnica previsivel, feed declarado · cobre T3, T5"
86,UNITE Facolta di Bioscienze e Tecnologie Agro-alimentari e Ambientali,CIENCIA,Universita di Teramo,https://www.unite.it/UniTE/Bioscienze_e_Tecnologie_Agro-Alimentari_e_Ambientali,T5;T6,ABRUZZO,86.0,4,"universidade / departamento agrario · e' o dono do dado, nao um intermediario · rota tecnica previsivel (declara feed RSS/Atom no cabecalho) · dono com um unico canal nesta base: nao repete ninguem · endereco CANONICAL","dono do dado, nao intermediario, sinal agricola denso, rota tecnica previsivel, feed declarado · cobre T5, T6"
87,UNIVPM D3A — Dipartimento di Scienze Agrarie Alimentari e Ambientali,CIENCIA,Universita Politecnica delle Marche,https://www.d3a.univpm.it/,T5;T6;T1,MARCHE,86.0,3,"universidade / departamento agrario · e' o dono do dado, nao um intermediario · publica com frequencia alta (data visivel de 2026-09-03 (11d) — publicacao muito recente) · dono com um unico canal nesta base: nao repete ninguem · endereco CANONICAL","dono do dado, nao intermediario, sinal agricola denso, publica com frequencia alta · cobre T5, T6, T1"
88,Unione Nazionale Associazioni Produttori Olivicoli — UNAPROL,ORGANIZACAO,Unaprol,https://www.unaprol.it/,T1;T10,LAZIO,86.0,5,organizacao de produtores · publica com frequencia alta (data visivel de 2026-08-21 (24d) — publicacao muito recente) · rota tecnica previsivel (sinais de rota estruturada na pagina: API) · dono com um unico canal nesta base: nao repete ninguem · endereco CANONICAL,"sinal agricola denso, publica com frequencia alta, rota tecnica previsivel · cobre T1, T10"
89,Andrea Lentini — registo cientifico ORCID (Università degli Studi di Sassari),CIENCIA,Andrea Lentini · Università degli Studi di Sassari,https://orcid.org/0000-0003-2089-1026,T6;T5,SARDEGNA,85.6,3,pesquisador com afiliacao italiana atual · dono com um unico canal nesta base: nao repete ninguem · endereco CANONICAL,"sinal agricola denso · cobre T6, T5"
90,Anita Nencioni — registo cientifico ORCID (Consiglio per la ricerca in agricoltura e l’analisi dell’economia agraria),CIENCIA,Anita Nencioni · Consiglio per la ricerca in agricoltura e l’analisi dell’economia agraria,https://orcid.org/0000-0003-1585-0529,T6;T5,LAZIO,85.6,3,pesquisador com afiliacao italiana atual · dono com um unico canal nesta base: nao repete ninguem · endereco CANONICAL,"sinal agricola denso · cobre T6, T5"
91,Anna Aldrighetti — registo cientifico ORCID (University of Trento),CIENCIA,Anna Aldrighetti · University of Trento,https://orcid.org/0000-0002-9018-3343,T6;T5,TRENTINO-ALTO ADIGE,85.6,3,pesquisador com afiliacao italiana atual · dono com um unico canal nesta base: nao repete ninguem · endereco CANONICAL,"sinal agricola denso · cobre T6, T5"
92,Antonio Masetti — registo cientifico ORCID (University of Bologna),CIENCIA,Antonio Masetti · University of Bologna,https://orcid.org/0000-0001-6061-2752,T6;T5,EMILIA-ROMAGNA,85.6,3,pesquisador com afiliacao italiana atual · dono com um unico canal nesta base: nao repete ninguem · endereco CANONICAL,"sinal agricola denso · cobre T6, T5"
93,Antonio Pietro GARONNA — registo cientifico ORCID (Università degli Studi di Napoli Federico II),CIENCIA,Antonio Pietro GARONNA · Università degli Studi di Napoli Federico II,https://orcid.org/0000-0002-8441-5208,T6;T5,CAMPANIA,85.6,3,pesquisador com afiliacao italiana atual · dono com um unico canal nesta base: nao repete ninguem · endereco CANONICAL,"sinal agricola denso · cobre T6, T5"
94,Antonio Prodi — registo cientifico ORCID (University of Bologna),CIENCIA,Antonio Prodi · University of Bologna,https://orcid.org/0000-0002-7221-7271,T6;T5,EMILIA-ROMAGNA,85.6,3,pesquisador com afiliacao italiana atual · dono com um unico canal nesta base: nao repete ninguem · endereco CANONICAL,"sinal agricola denso · cobre T6, T5"
95,Aparna S Balan — registo cientifico ORCID (University of Palermo),CIENCIA,Aparna S Balan · University of Palermo,https://orcid.org/0009-0001-5306-0125,T6;T5,SICILIA,85.6,3,pesquisador com afiliacao italiana atual · dono com um unico canal nesta base: nao repete ninguem · endereco CANONICAL,"sinal agricola denso · cobre T6, T5"
96,CLAUDIO RATTI — registo cientifico ORCID (Alma Mater Studiorum  Universita' di Bologna),CIENCIA,CLAUDIO RATTI · Alma Mater Studiorum  Universita' di Bologna,https://orcid.org/0000-0002-5640-2143,T6;T5,EMILIA-ROMAGNA,85.6,3,pesquisador com afiliacao italiana atual · dono com um unico canal nesta base: nao repete ninguem · endereco CANONICAL,"sinal agricola denso · cobre T6, T5"
97,Chiara D'ERRICO — registo cientifico ORCID (Istituto per la Protezione Sostenibile delle Piante IPSP - CNR),CIENCIA,Chiara D'ERRICO · Istituto per la Protezione Sostenibile delle Piante IPSP - CNR,https://orcid.org/0000-0003-0546-9900,T6;T5,PIEMONTE,85.6,3,pesquisador com afiliacao italiana atual · dono com um unico canal nesta base: nao repete ninguem · endereco CANONICAL,"sinal agricola denso · cobre T6, T5"
98,Daniele Daffonchio — registo cientifico ORCID (University of Turin),CIENCIA,Daniele Daffonchio · University of Turin,https://orcid.org/0000-0003-0947-925X,T6;T5,PIEMONTE,85.6,3,pesquisador com afiliacao italiana atual · dono com um unico canal nesta base: nao repete ninguem · endereco CANONICAL,"sinal agricola denso · cobre T6, T5"
99,Dumitru Scutelnic — registo cientifico ORCID (University of Verona),CIENCIA,Dumitru Scutelnic · University of Verona,https://orcid.org/0000-0001-6935-7540,T6;T5,VENETO,85.6,3,pesquisador com afiliacao italiana atual · dono com um unico canal nesta base: nao repete ninguem · endereco CANONICAL,"sinal agricola denso · cobre T6, T5"
100,Emilio Balducci — registo cientifico ORCID (University of Perugia),CIENCIA,Emilio Balducci · University of Perugia,https://orcid.org/0000-0002-8656-7870,T6;T5,UMBRIA,85.6,3,pesquisador com afiliacao italiana atual · dono com um unico canal nesta base: nao repete ninguem · endereco CANONICAL,"sinal agricola denso · cobre T6, T5"
101,Francesco Nardi — registo cientifico ORCID (University of Siena),CIENCIA,Francesco Nardi · University of Siena,https://orcid.org/0000-0003-0271-9855,T6;T5,NAZIONALE,85.6,3,pesquisador com afiliacao italiana atual · dono com um unico canal nesta base: nao repete ninguem · endereco CANONICAL,"sinal agricola denso · cobre T6, T5"
102,Gerardo Puopolo — registo cientifico ORCID (University of Trento),CIENCIA,Gerardo Puopolo · University of Trento,https://orcid.org/0000-0002-4864-4396,T6;T5,TRENTINO-ALTO ADIGE,85.6,3,pesquisador com afiliacao italiana atual · dono com um unico canal nesta base: nao repete ninguem · endereco CANONICAL,"sinal agricola denso · cobre T6, T5"
103,Gianfranco ANFORA — registo cientifico ORCID (University of Trento),CIENCIA,Gianfranco ANFORA · University of Trento,https://orcid.org/0000-0003-2545-1409,T6;T5,TRENTINO-ALTO ADIGE,85.6,3,pesquisador com afiliacao italiana atual · dono com um unico canal nesta base: nao repete ninguem · endereco CANONICAL,"sinal agricola denso · cobre T6, T5"
104,Giulia Mandalà — registo cientifico ORCID (Verona University ),CIENCIA,Giulia Mandalà · Verona University ,https://orcid.org/0000-0001-7697-8310,T6;T5,VENETO,85.6,3,pesquisador com afiliacao italiana atual · dono com um unico canal nesta base: nao repete ninguem · endereco CANONICAL,"sinal agricola denso · cobre T6, T5"
105,Graziella Amendola — registo cientifico ORCID (National Institute of Health),CIENCIA,Graziella Amendola · National Institute of Health,https://orcid.org/0000-0001-5461-0312,T6;T5,NAZIONALE,85.6,3,pesquisador com afiliacao italiana atual · dono com um unico canal nesta base: nao repete ninguem · endereco CANONICAL,"sinal agricola denso · cobre T6, T5"
106,Leonardo Caproni — registo cientifico ORCID (Scuola Superiore Sant'Anna),CIENCIA,Leonardo Caproni · Scuola Superiore Sant'Anna,https://orcid.org/0000-0002-7129-8575,T6;T5,TOSCANA,85.6,3,pesquisador com afiliacao italiana atual · dono com um unico canal nesta base: nao repete ninguem · endereco CANONICAL,"sinal agricola denso · cobre T6, T5"
107,Leonardo Cera — registo cientifico ORCID (University of Padua),CIENCIA,Leonardo Cera · University of Padua,https://orcid.org/0009-0005-6118-7432,T6;T5,VENETO,85.6,3,pesquisador com afiliacao italiana atual · dono com um unico canal nesta base: nao repete ninguem · endereco CANONICAL,"sinal agricola denso · cobre T6, T5"
108,Lorenzo Baglieri — registo cientifico ORCID (Politecnico di Torino),CIENCIA,Lorenzo Baglieri · Politecnico di Torino,https://orcid.org/0000-0002-5022-5326,T6;T5,PIEMONTE,85.6,3,pesquisador com afiliacao italiana atual · dono com um unico canal nesta base: nao repete ninguem · endereco CANONICAL,"sinal agricola denso · cobre T6, T5"
109,Luca Finetti — registo cientifico ORCID (University of Ferrara),CIENCIA,Luca Finetti · University of Ferrara,https://orcid.org/0000-0001-5558-9156,T6;T5,NAZIONALE,85.6,3,pesquisador com afiliacao italiana atual · dono com um unico canal nesta base: nao repete ninguem · endereco CANONICAL,"sinal agricola denso · cobre T6, T5"
110,Luca Mazzon — registo cientifico ORCID (Università degli Studi di Padova),CIENCIA,Luca Mazzon · Università degli Studi di Padova,https://orcid.org/0000-0002-8459-893X,T6;T5,VENETO,85.6,3,pesquisador com afiliacao italiana atual · dono com um unico canal nesta base: nao repete ninguem · endereco CANONICAL,"sinal agricola denso · cobre T6, T5"
111,Marco Mancini — registo cientifico ORCID (University of Florence),CIENCIA,Marco Mancini · University of Florence,https://orcid.org/0000-0002-1454-4995,T6;T5,TOSCANA,85.6,3,pesquisador com afiliacao italiana atual · dono com um unico canal nesta base: nao repete ninguem · endereco CANONICAL,"sinal agricola denso · cobre T6, T5"
112,Marco Perfetto — registo cientifico ORCID (University of Milan),CIENCIA,Marco Perfetto · University of Milan,https://orcid.org/0000-0001-9370-2500,T6;T5,LOMBARDIA,85.6,3,pesquisador com afiliacao italiana atual · dono com um unico canal nesta base: nao repete ninguem · endereco CANONICAL,"sinal agricola denso · cobre T6, T5"
113,Marwa Mourou — registo cientifico ORCID (Università degli Studi di Bari Aldo Moro),CIENCIA,Marwa Mourou · Università degli Studi di Bari Aldo Moro,https://orcid.org/0000-0002-9925-3520,T6;T5,PUGLIA,85.6,3,pesquisador com afiliacao italiana atual · dono com um unico canal nesta base: nao repete ninguem · endereco CANONICAL,"sinal agricola denso · cobre T6, T5"
114,Paolo Boccacci — registo cientifico ORCID (Consiglio Nazionale delle Ricerche),CIENCIA,Paolo Boccacci · Consiglio Nazionale delle Ricerche,https://orcid.org/0000-0001-8574-0478,T6;T5,LAZIO,85.6,3,pesquisador com afiliacao italiana atual · dono com um unico canal nesta base: nao repete ninguem · endereco CANONICAL,"sinal agricola denso · cobre T6, T5"
115,Paolo Grazieschi — registo cientifico ORCID (Fondazione Bruno Kessler),CIENCIA,Paolo Grazieschi · Fondazione Bruno Kessler,https://orcid.org/0009-0009-6027-471X,T6;T5,TRENTINO-ALTO ADIGE,85.6,3,pesquisador com afiliacao italiana atual · dono com um unico canal nesta base: nao repete ninguem · endereco CANONICAL,"sinal agricola denso · cobre T6, T5"
116,ROBERTO RIZZO — registo cientifico ORCID (CREA - Research Centre for Plant Protection and Certification),CIENCIA,ROBERTO RIZZO · CREA - Research Centre for Plant Protection and Certification,https://orcid.org/0000-0003-1628-643X,T6;T5,SICILIA,85.6,3,pesquisador com afiliacao italiana atual · dono com um unico canal nesta base: nao repete ninguem · endereco CANONICAL,"sinal agricola denso · cobre T6, T5"
117,Roberta Maria Gravagno — registo cientifico ORCID (University of Catania),CIENCIA,Roberta Maria Gravagno · University of Catania,https://orcid.org/0009-0005-2447-3608,T6;T5,SICILIA,85.6,3,pesquisador com afiliacao italiana atual · dono com um unico canal nesta base: nao repete ninguem · endereco CANONICAL,"sinal agricola denso · cobre T6, T5"
118,Roberta Paris — registo cientifico ORCID (Council for Agricultural Research and Economics Analysis (CREA) ),CIENCIA,Roberta Paris · Council for Agricultural Research and Economics Analysis (CREA) ,https://orcid.org/0000-0001-7823-2475,T6;T5,EMILIA-ROMAGNA,85.6,3,pesquisador com afiliacao italiana atual · dono com um unico canal nesta base: nao repete ninguem · endereco CANONICAL,"sinal agricola denso · cobre T6, T5"
119,Roberto Ferrise — registo cientifico ORCID (University of Florence),CIENCIA,Roberto Ferrise · University of Florence,https://orcid.org/0000-0001-8236-7823,T6;T5,TOSCANA,85.6,3,pesquisador com afiliacao italiana atual · dono com um unico canal nesta base: nao repete ninguem · endereco CANONICAL,"sinal agricola denso · cobre T6, T5"
120,Rosa Francaviglia — registo cientifico ORCID (Consiglio per la ricerca in agricoltura e l'analisi dell'economia agraria (CREA)),CIENCIA,Rosa Francaviglia · Consiglio per la ricerca in agricoltura e l'analisi dell'economia agraria (CREA),https://orcid.org/0000-0002-4362-5428,T6;T5,LAZIO,85.6,3,pesquisador com afiliacao italiana atual · dono com um unico canal nesta base: nao repete ninguem · endereco CANONICAL,"sinal agricola denso · cobre T6, T5"
121,Stefano Maini — registo cientifico ORCID (Alma Mater Studiorum - Università di Bologna),CIENCIA,Stefano Maini · Alma Mater Studiorum - Università di Bologna,https://orcid.org/0000-0001-7272-1243,T6;T5,EMILIA-ROMAGNA,85.6,3,pesquisador com afiliacao italiana atual · dono com um unico canal nesta base: nao repete ninguem · endereco CANONICAL,"sinal agricola denso · cobre T6, T5"
122,Tito Caffi — registo cientifico ORCID (Università Cattolica del Sacro Cuore),CIENCIA,Tito Caffi · Università Cattolica del Sacro Cuore,https://orcid.org/0000-0001-9929-4130,T6;T5,EMILIA-ROMAGNA,85.6,3,pesquisador com afiliacao italiana atual · dono com um unico canal nesta base: nao repete ninguem · endereco CANONICAL,"sinal agricola denso · cobre T6, T5"
123,Vera Pavese — registo cientifico ORCID (University of Turin),CIENCIA,Vera Pavese · University of Turin,https://orcid.org/0000-0002-6863-3950,T6;T5,PIEMONTE,85.6,3,pesquisador com afiliacao italiana atual · dono com um unico canal nesta base: nao repete ninguem · endereco CANONICAL,"sinal agricola denso · cobre T6, T5"
124,sara ruschioni — registo cientifico ORCID (Marche Polytechnic University),CIENCIA,sara ruschioni · Marche Polytechnic University,https://orcid.org/0000-0003-2965-6364,T6;T5,MARCHE,85.6,3,pesquisador com afiliacao italiana atual · dono com um unico canal nesta base: nao repete ninguem · endereco CANONICAL,"sinal agricola denso · cobre T6, T5"
125,CONAF — Consiglio Ordine Nazionale Dottori Agronomi e Forestali,ORGANIZACAO,CONAF,https://www.conaf.it/,T7;T12,NAZIONALE,85.0,5,ordem profissional / rede tecnica · publica com frequencia alta (data visivel de 2026-09-04 (10d) — publicacao muito recente) · rota tecnica previsivel (sinais de rota estruturada na pagina: API) · canal institucional do dono (o grupo tem 2 canais) — e' onde vive o sinal tecnico · endereco CANONICAL,"publica com frequencia alta, rota tecnica previsivel, feed declarado · cobre T7, T12"
126,Koppert Italia,ORGANIZACAO,Koppert Biological Systems,https://www.koppert.it/,T9;T3,NAZIONALE,84.4,4,concorrente / industria de protecao e nutricao · rota tecnica previsivel (liga a ficheiros estruturados (csv/json/xlsx/xml)) · canal institucional do dono (o grupo tem 3 canais) — e' onde vive o sinal tecnico · endereco CANONICAL,"sinal agricola denso, rota tecnica previsivel · cobre T9, T3"
127,UNIPG DSA3 — Dipartimento di Scienze Agrarie Alimentari e Ambientali,CIENCIA,Universita di Perugia,https://dsa3.unipg.it/,T5;T6;T1,UMBRIA,84.4,3,"universidade / departamento agrario · e' o dono do dado, nao um intermediario · dono com um unico canal nesta base: nao repete ninguem · endereco CANONICAL","dono do dado, nao intermediario, sinal agricola denso · cobre T5, T6, T1"
128,Borsa Merci Bologna — Camera di Commercio,BASE_OFICIAL,Camera di Commercio di Bologna,https://www.bo.camcom.gov.it/,T10,EMILIA-ROMAGNA,84.0,3,"ente de filiera / mercado oficial · e' o dono do dado, nao um intermediario · dono com um unico canal nesta base: nao repete ninguem · endereco CANONICAL","dono do dado, nao intermediario, sinal agricola denso · cobre T10"
129,CBC Biogard,ORGANIZACAO,CBC Europe — Biogard,https://www.biogard.it/,T9;T3,LOMBARDIA,84.0,5,concorrente / industria de protecao e nutricao · rota tecnica previsivel (sinais de rota estruturada na pagina: API) · dono com um unico canal nesta base: nao repete ninguem · endereco CANONICAL,"sinal agricola denso, rota tecnica previsivel, feed declarado · cobre T9, T3"
130,CSO Italy — Centro Servizi Ortofrutticoli,ORGANIZACAO,CSO Italy,https://www.csoservizi.com/,T10;T1,EMILIA-ROMAGNA,84.0,5,"ente de filiera / mercado oficial · e' o dono do dado, nao um intermediario · rota tecnica previsivel (sinais de rota estruturada na pagina: API) · dono com um unico canal nesta base: nao repete ninguem · endereco CANONICAL","dono do dado, nao intermediario, sinal agricola denso, rota tecnica previsivel, feed declarado · cobre T10, T1"
131,Certis Belchim Italia,ORGANIZACAO,Certis Belchim,https://www.certisbelchim.it/,T9;T10,NAZIONALE,84.0,5,concorrente / industria de protecao e nutricao · rota tecnica previsivel (sinais de rota estruturada na pagina: API) · canal institucional do dono (o grupo tem 2 canais) — e' onde vive o sinal tecnico · endereco CANONICAL,"sinal agricola denso, rota tecnica previsivel, feed declarado · cobre T9, T10"
132,Italia Olivicola,ORGANIZACAO,Italia Olivicola Consorzio Nazionale,https://www.italiaolivicola.it/,T1;T10,NAZIONALE,84.0,5,organizacao de produtores · rota tecnica previsivel (sinais de rota estruturada na pagina: API) · dono com um unico canal nesta base: nao repete ninguem · endereco CANONICAL,"sinal agricola denso, rota tecnica previsivel, feed declarado · cobre T1, T10"
133,Olivo e Olio — Edagricole,IMPRENSA,Edagricole — New Business Media,https://olivoeolio.edagricole.it/,T1;T3,NAZIONALE,84.0,5,"universidade / departamento agrario · e' o dono do dado, nao um intermediario · rota tecnica previsivel (sinais de rota estruturada na pagina: API) · canal institucional do dono (o grupo tem 4 canais) — e' onde vive o sinal tecnico · endereco CANONICAL","dono do dado, nao intermediario, sinal agricola denso, rota tecnica previsivel, feed declarado · cobre T1, T3"
134,Phytopathologia Mediterranea,CIENCIA,Firenze University Press / Mediterranean Phytopathological Union,https://oajournals.fupress.net/index.php/pm,T3;T5,TOSCANA,84.0,4,"universidade / departamento agrario · e' o dono do dado, nao um intermediario · rota tecnica previsivel (declara feed RSS/Atom no cabecalho) · dono com um unico canal nesta base: nao repete ninguem · endereco CANONICAL","dono do dado, nao intermediario, sinal agricola denso, rota tecnica previsivel, feed declarado · cobre T3, T5"
135,Rivista di Agraria,IMPRENSA,Rivista di Agraria,https://www.rivistadiagraria.org/,T1;T5;T12,NAZIONALE,84.0,5,imprensa tecnica agricola · rota tecnica previsivel (sinais de rota estruturada na pagina: API) · dono com um unico canal nesta base: nao repete ninguem · endereco CANONICAL,"sinal agricola denso, rota tecnica previsivel, feed declarado · cobre T1, T5, T12"
136,Ruminantia — web magazine dei ruminanti,IMPRENSA,Ruminantia,https://www.ruminantia.it/,T10;T1;T7,NAZIONALE,84.0,5,imprensa tecnica agricola · rota tecnica previsivel (sinais de rota estruturada na pagina: API) · dono com um unico canal nesta base: nao repete ninguem · endereco CANONICAL,"sinal agricola denso, rota tecnica previsivel, feed declarado · cobre T10, T1, T7"
137,SCAM,ORGANIZACAO,SCAM S.p.A.,https://www.scam.it/,T9;T10,EMILIA-ROMAGNA,84.0,5,concorrente / industria de protecao e nutricao · rota tecnica previsivel (sinais de rota estruturada na pagina: API) · dono com um unico canal nesta base: nao repete ninguem · endereco CANONICAL,"sinal agricola denso, rota tecnica previsivel, feed declarado · cobre T9, T10"
138,SIA — Societa Italiana di Agronomia,ORGANIZACAO,Societa Italiana di Agronomia,https://www.siagr.it/,T1;T5,NAZIONALE,84.0,5,sociedade cientifica / academia · rota tecnica previsivel (sinais de rota estruturada na pagina: API) · canal institucional do dono (o grupo tem 2 canais) — e' onde vive o sinal tecnico · endereco CANONICAL,"sinal agricola denso, rota tecnica previsivel, feed declarado · cobre T1, T5"
139,Teatro Naturale,IMPRENSA,Teatro Naturale,https://www.teatronaturale.it/,T1;T3;T10,NAZIONALE,84.0,5,imprensa tecnica agricola · rota tecnica previsivel (sinais de rota estruturada na pagina: API) · dono com um unico canal nesta base: nao repete ninguem · endereco CANONICAL,"sinal agricola denso, rota tecnica previsivel, feed declarado · cobre T1, T3, T10"
140,UNIBO DISTAL — Dipartimento di Scienze e Tecnologie Agro-Alimentari,CIENCIA,Universita di Bologna,https://distal.unibo.it/it,T5;T6;T1,EMILIA-ROMAGNA,84.0,3,"universidade / departamento agrario · e' o dono do dado, nao um intermediario · canal institucional do dono (o grupo tem 5 canais) — e' onde vive o sinal tecnico · endereco CANONICAL","dono do dado, nao intermediario, sinal agricola denso · cobre T5, T6, T1"
141,Agriligurianet — Regione Liguria agricoltura,BASE_OFICIAL,Regione Liguria,https://www.agriligurianet.it/it/,T1;T3;T7,LIGURIA,83.0,3,"agencia regional agricola · e' o dono do dado, nao um intermediario · canal institucional do dono (o grupo tem 3 canais) — e' onde vive o sinal tecnico · endereco CANONICAL","dono do dado, nao intermediario, sinal agricola denso · cobre T1, T3, T7"
142,Consorzi Agrari d'Italia — CAI,ORGANIZACAO,Consorzi Agrari d'Italia,https://www.consorziagrariditalia.it/chi-siamo/,T7;T10,NAZIONALE,83.0,5,organizacao agricola / representacao de produtores · publica com frequencia alta (data visivel de 2026-06-30 (76d)) · rota tecnica previsivel (sinais de rota estruturada na pagina: API) · canal institucional do dono (o grupo tem 2 canais) — e' onde vive o sinal tecnico · endereco CANONICAL,"publica com frequencia alta, rota tecnica previsivel · cobre T7, T10"
143,Consorzio Tutela Vini d'Abruzzo,ORGANIZACAO,Consorzio Tutela Vini d'Abruzzo,https://www.vinidabruzzo.it/,T10;T1,ABRUZZO,83.0,5,consorcio de tutela / bonifica · publica com frequencia alta (data visivel de 2026-09-01 (13d) — publicacao muito recente) · rota tecnica previsivel (sinais de rota estruturada na pagina: API) · canal institucional do dono (o grupo tem 4 canais) — e' onde vive o sinal tecnico · endereco CANONICAL,"sinal agricola denso, publica com frequencia alta, rota tecnica previsivel · cobre T10, T1"
144,Consorzio di Tutela Arancia Rossa di Sicilia IGP,ORGANIZACAO,Consorzio Arancia Rossa di Sicilia,https://www.tutelaaranciarossa.it/,T10;T1,SICILIA,83.0,5,consorcio de tutela / bonifica · publica com frequencia alta (data visivel de 2026-09-14 (0d) — publicacao muito recente) · rota tecnica previsivel (sinais de rota estruturada na pagina: API) · canal institucional do dono (o grupo tem 2 canais) — e' onde vive o sinal tecnico · endereco CANONICAL,"sinal agricola denso, publica com frequencia alta, rota tecnica previsivel, feed declarado · cobre T10, T1"
145,Consorzio di Tutela del Grana Padano,ORGANIZACAO,Consorzio Tutela Grana Padano,https://www.granapadano.it/it-it/,T10;T1,LOMBARDIA,83.0,5,consorcio de tutela / bonifica · publica com frequencia alta (data visivel de 2026-09-11 (3d) — publicacao muito recente) · rota tecnica previsivel (sinais de rota estruturada na pagina: API) · canal institucional do dono (o grupo tem 4 canais) — e' onde vive o sinal tecnico · endereco CANONICAL,"sinal agricola denso, publica com frequencia alta, rota tecnica previsivel, feed declarado · cobre T10, T1"
146,AgroNotizie — Image Line,IMPRENSA,Image Line,https://agronotizie.imagelinenetwork.com/,T1;T3;T4;T10,EMILIA-ROMAGNA,82.2,4,imprensa tecnica agricola · rota tecnica previsivel (publica boletins em PDF — formato previsivel) · canal institucional do dono (o grupo tem 4 canais) — e' onde vive o sinal tecnico · endereco CANONICAL,"sinal agricola denso, rota tecnica previsivel · cobre T1, T3, T4, T10"
147,SIPaV — Societa Italiana di Patologia Vegetale,ORGANIZACAO,SIPaV,https://www.sipav.org/,T3;T5;T6,NAZIONALE,82.2,4,sociedade cientifica / academia · rota tecnica previsivel (liga a ficheiros estruturados (csv/json/xlsx/xml)) · dono com um unico canal nesta base: nao repete ninguem · endereco CANONICAL,"sinal agricola denso, rota tecnica previsivel · cobre T3, T5, T6"
148,Accademia dei Georgofili,ORGANIZACAO,Accademia dei Georgofili,https://www.georgofili.it/,T5;T11;T12,TOSCANA,82.0,3,sociedade cientifica / academia · publica com frequencia alta (data visivel de 2026-09-08 (6d) — publicacao muito recente) · canal institucional do dono (o grupo tem 4 canais) — e' onde vive o sinal tecnico · endereco CANONICAL,"sinal agricola denso, publica com frequencia alta · cobre T5, T11, T12"
149,OlivoNews — giornale di olivicoltura,IMPRENSA,OlivoNews,https://www.olivonews.it/,T1;T3;T10,NAZIONALE,82.0,5,imprensa tecnica agricola · rota tecnica previsivel (sinais de rota estruturada na pagina: API) · dono com um unico canal nesta base: nao repete ninguem · endereco CANONICAL,"sinal agricola denso, rota tecnica previsivel, feed declarado · cobre T1, T3, T10"
150,SIMEI — Salone Internazionale Macchine per Enologia e Imbottigliamento,ORGANIZACAO,Unione Italiana Vini,https://www.simei.it/,T11;T10,NAZIONALE,82.0,4,"ente de filiera / mercado oficial · e' o dono do dado, nao um intermediario · rota tecnica previsivel (publica boletins em PDF — formato previsivel) · canal institucional do dono (o grupo tem 3 canais) — e' onde vive o sinal tecnico · endereco CANONICAL","dono do dado, nao intermediario, sinal agricola denso, rota tecnica previsivel · cobre T11, T10"
151,CIA — Agricoltori Italiani,ORGANIZACAO,CIA,https://www.cia.it/,T12;T7,NAZIONALE,81.1,4,organizacao agricola / representacao de produtores · rota tecnica previsivel (liga a ficheiros estruturados (csv/json/xlsx/xml)) · canal institucional do dono (o grupo tem 3 canais) — e' onde vive o sinal tecnico · endereco CANONICAL,"rota tecnica previsivel · cobre T12, T7"
152,Confagricoltura,ORGANIZACAO,Confagricoltura,https://www.confagricoltura.it/ita/,T12;T7;T10,NAZIONALE,81.1,4,organizacao agricola / representacao de produtores · rota tecnica previsivel (liga a ficheiros estruturados (csv/json/xlsx/xml)) · canal institucional do dono (o grupo tem 6 canais) — e' onde vive o sinal tecnico · endereco CANONICAL,"rota tecnica previsivel · cobre T12, T7, T10"
153,Consorzio Tutela Prosecco DOC,ORGANIZACAO,Consorzio Tutela Prosecco DOC,https://www.prosecco.it/it/,T10;T1,VENETO,81.1,5,consorcio de tutela / bonifica · rota tecnica previsivel (sinais de rota estruturada na pagina: API) · canal institucional do dono (o grupo tem 4 canais) — e' onde vive o sinal tecnico · endereco CANONICAL,"sinal agricola denso, rota tecnica previsivel · cobre T10, T1"
154,AIAB — Associazione Italiana Agricoltura Biologica,ORGANIZACAO,AIAB,https://aiab.it/,T12;T1,NAZIONALE,81.0,5,organizacao agricola / representacao de produtores · rota tecnica previsivel (sinais de rota estruturada na pagina: API) · dono com um unico canal nesta base: nao repete ninguem · endereco CANONICAL,"rota tecnica previsivel, feed declarado · cobre T12, T1"
155,ANBI — Associazione Nazionale Consorzi di gestione e tutela del territorio e acque irrigue,ORGANIZACAO,ANBI,https://www.anbi.it/,T2;T12,NAZIONALE,81.0,4,organizacao agricola / representacao de produtores · publica com frequencia alta (data visivel de 2026-09-11 (3d) — publicacao muito recente) · rota tecnica previsivel (liga a ficheiros estruturados (csv/json/xlsx/xml)) · canal institucional do dono (o grupo tem 2 canais) — e' onde vive o sinal tecnico · endereco CANONICAL,"publica com frequencia alta, rota tecnica previsivel · cobre T2, T12"
156,Alleanza delle Cooperative Italiane Agroalimentare,ORGANIZACAO,Alleanza Cooperative,https://www.alleanzacooperative.it/,T10;T12,NAZIONALE,81.0,5,organizacao agricola / representacao de produtores · rota tecnica previsivel (sinais de rota estruturada na pagina: API) · dono com um unico canal nesta base: nao repete ninguem · endereco CANONICAL,"rota tecnica previsivel, feed declarado · cobre T10, T12"
157,CIA Toscana,ORGANIZACAO,CIA Agricoltori Italiani,https://www.ciatoscana.eu/home/,T12;T7,TOSCANA,81.0,5,organizacao agricola / representacao de produtores · rota tecnica previsivel (sinais de rota estruturada na pagina: API) · canal institucional do dono (o grupo tem 2 canais) — e' onde vive o sinal tecnico · endereco CANONICAL,"rota tecnica previsivel, feed declarado · cobre T12, T7"
158,ASSAM Marche — Agenzia Servizi Settore Agroalimentare delle Marche — Youtube ufficiale,YOUTUBE,Regione Marche,https://www.youtube.com/channel/UCpiryXByW32kGxQXTlbnSXA,T3;T2;T7,MARCHE,80.0,3,"servico fitossanitario / defesa vegetal · e' o dono do dado, nao um intermediario · endereco CANONICAL","dono do dado, nao intermediario, sinal agricola denso, feed declarado · cobre T3, T2, T7"
159,Georgofili INFO — notiziario,IMPRENSA,Accademia dei Georgofili,https://www.georgofili.info/,T5;T12;T11,TOSCANA,80.0,3,imprensa tecnica agricola · canal institucional do dono (o grupo tem 4 canais) — e' onde vive o sinal tecnico · endereco CANONICAL,"sinal agricola denso · cobre T5, T12, T11"
160,Georgofili — Accademia dei Georgofili (portale .net),ORGANIZACAO,Accademia dei Georgofili,https://www.georgofili.net/,T5;T11,TOSCANA,80.0,3,sociedade cientifica / academia · canal institucional do dono (o grupo tem 4 canais) — e' onde vive o sinal tecnico · endereco CANONICAL,"sinal agricola denso · cobre T5, T11"
161,SOI — Societa di Ortoflorofrutticoltura Italiana,ORGANIZACAO,SOI,https://www.soihs.it/,T1;T5;T11,NAZIONALE,80.0,3,imprensa tecnica agricola · dono com um unico canal nesta base: nao repete ninguem · endereco CANONICAL,"sinal agricola denso · cobre T1, T5, T11"
