SOURCE_ID,SOURCE_NAME,TERRITORY,ROTAS_PROVADAS,MIME,ROTA_EXEMPLO,BYTES_GUARDADOS_EM_DISCO,O_QUE_O_CONTRATO_AINDA_TEM_DE_DIZER,EVIDENCIA
IT-T1-001,ISTAT — coltivazioni (SDMX / esploradati),T1,1,application/vnd.sdmx.data+csv,"https://esploradati.istat.it/SDMXWS/rest/data/IT1,101_1015_DF_DCSP_COLTIVAZIONI_2,1.0/?startPeriod=2025&endPeriod=2025",SIM,"cadencia · o que fazer quando quebrar · campos esperados · dono que responde — nada disto esta medido, e nenhum e adivinhavel a partir da rota",data/samples/IT-SOURCE-SAMPLES/IT-T1-001/MANIFEST.json
IT-T1-002,Provincia autonoma di Trento — Agricoltura,T1,1,text/html,https://www.provincia.tn.it/News/Eventi/AUTONOMIA-2026.-Il-Cammino-della-Comunita-trentina,"NAO — o item foi aberto e resumido (com SHA256 do que foi lido), os bytes nao ficaram","cadencia · o que fazer quando quebrar · campos esperados · dono que responde — nada disto esta medido, e nenhum e adivinhavel a partir da rota",data/samples/IT-SOURCE-SAMPLES/IT-T1-002/MANIFEST.json
IT-T1-003,Regione Toscana — Agricoltura,T1,1,text/html,https://www.regione.toscana.it/regione/approfondimenti,"NAO — o item foi aberto e resumido (com SHA256 do que foi lido), os bytes nao ficaram","cadencia · o que fazer quando quebrar · campos esperados · dono que responde — nada disto esta medido, e nenhum e adivinhavel a partir da rota",data/samples/IT-SOURCE-SAMPLES/IT-T1-003/MANIFEST.json
IT-T1-004,Liguria — Regione Liguria agricoltura,T1,1,text/html,https://www.regione.liguria.it/homepage-attivita-istituzionale/atti-di-notifica/avvisi-atti-notifica.html,"NAO — o item foi aberto e resumido (com SHA256 do que foi lido), os bytes nao ficaram","cadencia · o que fazer quando quebrar · campos esperados · dono que responde — nada disto esta medido, e nenhum e adivinhavel a partir da rota",data/samples/IT-SOURCE-SAMPLES/IT-T1-004/MANIFEST.json
IT-T1-005,Umbria — Agricoltura e foreste,T1,1,text/html,https://www.regione.umbria.it/notizie/-/asset_publisher/54m7RxsCDsHr/content/celebrazioni-del-165-anniversario-dell-ente-santa-croce-maria-montessori-di-perugia?read_more=true,"NAO — o item foi aberto e resumido (com SHA256 do que foi lido), os bytes nao ficaram","cadencia · o que fazer quando quebrar · campos esperados · dono que responde — nada disto esta medido, e nenhum e adivinhavel a partir da rota",data/samples/IT-SOURCE-SAMPLES/IT-T1-005/MANIFEST.json
IT-T1-006,ARSAC Calabria — Azienda Regionale per lo Sviluppo dell'Agricoltura Calabrese,T1,1,text/html,https://arsac.calabria.it/bollettino-agrometeorologico-e-fitosanitario-agrumi-olivo-vite-e-kiwi-valido-fino-al-4-agosto-2026/,"NAO — o item foi aberto e resumido (com SHA256 do que foi lido), os bytes nao ficaram","cadencia · o que fazer quando quebrar · campos esperados · dono que responde — nada disto esta medido, e nenhum e adivinhavel a partir da rota",data/samples/IT-SOURCE-SAMPLES/IT-T1-006/MANIFEST.json
IT-T1-007,ARSIAL — Agenzia Regionale Sviluppo Innovazione Agricoltura Lazio,T1,1,text/html,https://www.arsial.it/bandi-e-avvisi/avvisi-per-privati/,"NAO — o item foi aberto e resumido (com SHA256 do que foi lido), os bytes nao ficaram","cadencia · o que fazer quando quebrar · campos esperados · dono que responde — nada disto esta medido, e nenhum e adivinhavel a partir da rota",data/samples/IT-SOURCE-SAMPLES/IT-T1-007/MANIFEST.json
IT-T1-008,Agricoltura Regione Lombardia,T1,1,application/pdf,https://www.ersaf.lombardia.it/wp-content/uploads/2024/08/SEO31_31-07-20241.pdf,"NAO — o item foi aberto e resumido (com SHA256 do que foi lido), os bytes nao ficaram","cadencia · o que fazer quando quebrar · campos esperados · dono que responde — nada disto esta medido, e nenhum e adivinhavel a partir da rota",data/samples/IT-SOURCE-SAMPLES/IT-T1-008/MANIFEST.json
IT-T1-009,Lazio — Agricoltura Regione Lazio,T1,1,text/html,https://www.regione.lazio.it/notizie/agricoltura/pn-feampa-2021-2027-intervento-222507-approvazione-bando,"NAO — o item foi aberto e resumido (com SHA256 do que foi lido), os bytes nao ficaram","cadencia · o que fazer quando quebrar · campos esperados · dono que responde — nada disto esta medido, e nenhum e adivinhavel a partir da rota",data/samples/IT-SOURCE-SAMPLES/IT-T1-009/MANIFEST.json
IT-T1-010,Regione Abruzzo — Agricoltura,T1,1,text/html,http://www.regione.abruzzo.it/notizie/validati-i-nuovi-atti-aziendali-delle-4-asl-regionali,"NAO — o item foi aberto e resumido (com SHA256 do que foi lido), os bytes nao ficaram","cadencia · o que fazer quando quebrar · campos esperados · dono que responde — nada disto esta medido, e nenhum e adivinhavel a partir da rota",data/samples/IT-SOURCE-SAMPLES/IT-T1-010/MANIFEST.json
IT-T1-011,Regione Umbria — Agricoltura,T1,1,text/html,https://www.regione.umbria.it/agricoltura/notizia/-/asset_publisher/PVUq7ammJALj/content/legge-serpieri?read_more=true,"NAO — o item foi aberto e resumido (com SHA256 do que foi lido), os bytes nao ficaram","cadencia · o que fazer quando quebrar · campos esperados · dono que responde — nada disto esta medido, e nenhum e adivinhavel a partir da rota",data/samples/IT-SOURCE-SAMPLES/IT-T1-011/MANIFEST.json
IT-T1-012,Regione Valle d'Aosta — Agricoltura,T1,1,text/html,https://www.regione.vda.it/amministrazionetrasparente/personale/pubblicazioneincarichidirigenziali/default_i.aspx,"NAO — o item foi aberto e resumido (com SHA256 do que foi lido), os bytes nao ficaram","cadencia · o que fazer quando quebrar · campos esperados · dono que responde — nada disto esta medido, e nenhum e adivinhavel a partir da rota",data/samples/IT-SOURCE-SAMPLES/IT-T1-012/MANIFEST.json
IT-T1-013,Assosementi,T1,1,text/html,https://www.sementi.it/comunicati_stampa/seme-in-natura-certificato-e-pulito-tara-0-di-erba-medica-confermato-a-280-e-kg-il-prezzo-orientativo-per-la-campagna-2026/,"NAO — o item foi aberto e resumido (com SHA256 do que foi lido), os bytes nao ficaram","cadencia · o que fazer quando quebrar · campos esperados · dono que responde — nada disto esta medido, e nenhum e adivinhavel a partir da rota",data/samples/IT-SOURCE-SAMPLES/IT-T1-013/MANIFEST.json
IT-T1-014,Ente Nazionale Risi,T1,1,text/html,http://www.enterisi.it/servizi/notizie/notizie_fase01.aspx?categoriaVisualizzata=19,"NAO — o item foi aberto e resumido (com SHA256 do que foi lido), os bytes nao ficaram","cadencia · o que fazer quando quebrar · campos esperados · dono que responde — nada disto esta medido, e nenhum e adivinhavel a partir da rota",data/samples/IT-SOURCE-SAMPLES/IT-T1-014/MANIFEST.json
IT-T1-015,Terra e Vita — Edagricole,T1,1,text/html,https://terraevita.edagricole.it/agridaily-guida-pac/pac-per-gli-agricoltori/approfondimenti-pac/dublino-mette-alla-prova-la-nuova-agricoltura-europea-sicurezza-innovazione-e-risorse/,"NAO — o item foi aberto e resumido (com SHA256 do que foi lido), os bytes nao ficaram","cadencia · o que fazer quando quebrar · campos esperados · dono que responde — nada disto esta medido, e nenhum e adivinhavel a partir da rota",data/samples/IT-SOURCE-SAMPLES/IT-T1-015/MANIFEST.json
IT-T1-016,Italia Olivicola,T1,1,text/html,https://www.italiaolivicola.it/category/news/,"NAO — o item foi aberto e resumido (com SHA256 do que foi lido), os bytes nao ficaram","cadencia · o que fazer quando quebrar · campos esperados · dono que responde — nada disto esta medido, e nenhum e adivinhavel a partir da rota",data/samples/IT-SOURCE-SAMPLES/IT-T1-016/MANIFEST.json
IT-T1-017,Olivo e Olio — Edagricole,T1,1,text/html,https://olivoeolio.edagricole.it/notizie-dalle-aziende/evolio-expo-conquista-usa-buyer-pronti-per-bari-2027/,"NAO — o item foi aberto e resumido (com SHA256 do que foi lido), os bytes nao ficaram","cadencia · o que fazer quando quebrar · campos esperados · dono que responde — nada disto esta medido, e nenhum e adivinhavel a partir da rota",data/samples/IT-SOURCE-SAMPLES/IT-T1-017/MANIFEST.json
IT-T1-018,Rivista di Agraria,T1,1,text/html,https://www.rivistadiagraria.org/articoli/anno-2026/sapore-della-salute/,"NAO — o item foi aberto e resumido (com SHA256 do que foi lido), os bytes nao ficaram","cadencia · o que fazer quando quebrar · campos esperados · dono que responde — nada disto esta medido, e nenhum e adivinhavel a partir da rota",data/samples/IT-SOURCE-SAMPLES/IT-T1-018/MANIFEST.json
IT-T1-019,SIA — Societa Italiana di Agronomia,T1,1,application/pdf,https://siagr.it/wp-content/uploads/2025/01/Statuto-della-Societa-Italiana-di-Agronomia19.06.2023.pdf,"NAO — o item foi aberto e resumido (com SHA256 do que foi lido), os bytes nao ficaram","cadencia · o que fazer quando quebrar · campos esperados · dono que responde — nada disto esta medido, e nenhum e adivinhavel a partir da rota",data/samples/IT-SOURCE-SAMPLES/IT-T1-019/MANIFEST.json
IT-T1-020,Agriligurianet — Regione Liguria agricoltura,T1,1,text/html,https://www.agriligurianet.it/it/impresa/2013-04-04-08-54-42/approfondimenti.html,"NAO — o item foi aberto e resumido (com SHA256 do que foi lido), os bytes nao ficaram","cadencia · o que fazer quando quebrar · campos esperados · dono que responde — nada disto esta medido, e nenhum e adivinhavel a partir da rota",data/samples/IT-SOURCE-SAMPLES/IT-T1-020/MANIFEST.json
IT-T1-021,AgroNotizie — Image Line,T1,1,text/html,https://agronotizie.imagelinenetwork.com/newsletter/,"NAO — o item foi aberto e resumido (com SHA256 do que foi lido), os bytes nao ficaram","cadencia · o que fazer quando quebrar · campos esperados · dono que responde — nada disto esta medido, e nenhum e adivinhavel a partir da rota",data/samples/IT-SOURCE-SAMPLES/IT-T1-021/MANIFEST.json
IT-T1-022,OlivoNews — giornale di olivicoltura,T1,1,text/html,https://olivonews.it/category/attualita/,"NAO — o item foi aberto e resumido (com SHA256 do que foi lido), os bytes nao ficaram","cadencia · o que fazer quando quebrar · campos esperados · dono que responde — nada disto esta medido, e nenhum e adivinhavel a partir da rota",data/samples/IT-SOURCE-SAMPLES/IT-T1-022/MANIFEST.json
IT-T1-023,SOI — Societa di Ortoflorofrutticoltura Italiana,T1,1,text/html,https://www.soihs.it/pubblicazioni/0000001920/video/olivo.aspx,"NAO — o item foi aberto e resumido (com SHA256 do que foi lido), os bytes nao ficaram","cadencia · o que fazer quando quebrar · campos esperados · dono que responde — nada disto esta medido, e nenhum e adivinhavel a partir da rota",data/samples/IT-SOURCE-SAMPLES/IT-T1-023/MANIFEST.json
IT-T2-001,ARPAE — Bollettino agrometeorologico regionale,T2,2,application/pdf,https://www.arpae.it/it/temi-ambientali/meteo/report-meteo/bollettini-e-rapporti-agrometeo/bollettini-agrometeo/bollettini-2026/35_boll_agro_20260831.pdf,SIM,"cadencia · o que fazer quando quebrar · campos esperados · dono que responde — nada disto esta medido, e nenhum e adivinhavel a partir da rota",data/samples/IT-SOURCE-SAMPLES/IT-T2-001/MANIFEST.json
IT-T2-002,ARPAV — Agrometeo / Agrometeo Informa / bollettini zonali,T2,2,application/pdf,https://www.arpa.veneto.it/risorse/data-agrometeo/agrometeo/32zone/agro_01.pdf,SIM,"cadencia · o que fazer quando quebrar · campos esperados · dono que responde — nada disto esta medido, e nenhum e adivinhavel a partir da rota",data/samples/IT-SOURCE-SAMPLES/IT-T2-002/MANIFEST.json
IT-T2-004,SIAS Sicilia — agrometeorologia regional,T2,2,text/html,http://www.sias.regione.sicilia.it/NHEOWL0530_00.html,SIM,"cadencia · o que fazer quando quebrar · campos esperados · dono que responde — nada disto esta medido, e nenhum e adivinhavel a partir da rota",data/samples/IT-SOURCE-SAMPLES/IT-T2-004/MANIFEST.json
IT-T2-006,ARPA Campania,T2,1,text/html,https://www.arpacampania.it/web/guest/news,"NAO — o item foi aberto e resumido (com SHA256 do que foi lido), os bytes nao ficaram","cadencia · o que fazer quando quebrar · campos esperados · dono que responde — nada disto esta medido, e nenhum e adivinhavel a partir da rota",data/samples/IT-SOURCE-SAMPLES/IT-T2-006/MANIFEST.json
IT-T2-007,ARPA Sicilia,T2,1,text/html,https://www.arpa.sicilia.it/attivita/educazione-ambientale/pubblicazioni/,"NAO — o item foi aberto e resumido (com SHA256 do que foi lido), os bytes nao ficaram","cadencia · o que fazer quando quebrar · campos esperados · dono que responde — nada disto esta medido, e nenhum e adivinhavel a partir da rota",data/samples/IT-SOURCE-SAMPLES/IT-T2-007/MANIFEST.json
IT-T2-008,ARPAT Toscana,T2,1,text/html,https://www.arpat.toscana.it/pubblicazione/centrali-geotermiche-della-toscana-anno-2025/,"NAO — o item foi aberto e resumido (com SHA256 do que foi lido), os bytes nao ficaram","cadencia · o que fazer quando quebrar · campos esperados · dono que responde — nada disto esta medido, e nenhum e adivinhavel a partir da rota",data/samples/IT-SOURCE-SAMPLES/IT-T2-008/MANIFEST.json
IT-T2-009,ISPRA — Istituto Superiore per la Protezione e la Ricerca Ambientale,T2,1,application/pdf,https://www.isprambiente.gov.it/it/files/iso_9001-ita-c859101-2-20260709.pdf,"NAO — o item foi aberto e resumido (com SHA256 do que foi lido), os bytes nao ficaram","cadencia · o que fazer quando quebrar · campos esperados · dono que responde — nada disto esta medido, e nenhum e adivinhavel a partir da rota",data/samples/IT-SOURCE-SAMPLES/IT-T2-009/MANIFEST.json
IT-T2-010,APPA Trento — Agenzia provinciale protezione ambiente,T2,1,text/html,https://www.appa.provincia.tn.it/News/Approfondimenti/Voluntary-local-review-VLR-2026,"NAO — o item foi aberto e resumido (com SHA256 do que foi lido), os bytes nao ficaram","cadencia · o que fazer quando quebrar · campos esperados · dono que responde — nada disto esta medido, e nenhum e adivinhavel a partir da rota",data/samples/IT-SOURCE-SAMPLES/IT-T2-010/MANIFEST.json
IT-T2-011,ARPA Lombardia,T2,1,application/pdf,https://www.arpalombardia.it/media/3filtsmf/la-montagna-che-cambia-crnv-ottobre-2026.pdf,"NAO — o item foi aberto e resumido (com SHA256 do que foi lido), os bytes nao ficaram","cadencia · o que fazer quando quebrar · campos esperados · dono que responde — nada disto esta medido, e nenhum e adivinhavel a partir da rota",data/samples/IT-SOURCE-SAMPLES/IT-T2-011/MANIFEST.json
IT-T2-012,ARPA Friuli Venezia Giulia — OSMER,T2,1,text/html,https://www.arpa.fvg.it/temi/temi/educazione-ambientale/news/le-proposte-per-le-scuole-202627/,"NAO — o item foi aberto e resumido (com SHA256 do que foi lido), os bytes nao ficaram","cadencia · o que fazer quando quebrar · campos esperados · dono que responde — nada disto esta medido, e nenhum e adivinhavel a partir da rota",data/samples/IT-SOURCE-SAMPLES/IT-T2-012/MANIFEST.json
IT-T2-013,ARPA Lazio,T2,1,text/html,https://www.arpalazio.it/web/guest/ambiente/rir/pubblicazioni,"NAO — o item foi aberto e resumido (com SHA256 do que foi lido), os bytes nao ficaram","cadencia · o que fazer quando quebrar · campos esperados · dono que responde — nada disto esta medido, e nenhum e adivinhavel a partir da rota",data/samples/IT-SOURCE-SAMPLES/IT-T2-013/MANIFEST.json
IT-T2-014,ARPA Molise,T2,1,application/pdf,https://www.arpamolise.it/Comunicazione/Pubblicazioni/pdf/cartaservizi.pdf,"NAO — o item foi aberto e resumido (com SHA256 do que foi lido), os bytes nao ficaram","cadencia · o que fazer quando quebrar · campos esperados · dono que responde — nada disto esta medido, e nenhum e adivinhavel a partir da rota",data/samples/IT-SOURCE-SAMPLES/IT-T2-014/MANIFEST.json
IT-T2-015,AIAM — Associazione Italiana di Agrometeorologia,T2,1,application/pdf,https://www.agrometeorologia.it/wp-content/uploads/2021/03/2021_brochure_it.pdf,"NAO — o item foi aberto e resumido (com SHA256 do que foi lido), os bytes nao ficaram","cadencia · o que fazer quando quebrar · campos esperados · dono que responde — nada disto esta medido, e nenhum e adivinhavel a partir da rota",data/samples/IT-SOURCE-SAMPLES/IT-T2-015/MANIFEST.json
IT-T2-016,ARPA Marche,T2,1,application/pdf,https://www.arpa.marche.it/images/pdf/agenzia/TARIFFARIO_2026.pdf,"NAO — o item foi aberto e resumido (com SHA256 do que foi lido), os bytes nao ficaram","cadencia · o que fazer quando quebrar · campos esperados · dono que responde — nada disto esta medido, e nenhum e adivinhavel a partir da rota",data/samples/IT-SOURCE-SAMPLES/IT-T2-016/MANIFEST.json
IT-T2-017,CNR IRET — Istituto di Ricerca sugli Ecosistemi Terrestri,T2,1,text/html,https://www.iret.cnr.it/news/,"NAO — o item foi aberto e resumido (com SHA256 do que foi lido), os bytes nao ficaram","cadencia · o que fazer quando quebrar · campos esperados · dono que responde — nada disto esta medido, e nenhum e adivinhavel a partir da rota",data/samples/IT-SOURCE-SAMPLES/IT-T2-017/MANIFEST.json
IT-T2-018,CNR ISAFOM — Istituto per i Sistemi Agricoli e Forestali del Mediterraneo,T2,1,text/html,https://isafom.cnr.it/category/news/,"NAO — o item foi aberto e resumido (com SHA256 do que foi lido), os bytes nao ficaram","cadencia · o que fazer quando quebrar · campos esperados · dono que responde — nada disto esta medido, e nenhum e adivinhavel a partir da rota",data/samples/IT-SOURCE-SAMPLES/IT-T2-018/MANIFEST.json
IT-T2-019,ARPA Piemonte,T2,1,text/html,https://www.arpa.piemonte.it/notizia/relazione-sullo-stato-dellambiente-piemonte-2026,"NAO — o item foi aberto e resumido (com SHA256 do que foi lido), os bytes nao ficaram","cadencia · o que fazer quando quebrar · campos esperados · dono que responde — nada disto esta medido, e nenhum e adivinhavel a partir da rota",data/samples/IT-SOURCE-SAMPLES/IT-T2-019/MANIFEST.json
IT-T2-020,ARTA Abruzzo,T2,1,application/pdf,https://www.artaabruzzo.it/download/aree/qualita/MIP_07_01_01_modulo_reclami_rev_01.pdf,"NAO — o item foi aberto e resumido (com SHA256 do que foi lido), os bytes nao ficaram","cadencia · o que fazer quando quebrar · campos esperados · dono que responde — nada disto esta medido, e nenhum e adivinhavel a partir da rota",data/samples/IT-SOURCE-SAMPLES/IT-T2-020/MANIFEST.json
IT-T2-021,ARPA Liguria,T2,1,text/html,https://www.arpal.liguria.it/home-page/notizie-tematiche/item/estate-2026-a-genova-quasi-90-notti-tropicali-e-60-piu-che-tropicali.html,"NAO — o item foi aberto e resumido (com SHA256 do que foi lido), os bytes nao ficaram","cadencia · o que fazer quando quebrar · campos esperados · dono que responde — nada disto esta medido, e nenhum e adivinhavel a partir da rota",data/samples/IT-SOURCE-SAMPLES/IT-T2-021/MANIFEST.json
IT-T2-022,ARPA Valle d'Aosta,T2,1,text/html,https://www.arpa.vda.it/component/tags/tag/bollettini,"NAO — o item foi aberto e resumido (com SHA256 do que foi lido), os bytes nao ficaram","cadencia · o que fazer quando quebrar · campos esperados · dono que responde — nada disto esta medido, e nenhum e adivinhavel a partir da rota",data/samples/IT-SOURCE-SAMPLES/IT-T2-022/MANIFEST.json
IT-T2-023,ARPA Basilicata,T2,1,text/html,https://www.arpab.it/articoli/news/arpa-informa/,"NAO — o item foi aberto e resumido (com SHA256 do que foi lido), os bytes nao ficaram","cadencia · o que fazer quando quebrar · campos esperados · dono que responde — nada disto esta medido, e nenhum e adivinhavel a partir da rota",data/samples/IT-SOURCE-SAMPLES/IT-T2-023/MANIFEST.json
IT-T2-024,ANBI — Associazione Nazionale Consorzi di gestione e tutela del territorio e acque irrigue,T2,1,application/pdf,https://www.anbi.it/public/sezioni/protocollolipu-firmato-pdf-20260303161103.pdf,"NAO — o item foi aberto e resumido (com SHA256 do que foi lido), os bytes nao ficaram","cadencia · o que fazer quando quebrar · campos esperados · dono que responde — nada disto esta medido, e nenhum e adivinhavel a partir da rota",data/samples/IT-SOURCE-SAMPLES/IT-T2-024/MANIFEST.json
IT-T3-002,Campania — Bollettini fitosanitari regionali,T3,3,application/pdf,https://agricoltura.regione.campania.it/difesa/bollettini/bollettini_2026/pdf/SA-02-09.pdf,SIM,"cadencia · o que fazer quando quebrar · campos esperados · dono que responde — nada disto esta medido, e nenhum e adivinhavel a partir da rota",data/samples/IT-SOURCE-SAMPLES/IT-T3-002/MANIFEST.json
IT-T3-008,ARIF Puglia / Agrometeo Puglia — rete fitosanitaria,T3,3,application/pdf,https://www.agrometeopuglia.it/bollettino-elettronico/settimanale/2026/Notiziario_Agrometeorologico_N36_02-09-2026.pdf,SIM,"cadencia · o que fazer quando quebrar · campos esperados · dono que responde — nada disto esta medido, e nenhum e adivinhavel a partir da rota",data/samples/IT-SOURCE-SAMPLES/IT-T3-008/MANIFEST.json
IT-T3-010,APOL Lecce — monitoraggio olivicolo,T3,2,application/pdf,http://www.apol.it/documenti/notizie/Bollettino_Mosca_dellOlivo_n_9_del_07_09_2026.pdf,SIM,"cadencia · o que fazer quando quebrar · campos esperados · dono que responde — nada disto esta medido, e nenhum e adivinhavel a partir da rota",data/samples/IT-SOURCE-SAMPLES/IT-T3-010/MANIFEST.json
IT-T3-011,"AGRIOS — direttive, aggiornamenti e deroghe per la produzione integrata",T3,1,application/pdf,https://www.agrios.it/wp-content/uploads/0286_26_Agrios_Broschuere_Richtlinien_integrierte_Kernobstbau_IT_WEB.pdf,SIM,"cadencia · o que fazer quando quebrar · campos esperados · dono que responde — nada disto esta medido, e nenhum e adivinhavel a partir da rota",data/samples/IT-SOURCE-SAMPLES/IT-T3-011/MANIFEST.json
IT-T3-013,Emilia-Romagna — Servizio Fitosanitario,T3,1,text/html,https://agricoltura.regione.emilia-romagna.it/fitosanitario/difesa-sostenibile/bollettini/bollettini-interprovinciali-di-produzione-integrata-e-biologica-2026,"NAO — o item foi aberto e resumido (com SHA256 do que foi lido), os bytes nao ficaram","cadencia · o que fazer quando quebrar · campos esperados · dono que responde — nada disto esta medido, e nenhum e adivinhavel a partir da rota",data/samples/IT-SOURCE-SAMPLES/IT-T3-013/MANIFEST.json
IT-T3-014,Servizio Fitosanitario Nazionale — Protezione delle Piante,T3,1,text/html,https://www.protezionedellepiante.it/category/articoli/,"NAO — o item foi aberto e resumido (com SHA256 do que foi lido), os bytes nao ficaram","cadencia · o que fazer quando quebrar · campos esperados · dono que responde — nada disto esta medido, e nenhum e adivinhavel a partir da rota",data/samples/IT-SOURCE-SAMPLES/IT-T3-014/MANIFEST.json
IT-T3-015,Toscana — Servizio Fitosanitario Regionale,T3,1,text/html,https://www.regione.toscana.it/regione/approfondimenti,"NAO — o item foi aberto e resumido (com SHA256 do que foi lido), os bytes nao ficaram","cadencia · o que fazer quando quebrar · campos esperados · dono que responde — nada disto esta medido, e nenhum e adivinhavel a partir da rota",data/samples/IT-SOURCE-SAMPLES/IT-T3-015/MANIFEST.json
IT-T3-016,Veneto — Servizio Fitosanitario Regionale,T3,1,text/html,https://www.regione.veneto.it/web/guest/newsletter,"NAO — o item foi aberto e resumido (com SHA256 do que foi lido), os bytes nao ficaram","cadencia · o que fazer quando quebrar · campos esperados · dono que responde — nada disto esta medido, e nenhum e adivinhavel a partir da rota",data/samples/IT-SOURCE-SAMPLES/IT-T3-016/MANIFEST.json
IT-T3-017,CNR IPSP — Istituto per la Protezione Sostenibile delle Piante,T3,1,text/html,http://www.ipsp.cnr.it/notizie/,"NAO — o item foi aberto e resumido (com SHA256 do que foi lido), os bytes nao ficaram","cadencia · o que fazer quando quebrar · campos esperados · dono que responde — nada disto esta medido, e nenhum e adivinhavel a partir da rota",data/samples/IT-SOURCE-SAMPLES/IT-T3-017/MANIFEST.json
IT-T3-018,CNR ISPA — Istituto di Scienze delle Produzioni Alimentari,T3,1,text/html,https://www.ispa.cnr.it/news-e-eventi,"NAO — o item foi aberto e resumido (com SHA256 do que foi lido), os bytes nao ficaram","cadencia · o que fazer quando quebrar · campos esperados · dono que responde — nada disto esta medido, e nenhum e adivinhavel a partir da rota",data/samples/IT-SOURCE-SAMPLES/IT-T3-018/MANIFEST.json
IT-T3-019,Agroinnova — Centro di Competenza per l'Innovazione in campo agro-ambientale,T3,1,text/html,https://www.agroinnova.unito.it/it/ricerca/progetti-di-ricerca,"NAO — o item foi aberto e resumido (com SHA256 do que foi lido), os bytes nao ficaram","cadencia · o que fazer quando quebrar · campos esperados · dono que responde — nada disto esta medido, e nenhum e adivinhavel a partir da rota",data/samples/IT-SOURCE-SAMPLES/IT-T3-019/MANIFEST.json
IT-T3-020,Societa Entomologica Italiana,T3,1,application/pdf,https://www.societaentomologicaitaliana.it/wp-content/uploads/2024/11/Volantino_Esapodi.pdf,"NAO — o item foi aberto e resumido (com SHA256 do que foi lido), os bytes nao ficaram","cadencia · o que fazer quando quebrar · campos esperados · dono que responde — nada disto esta medido, e nenhum e adivinhavel a partir da rota",data/samples/IT-SOURCE-SAMPLES/IT-T3-020/MANIFEST.json
IT-T3-021,SIPaV — Societa Italiana di Patologia Vegetale,T3,1,text/html,https://www.sipav.org/it/12/News/,"NAO — o item foi aberto e resumido (com SHA256 do que foi lido), os bytes nao ficaram","cadencia · o que fazer quando quebrar · campos esperados · dono que responde — nada disto esta medido, e nenhum e adivinhavel a partir da rota",data/samples/IT-SOURCE-SAMPLES/IT-T3-021/MANIFEST.json
IT-T5-002,FEM OpenPub — repositório de publicações,T5,1,text/html,https://openpub.fmach.it/handle/10449/91515,SIM,"cadencia · o que fazer quando quebrar · campos esperados · dono que responde — nada disto esta medido, e nenhum e adivinhavel a partir da rota",data/samples/IT-SOURCE-SAMPLES/IT-T5-002/MANIFEST.json
IT-T5-003,Giornate Fitopatologiche — atti e programma,T5,2,application/pdf,https://aipp.it/wp-content/uploads/2025/12/11_Altieri_Bilancio-Fitosanitario-Olivo-2024-25-Basilicata.pdf,SIM,"cadencia · o que fazer quando quebrar · campos esperados · dono que responde — nada disto esta medido, e nenhum e adivinhavel a partir da rota",data/samples/IT-SOURCE-SAMPLES/IT-T5-003/MANIFEST.json
IT-T5-006,CNR — Consiglio Nazionale delle Ricerche,T5,1,text/html,https://www.cnr.it/it/news/14617/l-enigma-del-medioevo-a-grotta-romanelli-tre-corpi-e-un-mistero-lungo-millenni,"NAO — o item foi aberto e resumido (com SHA256 do que foi lido), os bytes nao ficaram","cadencia · o que fazer quando quebrar · campos esperados · dono que responde — nada disto esta medido, e nenhum e adivinhavel a partir da rota",data/samples/IT-SOURCE-SAMPLES/IT-T5-006/MANIFEST.json
IT-T5-007,Institut Agricole Regional — Aosta,T5,1,application/pdf,https://www.iaraosta.it/wp-content/uploads/2026/07/Carta-della-qualita-FIRMATA.pdf,"NAO — o item foi aberto e resumido (com SHA256 do que foi lido), os bytes nao ficaram","cadencia · o que fazer quando quebrar · campos esperados · dono que responde — nada disto esta medido, e nenhum e adivinhavel a partir da rota",data/samples/IT-SOURCE-SAMPLES/IT-T5-007/MANIFEST.json
IT-T5-008,Fondazione Agrion — Fondazione per la ricerca l'innovazione e lo sviluppo tecnologico dell'agricoltura piemontese,T5,1,application/pdf,https://www.agrion.it/2021/wp-content/uploads/2023/04/09-WEB-Informativa-newsletter.pdf,"NAO — o item foi aberto e resumido (com SHA256 do que foi lido), os bytes nao ficaram","cadencia · o que fazer quando quebrar · campos esperados · dono que responde — nada disto esta medido, e nenhum e adivinhavel a partir da rota",data/samples/IT-SOURCE-SAMPLES/IT-T5-008/MANIFEST.json
IT-T5-009,Fondazione Minoprio,T5,1,application/pdf,https://www.fondazioneminoprio.it/wp-content/uploads/2025/04/REGOLAMENTO-FM-2025-26.pdf,"NAO — o item foi aberto e resumido (com SHA256 do que foi lido), os bytes nao ficaram","cadencia · o que fazer quando quebrar · campos esperados · dono que responde — nada disto esta medido, e nenhum e adivinhavel a partir da rota",data/samples/IT-SOURCE-SAMPLES/IT-T5-009/MANIFEST.json
IT-T5-010,Fondazione per l'Agricoltura F.lli Navarra,T5,1,application/pdf,https://www.fondazionenavarra.it/images/pdf/la_pianura_n_3_2010_copertina.pdf,"NAO — o item foi aberto e resumido (com SHA256 do que foi lido), os bytes nao ficaram","cadencia · o que fazer quando quebrar · campos esperados · dono que responde — nada disto esta medido, e nenhum e adivinhavel a partir da rota",data/samples/IT-SOURCE-SAMPLES/IT-T5-010/MANIFEST.json
IT-T5-011,UNIBA DiSSPA — Dipartimento di Scienze del Suolo della Pianta e degli Alimenti,T5,1,application/pdf,https://www.uniba.it/it/ricerca/dipartimenti/processi-e-subprocessi-dei-dipartimenti-di-ricerca.pdf,"NAO — o item foi aberto e resumido (com SHA256 do que foi lido), os bytes nao ficaram","cadencia · o que fazer quando quebrar · campos esperados · dono que responde — nada disto esta medido, e nenhum e adivinhavel a partir da rota",data/samples/IT-SOURCE-SAMPLES/IT-T5-011/MANIFEST.json
IT-T5-012,UNIPI DiSAAA-a — Dipartimento di Scienze Agrarie Alimentari e Agro-ambientali,T5,1,application/pdf,https://www.agr.unipi.it/wp-content/uploads/2026/07/ad-agraria.pdf,"NAO — o item foi aberto e resumido (com SHA256 do que foi lido), os bytes nao ficaram","cadencia · o que fazer quando quebrar · campos esperados · dono que responde — nada disto esta medido, e nenhum e adivinhavel a partir da rota",data/samples/IT-SOURCE-SAMPLES/IT-T5-012/MANIFEST.json
IT-T5-013,CRPA — Centro Ricerche Produzioni Animali,T5,1,application/pdf,https://www.crpa.it/media/crpa_www/images/contattaci/QRCode_01253030355_CRPA.pdf,"NAO — o item foi aberto e resumido (com SHA256 do que foi lido), os bytes nao ficaram","cadencia · o que fazer quando quebrar · campos esperados · dono que responde — nada disto esta medido, e nenhum e adivinhavel a partir da rota",data/samples/IT-SOURCE-SAMPLES/IT-T5-013/MANIFEST.json
IT-T5-014,UNITUS DAFNE — Dipartimento di Scienze Agrarie e Forestali,T5,1,application/pdf,https://www.unitus.it/wp-content/uploads/2024/02/Linee-guida-con-allegati_2023.24-2.pdf,"NAO — o item foi aberto e resumido (com SHA256 do que foi lido), os bytes nao ficaram","cadencia · o que fazer quando quebrar · campos esperados · dono que responde — nada disto esta medido, e nenhum e adivinhavel a partir da rota",data/samples/IT-SOURCE-SAMPLES/IT-T5-014/MANIFEST.json
IT-T5-015,CNR IBBR — Istituto di Bioscienze e Biorisorse,T5,1,text/html,https://www.ibbr.cnr.it/ibbr/news/european-biotech-week-2026,"NAO — o item foi aberto e resumido (com SHA256 do que foi lido), os bytes nao ficaram","cadencia · o que fazer quando quebrar · campos esperados · dono que responde — nada disto esta medido, e nenhum e adivinhavel a partir da rota",data/samples/IT-SOURCE-SAMPLES/IT-T5-015/MANIFEST.json
IT-T5-016,AIR UNIMI — Archivio Istituzionale della Ricerca,T5,1,application/pdf,https://air.unimi.it/sr/static/DS6/AIR-nuova_interfaccia.pdf,"NAO — o item foi aberto e resumido (com SHA256 do que foi lido), os bytes nao ficaram","cadencia · o que fazer quando quebrar · campos esperados · dono que responde — nada disto esta medido, e nenhum e adivinhavel a partir da rota",data/samples/IT-SOURCE-SAMPLES/IT-T5-016/MANIFEST.json
IT-T5-017,FLORE UNIFI — Archivio istituzionale della ricerca,T5,1,application/pdf,https://www.unifi.it/sites/default/files/migrated/documents/dr_575_2022_regolamento_dottorato.pdf,"NAO — o item foi aberto e resumido (com SHA256 do que foi lido), os bytes nao ficaram","cadencia · o que fazer quando quebrar · campos esperados · dono que responde — nada disto esta medido, e nenhum e adivinhavel a partir da rota",data/samples/IT-SOURCE-SAMPLES/IT-T5-017/MANIFEST.json
IT-T5-018,IRIS UNIBO — Archivio istituzionale della ricerca,T5,1,application/pdf,https://www.unibo.it/it/allegati/policy-di-ateneo-per-l2019accesso-aperto-alle-pubblicazioni-e-ai-dati-della-ricerca/@@download/file/PolicyAteneoAccessoApertoPubblicazioniDatiRicerca.pdf,"NAO — o item foi aberto e resumido (com SHA256 do que foi lido), os bytes nao ficaram","cadencia · o que fazer quando quebrar · campos esperados · dono que responde — nada disto esta medido, e nenhum e adivinhavel a partir da rota",data/samples/IT-SOURCE-SAMPLES/IT-T5-018/MANIFEST.json
IT-T5-019,IRIS UNIPD — Archivio della ricerca,T5,1,application/pdf,https://wwwassets.unipd.it/sites/default/files/2026-04/Policy_accesso_aperto.pdf,"NAO — o item foi aberto e resumido (com SHA256 do que foi lido), os bytes nao ficaram","cadencia · o que fazer quando quebrar · campos esperados · dono que responde — nada disto esta medido, e nenhum e adivinhavel a partir da rota",data/samples/IT-SOURCE-SAMPLES/IT-T5-019/MANIFEST.json
IT-T5-020,IRIS UNITO — Archivio istituzionale,T5,1,application/pdf,https://iris.unito.it/sr/htm/pdf/come_allegare_2023.pdf,"NAO — o item foi aberto e resumido (com SHA256 do que foi lido), os bytes nao ficaram","cadencia · o que fazer quando quebrar · campos esperados · dono que responde — nada disto esta medido, e nenhum e adivinhavel a partir da rota",data/samples/IT-SOURCE-SAMPLES/IT-T5-020/MANIFEST.json
IT-T5-021,UNIFI DAGRI — Dipartimento di Scienze e Tecnologie Agrarie Alimentari Ambientali e Forestali,T5,1,text/html,https://www.dagri.unifi.it/avvisi,"NAO — o item foi aberto e resumido (com SHA256 do que foi lido), os bytes nao ficaram","cadencia · o que fazer quando quebrar · campos esperados · dono que responde — nada disto esta medido, e nenhum e adivinhavel a partir da rota",data/samples/IT-SOURCE-SAMPLES/IT-T5-021/MANIFEST.json
IT-T5-022,Advances in Horticultural Science,T5,1,application/pdf,https://journals.fupress.net/wp-content/uploads/2025/10/Call-N31.pdf,"NAO — o item foi aberto e resumido (com SHA256 do que foi lido), os bytes nao ficaram","cadencia · o que fazer quando quebrar · campos esperados · dono que responde — nada disto esta medido, e nenhum e adivinhavel a partir da rota",data/samples/IT-SOURCE-SAMPLES/IT-T5-022/MANIFEST.json
IT-T5-023,SSICA — Stazione Sperimentale per l'Industria delle Conserve Alimentari,T5,1,application/pdf,https://www.ssica.it/wp-content/uploads/2025/03/PROGETTO-ACTION.pdf,"NAO — o item foi aberto e resumido (com SHA256 do que foi lido), os bytes nao ficaram","cadencia · o que fazer quando quebrar · campos esperados · dono que responde — nada disto esta medido, e nenhum e adivinhavel a partir da rota",data/samples/IT-SOURCE-SAMPLES/IT-T5-023/MANIFEST.json
IT-T5-024,UNIMI DiSAA — Dipartimento di Scienze Agrarie e Ambientali,T5,1,text/html,https://disaa.unimi.it/it/ricerca/attivita-e-risultati-di-ricerca/pubblicazioni,"NAO — o item foi aberto e resumido (com SHA256 do que foi lido), os bytes nao ficaram","cadencia · o que fazer quando quebrar · campos esperados · dono que responde — nada disto esta medido, e nenhum e adivinhavel a partir da rota",data/samples/IT-SOURCE-SAMPLES/IT-T5-024/MANIFEST.json
IT-T5-025,Scuola Superiore Sant'Anna — Istituto di Scienze delle Produzioni Vegetali,T5,1,text/html,https://www.santannapisa.it/it/news/progetto-innoflorenerg,"NAO — o item foi aberto e resumido (com SHA256 do que foi lido), os bytes nao ficaram","cadencia · o que fazer quando quebrar · campos esperados · dono que responde — nada disto esta medido, e nenhum e adivinhavel a partir da rota",data/samples/IT-SOURCE-SAMPLES/IT-T5-025/MANIFEST.json
IT-T5-026,UNIPA SAAF — Dipartimento Scienze Agrarie Alimentari e Forestali,T5,1,application/pdf,https://www.unipa.it/dipartimenti/saaf/.content/documenti/Linee-guida-semestre-aperto-2025.pdf,"NAO — o item foi aberto e resumido (com SHA256 do que foi lido), os bytes nao ficaram","cadencia · o que fazer quando quebrar · campos esperados · dono que responde — nada disto esta medido, e nenhum e adivinhavel a partir da rota",data/samples/IT-SOURCE-SAMPLES/IT-T5-026/MANIFEST.json
IT-T5-027,UNIPD DAFNAE — Dipartimento di Agronomia Animali Alimenti Risorse Naturali e Ambiente,T5,1,text/html,https://www.dafnae.unipd.it/news/termine/2,"NAO — o item foi aberto e resumido (com SHA256 do que foi lido), os bytes nao ficaram","cadencia · o que fazer quando quebrar · campos esperados · dono que responde — nada disto esta medido, e nenhum e adivinhavel a partir da rota",data/samples/IT-SOURCE-SAMPLES/IT-T5-027/MANIFEST.json
IT-T5-028,UNIUD DI4A — Dipartimento di Scienze Agroalimentari Ambientali e Animali,T5,1,text/html,https://di4a.uniud.it/it/ricerca/pubblicazioni-dipartimento,"NAO — o item foi aberto e resumido (com SHA256 do que foi lido), os bytes nao ficaram","cadencia · o que fazer quando quebrar · campos esperados · dono que responde — nada disto esta medido, e nenhum e adivinhavel a partir da rota",data/samples/IT-SOURCE-SAMPLES/IT-T5-028/MANIFEST.json
IT-T5-029,UNIVR Dipartimento di Biotecnologie,T5,1,application/pdf,https://cdn.docs.univr.it/documenti/Documento/allegati/allegati375197.pdf,"NAO — o item foi aberto e resumido (com SHA256 do que foi lido), os bytes nao ficaram","cadencia · o que fazer quando quebrar · campos esperados · dono que responde — nada disto esta medido, e nenhum e adivinhavel a partir da rota",data/samples/IT-SOURCE-SAMPLES/IT-T5-029/MANIFEST.json
IT-T5-030,UNITE Facolta di Bioscienze e Tecnologie Agro-alimentari e Ambientali,T5,1,text/html,https://www.unite.it/UniTE/Bioscienze_e_Tecnologie_Agro-Alimentari_e_Ambientali/News_ed_Eventi_-_Dipartimento_di_Bioscienze_e_tecnologie_agroalimentari_e_ambientali,"NAO — o item foi aberto e resumido (com SHA256 do que foi lido), os bytes nao ficaram","cadencia · o que fazer quando quebrar · campos esperados · dono que responde — nada disto esta medido, e nenhum e adivinhavel a partir da rota",data/samples/IT-SOURCE-SAMPLES/IT-T5-030/MANIFEST.json
IT-T5-031,UNIVPM D3A — Dipartimento di Scienze Agrarie Alimentari e Ambientali,T5,1,image/png,https://www.d3a.univpm.it/sites/www.d3a.univpm.it/files/d3a/news_didattica/new2026/insegnamenti%20a%20scelta_14sett20262.png,"NAO — o item foi aberto e resumido (com SHA256 do que foi lido), os bytes nao ficaram","cadencia · o que fazer quando quebrar · campos esperados · dono que responde — nada disto esta medido, e nenhum e adivinhavel a partir da rota",data/samples/IT-SOURCE-SAMPLES/IT-T5-031/MANIFEST.json
IT-T5-032,UNIPG DSA3 — Dipartimento di Scienze Agrarie Alimentari e Ambientali,T5,1,text/html,https://dsa3.unipg.it/home/news/bandi?view=elenco,"NAO — o item foi aberto e resumido (com SHA256 do que foi lido), os bytes nao ficaram","cadencia · o que fazer quando quebrar · campos esperados · dono que responde — nada disto esta medido, e nenhum e adivinhavel a partir da rota",data/samples/IT-SOURCE-SAMPLES/IT-T5-032/MANIFEST.json
IT-T5-033,UNIBO DISTAL — Dipartimento di Scienze e Tecnologie Agro-Alimentari,T5,1,text/html,https://distal.unibo.it/it/con-societa-e-impresa/territorio-e-comunita/bollettino-agrofenologico,"NAO — o item foi aberto e resumido (com SHA256 do que foi lido), os bytes nao ficaram","cadencia · o que fazer quando quebrar · campos esperados · dono que responde — nada disto esta medido, e nenhum e adivinhavel a partir da rota",data/samples/IT-SOURCE-SAMPLES/IT-T5-033/MANIFEST.json
IT-T5-034,Accademia dei Georgofili,T5,1,text/html,https://www.georgofili.it/contenuti/notiziario-accademia/620,"NAO — o item foi aberto e resumido (com SHA256 do que foi lido), os bytes nao ficaram","cadencia · o que fazer quando quebrar · campos esperados · dono que responde — nada disto esta medido, e nenhum e adivinhavel a partir da rota",data/samples/IT-SOURCE-SAMPLES/IT-T5-034/MANIFEST.json
IT-T5-035,Georgofili INFO — notiziario,T5,1,text/html,https://www.georgofili.info/contenuti/notizie-forestali-australia-e-nuova-zelanda-adottano-uno-standard-comune-per-valutare-le-foreste/33685,"NAO — o item foi aberto e resumido (com SHA256 do que foi lido), os bytes nao ficaram","cadencia · o que fazer quando quebrar · campos esperados · dono que responde — nada disto esta medido, e nenhum e adivinhavel a partir da rota",data/samples/IT-SOURCE-SAMPLES/IT-T5-035/MANIFEST.json
IT-T5-036,Georgofili — Accademia dei Georgofili (portale .net),T5,1,text/html,https://www.georgofili.net/articoli/agrifood-tra-credito-e-sostenibilit/15465,"NAO — o item foi aberto e resumido (com SHA256 do que foi lido), os bytes nao ficaram","cadencia · o que fazer quando quebrar · campos esperados · dono que responde — nada disto esta medido, e nenhum e adivinhavel a partir da rota",data/samples/IT-SOURCE-SAMPLES/IT-T5-036/MANIFEST.json
IT-T7-002,MASAF — elenco delle OP e AOP riconosciute,T7,1,application/vnd.oasis.opendocument.spreadsheet,https://www.masaf.gov.it/flex/cm/pages/ServeAttachment.php/L/IT/D/1%252F3%252Fb%252FD.4476adcbe95b46973538/P/BLOB%3AID%3D6063/E/ods?mode=download,SIM,"cadencia · o que fazer quando quebrar · campos esperados · dono que responde — nada disto esta medido, e nenhum e adivinhavel a partir da rota",data/samples/IT-SOURCE-SAMPLES/IT-T7-002/MANIFEST.json
IT-T7-013,CONAF — Consiglio Ordine Nazionale Dottori Agronomi e Forestali,T7,1,text/html,https://www.conaf.it/formazione-professionale-continua/normativa-formazione-professionale-continua/circolari-2/,"NAO — o item foi aberto e resumido (com SHA256 do que foi lido), os bytes nao ficaram","cadencia · o que fazer quando quebrar · campos esperados · dono que responde — nada disto esta medido, e nenhum e adivinhavel a partir da rota",data/samples/IT-SOURCE-SAMPLES/IT-T7-013/MANIFEST.json
IT-T7-014,Consorzi Agrari d'Italia — CAI,T7,1,application/pdf,https://www.consorziagrariditalia.it/wp-content/uploads/2023/12/CAI_Codice-Etico-Gruppo-BF.pdf,"NAO — o item foi aberto e resumido (com SHA256 do que foi lido), os bytes nao ficaram","cadencia · o que fazer quando quebrar · campos esperados · dono que responde — nada disto esta medido, e nenhum e adivinhavel a partir da rota",data/samples/IT-SOURCE-SAMPLES/IT-T7-014/MANIFEST.json
IT-T9-009,Cifo,T9,1,text/html,https://www.cifo.it/newsroom/,"NAO — o item foi aberto e resumido (com SHA256 do que foi lido), os bytes nao ficaram","cadencia · o que fazer quando quebrar · campos esperados · dono que responde — nada disto esta medido, e nenhum e adivinhavel a partir da rota",data/samples/IT-SOURCE-SAMPLES/IT-T9-009/MANIFEST.json
IT-T9-010,Serbios,T9,1,application/pdf,https://www.serbios.it/docs/documents/codice-etico.pdf,"NAO — o item foi aberto e resumido (com SHA256 do que foi lido), os bytes nao ficaram","cadencia · o que fazer quando quebrar · campos esperados · dono que responde — nada disto esta medido, e nenhum e adivinhavel a partir da rota",data/samples/IT-SOURCE-SAMPLES/IT-T9-010/MANIFEST.json
IT-T9-011,Koppert Italia,T9,1,text/html,https://www.koppert.it/notizie-eventi/newsletter/,"NAO — o item foi aberto e resumido (com SHA256 do que foi lido), os bytes nao ficaram","cadencia · o que fazer quando quebrar · campos esperados · dono que responde — nada disto esta medido, e nenhum e adivinhavel a partir da rota",data/samples/IT-SOURCE-SAMPLES/IT-T9-011/MANIFEST.json
IT-T9-012,CBC Biogard,T9,1,application/pdf,https://www.biogard.it/wp-content/uploads/2026/08/Report-Curve_30.07.26.pdf,"NAO — o item foi aberto e resumido (com SHA256 do que foi lido), os bytes nao ficaram","cadencia · o que fazer quando quebrar · campos esperados · dono que responde — nada disto esta medido, e nenhum e adivinhavel a partir da rota",data/samples/IT-SOURCE-SAMPLES/IT-T9-012/MANIFEST.json
IT-T9-013,Certis Belchim Italia,T9,1,application/pdf,https://certisbelchim.co.uk/pdf/GENERAL%20TERMS%20AND%20CONDITIONS%20OF%20SALE.pdf,"NAO — o item foi aberto e resumido (com SHA256 do que foi lido), os bytes nao ficaram","cadencia · o que fazer quando quebrar · campos esperados · dono que responde — nada disto esta medido, e nenhum e adivinhavel a partir da rota",data/samples/IT-SOURCE-SAMPLES/IT-T9-013/MANIFEST.json
IT-T10-002,BMTI — analisi di mercato cereali,T10,2,text/html,https://www.bmti.it/prezzi-cereali/46622/,SIM,"cadencia · o que fazer quando quebrar · campos esperados · dono que responde — nada disto esta medido, e nenhum e adivinhavel a partir da rota",data/samples/IT-SOURCE-SAMPLES/IT-T10-002/MANIFEST.json
IT-T10-006,Agrisole — quotidiano agricolo del Sole 24 Ore,T10,1,text/html,https://areautente.ilsole24ore.com/,"NAO — o item foi aberto e resumido (com SHA256 do que foi lido), os bytes nao ficaram","cadencia · o que fazer quando quebrar · campos esperados · dono que responde — nada disto esta medido, e nenhum e adivinhavel a partir da rota",data/samples/IT-SOURCE-SAMPLES/IT-T10-006/MANIFEST.json
IT-T10-007,ISMEA — Istituto di Servizi per il Mercato Agricolo Alimentare,T10,1,text/html,https://www.ismea.it/Press-Area/Comunicati-Stampa,"NAO — o item foi aberto e resumido (com SHA256 do que foi lido), os bytes nao ficaram","cadencia · o que fazer quando quebrar · campos esperados · dono que responde — nada disto esta medido, e nenhum e adivinhavel a partir da rota",data/samples/IT-SOURCE-SAMPLES/IT-T10-007/MANIFEST.json
IT-T10-008,Italmopa — Associazione Industriali Mugnai d'Italia,T10,1,text/html,https://italmopa.com/pubblicazioni/,"NAO — o item foi aberto e resumido (com SHA256 do que foi lido), os bytes nao ficaram","cadencia · o que fazer quando quebrar · campos esperados · dono que responde — nada disto esta medido, e nenhum e adivinhavel a partir da rota",data/samples/IT-SOURCE-SAMPLES/IT-T10-008/MANIFEST.json
IT-T10-009,Borsa Merci Bologna — Camera di Commercio,T10,1,text/html,https://www.bo.camcom.gov.it/it/servizio-ispettivo/home,"NAO — o item foi aberto e resumido (com SHA256 do que foi lido), os bytes nao ficaram","cadencia · o que fazer quando quebrar · campos esperados · dono que responde — nada disto esta medido, e nenhum e adivinhavel a partir da rota",data/samples/IT-SOURCE-SAMPLES/IT-T10-009/MANIFEST.json
IT-T10-010,CSO Italy — Centro Servizi Ortofrutticoli,T10,1,application/pdf,https://www.csoservizi.com/wp-content/uploads/2025/03/AGRIPAT_SCH_SINTESI_INIZIALE_DEF.pdf,"NAO — o item foi aberto e resumido (com SHA256 do que foi lido), os bytes nao ficaram","cadencia · o que fazer quando quebrar · campos esperados · dono que responde — nada disto esta medido, e nenhum e adivinhavel a partir da rota",data/samples/IT-SOURCE-SAMPLES/IT-T10-010/MANIFEST.json
IT-T10-011,Ruminantia — web magazine dei ruminanti,T10,1,text/html,https://www.ruminantia.it/category/news/,"NAO — o item foi aberto e resumido (com SHA256 do que foi lido), os bytes nao ficaram","cadencia · o que fazer quando quebrar · campos esperados · dono que responde — nada disto esta medido, e nenhum e adivinhavel a partir da rota",data/samples/IT-SOURCE-SAMPLES/IT-T10-011/MANIFEST.json
IT-T10-012,Consorzio Tutela Vini d'Abruzzo,T10,1,application/pdf,https://www.vinidabruzzo.it/wp-content/uploads/2024/04/QN-ITINERARI-1.pdf,"NAO — o item foi aberto e resumido (com SHA256 do que foi lido), os bytes nao ficaram","cadencia · o que fazer quando quebrar · campos esperados · dono que responde — nada disto esta medido, e nenhum e adivinhavel a partir da rota",data/samples/IT-SOURCE-SAMPLES/IT-T10-012/MANIFEST.json
IT-T10-013,Consorzio di Tutela Arancia Rossa di Sicilia IGP,T10,1,text/html,https://www.tutelaaranciarossa.it/rassegna-stampa/,"NAO — o item foi aberto e resumido (com SHA256 do que foi lido), os bytes nao ficaram","cadencia · o que fazer quando quebrar · campos esperados · dono que responde — nada disto esta medido, e nenhum e adivinhavel a partir da rota",data/samples/IT-SOURCE-SAMPLES/IT-T10-013/MANIFEST.json
IT-T10-014,Consorzio di Tutela del Grana Padano,T10,1,text/html,https://www.granapadano.it/it-it/il-mondo-di-grana-padano/partnership-e-sponsorizzazioni/sponsorizzazioni/progetti-finanziati/,"NAO — o item foi aberto e resumido (com SHA256 do que foi lido), os bytes nao ficaram","cadencia · o que fazer quando quebrar · campos esperados · dono que responde — nada disto esta medido, e nenhum e adivinhavel a partir da rota",data/samples/IT-SOURCE-SAMPLES/IT-T10-014/MANIFEST.json
IT-T10-015,Consorzio Tutela Prosecco DOC,T10,1,application/pdf,https://www.prosecco.it/wp-content/uploads/2023/07/Pagina-per-sito-web.pdf,"NAO — o item foi aberto e resumido (com SHA256 do que foi lido), os bytes nao ficaram","cadencia · o que fazer quando quebrar · campos esperados · dono que responde — nada disto esta medido, e nenhum e adivinhavel a partir da rota",data/samples/IT-SOURCE-SAMPLES/IT-T10-015/MANIFEST.json
IT-T10-016,Alleanza delle Cooperative Italiane Agroalimentare,T10,1,text/html,https://www.alleanzacooperative.it/news-eventi,"NAO — o item foi aberto e resumido (com SHA256 do que foi lido), os bytes nao ficaram","cadencia · o que fazer quando quebrar · campos esperados · dono que responde — nada disto esta medido, e nenhum e adivinhavel a partir da rota",data/samples/IT-SOURCE-SAMPLES/IT-T10-016/MANIFEST.json
IT-T11-005,SIMEI — Salone Internazionale Macchine per Enologia e Imbottigliamento,T11,1,text/html,https://www.simei.it/news-media/news/distillo-2026,"NAO — o item foi aberto e resumido (com SHA256 do que foi lido), os bytes nao ficaram","cadencia · o que fazer quando quebrar · campos esperados · dono que responde — nada disto esta medido, e nenhum e adivinhavel a partir da rota",data/samples/IT-SOURCE-SAMPLES/IT-T11-005/MANIFEST.json
IT-T12-003,CIA — Agricoltori Italiani,T12,1,application/pdf,https://ciaprod.s3.amazonaws.com/media/filer_public/a6/9e/a69ed547-c7c8-405e-bfa4-5dfbcbabbef0/presentazione_cia_2021-ita-web.pdf,"NAO — o item foi aberto e resumido (com SHA256 do que foi lido), os bytes nao ficaram","cadencia · o que fazer quando quebrar · campos esperados · dono que responde — nada disto esta medido, e nenhum e adivinhavel a partir da rota",data/samples/IT-SOURCE-SAMPLES/IT-T12-003/MANIFEST.json
IT-T12-004,Confagricoltura,T12,1,text/html,https://www.confagricoltura.it/ita/area-stampa/notizie-brevi/agrifoodtech-e-ia-presentato-il-2%C2%B0-rapporto-2026-dedicato-alla-trasformazione-tecnologica-dell-agroalimentare-made-in-italy,"NAO — o item foi aberto e resumido (com SHA256 do que foi lido), os bytes nao ficaram","cadencia · o que fazer quando quebrar · campos esperados · dono que responde — nada disto esta medido, e nenhum e adivinhavel a partir da rota",data/samples/IT-SOURCE-SAMPLES/IT-T12-004/MANIFEST.json
IT-T12-005,AIAB — Associazione Italiana Agricoltura Biologica,T12,1,application/pdf,https://aiab.it/wp-content/uploads/2023/01/AIAB-Aiuti-di-Stato.pdf,"NAO — o item foi aberto e resumido (com SHA256 do que foi lido), os bytes nao ficaram","cadencia · o que fazer quando quebrar · campos esperados · dono que responde — nada disto esta medido, e nenhum e adivinhavel a partir da rota",data/samples/IT-SOURCE-SAMPLES/IT-T12-005/MANIFEST.json
IT-T12-006,CIA Toscana,T12,1,application/pdf,https://www.ciatoscana.eu/home/wp-content/uploads/2026/02/inn-pratica_volume_il-futuro-dell-agricoltura_IT_web.pdf,"NAO — o item foi aberto e resumido (com SHA256 do que foi lido), os bytes nao ficaram","cadencia · o que fazer quando quebrar · campos esperados · dono que responde — nada disto esta medido, e nenhum e adivinhavel a partir da rota",data/samples/IT-SOURCE-SAMPLES/IT-T12-006/MANIFEST.json
