INPUT_NAME,INPUT_URL,OWNER,CANONICAL_URL,QUALIFICATION_SCORE,PRIORITY,VALIDATION_RESULT,REAL_EXAMPLE,EVIDENCE_PATH,SOURCE_ID,ATLAS_STATUS,DATABASE_STATUS,VERDICT,REASON
Emilia-Romagna — Servizio Fitosanitario,https://agricoltura.regione.emilia-romagna.it/fitosanitario,Regione Emilia-Romagna,https://agricoltura.regione.emilia-romagna.it/fitosanitario,100,P1,REGISTERED,"Bollettini interprovinciali di produzione integrata e biologica 2026 - Fitosanitario e difesa delle produzioni - Agricoltura, caccia e pesca",data/samples/IT-SOURCE-SAMPLES/IT-T3-013/MANIFEST.json,IT-T3-013,FICHA_ESCRITA,NOT_AVAILABLE — sem credenciais do Supabase nesta sessao,YELLOW,frequencia de atualizacao por provar
Servizio Fitosanitario Nazionale — Protezione delle Piante,https://www.protezionedellepiante.it/,MASAF — Servizio Fitosanitario Centrale,https://www.protezionedellepiante.it/,100,P1,REGISTERED,Articoli Archivi - Protezione delle piante,data/samples/IT-SOURCE-SAMPLES/IT-T3-014/MANIFEST.json,IT-T3-014,FICHA_ESCRITA,NOT_AVAILABLE — sem credenciais do Supabase nesta sessao,GREEN,"aberta, exemplo real observado e preservado"
Toscana — Servizio Fitosanitario Regionale,https://www.regione.toscana.it/,Regione Toscana,https://www.regione.toscana.it/,100,P1,REGISTERED,Approfondimenti - Regione Toscana,data/samples/IT-SOURCE-SAMPLES/IT-T3-015/MANIFEST.json,IT-T3-015,FICHA_ESCRITA,NOT_AVAILABLE — sem credenciais do Supabase nesta sessao,GREEN,"aberta, exemplo real observado e preservado"
Veneto — Servizio Fitosanitario Regionale,https://www.regione.veneto.it/web/agricoltura-e-foreste,Regione Veneto,https://www.regione.veneto.it/web/agricoltura-e-foreste,100,P1,REGISTERED,Newsletter - Regione del Veneto,data/samples/IT-SOURCE-SAMPLES/IT-T3-016/MANIFEST.json,IT-T3-016,FICHA_ESCRITA,NOT_AVAILABLE — sem credenciais do Supabase nesta sessao,GREEN,"aberta, exemplo real observado e preservado"
ARPA Campania,https://www.arpacampania.it/,ARPAC,https://www.arpacampania.it/,97,P1,REGISTERED,News - Arpac,data/samples/IT-SOURCE-SAMPLES/IT-T2-006/MANIFEST.json,IT-T2-006,FICHA_ESCRITA,NOT_AVAILABLE — sem credenciais do Supabase nesta sessao,GREEN,"aberta, exemplo real observado e preservado"
ARPA Sicilia,https://www.arpa.sicilia.it/,ARPA Sicilia,https://www.arpa.sicilia.it/,97,P1,REGISTERED,Pubblicazioni - Arpa Sicilia,data/samples/IT-SOURCE-SAMPLES/IT-T2-007/MANIFEST.json,IT-T2-007,FICHA_ESCRITA,NOT_AVAILABLE — sem credenciais do Supabase nesta sessao,GREEN,"aberta, exemplo real observado e preservado"
ARPAT Toscana,https://www.arpat.toscana.it/,ARPAT,https://www.arpat.toscana.it/,97,P1,REGISTERED,Centrali geotermiche della Toscana – Anno 2025 - ARPAT,data/samples/IT-SOURCE-SAMPLES/IT-T2-008/MANIFEST.json,IT-T2-008,FICHA_ESCRITA,NOT_AVAILABLE — sem credenciais do Supabase nesta sessao,GREEN,"aberta, exemplo real observado e preservado"
ISPRA — Istituto Superiore per la Protezione e la Ricerca Ambientale,https://www.isprambiente.gov.it/,ISPRA,https://www.isprambiente.gov.it/it,97,P1,REGISTERED,https://www.isprambiente.gov.it/it/files/iso_9001-ita-c859101-2-20260709.pdf,data/samples/IT-SOURCE-SAMPLES/IT-T2-009/MANIFEST.json,IT-T2-009,FICHA_ESCRITA,NOT_AVAILABLE — sem credenciais do Supabase nesta sessao,GREEN,"aberta, exemplo real observado e preservado"
Provincia autonoma di Trento — Agricoltura,https://www.provincia.tn.it/,Provincia autonoma di Trento,https://www.provincia.tn.it/,97,P1,REGISTERED,AUTONOMIA 2026. Il Cammino della Comunità trentina - Provincia autonoma di Trento,data/samples/IT-SOURCE-SAMPLES/IT-T1-002/MANIFEST.json,IT-T1-002,FICHA_ESCRITA,NOT_AVAILABLE — sem credenciais do Supabase nesta sessao,GREEN,"aberta, exemplo real observado e preservado"
Regione Toscana — Agricoltura,https://www.regione.toscana.it/agricoltura,Regione Toscana,https://www.regione.toscana.it/agricoltura-e-alimentazione,97,P1,REGISTERED,Approfondimenti - Regione Toscana,data/samples/IT-SOURCE-SAMPLES/IT-T1-003/MANIFEST.json,IT-T1-003,FICHA_ESCRITA,NOT_AVAILABLE — sem credenciais do Supabase nesta sessao,GREEN,"aberta, exemplo real observado e preservado"
APPA Trento — Agenzia provinciale protezione ambiente,https://appa.provincia.tn.it/,Provincia autonoma di Trento,https://appa.provincia.tn.it/,96.7,P1,REGISTERED,Voluntary local review (VLR) 2026 / Approfondimenti / News / Homepage - APPA,data/samples/IT-SOURCE-SAMPLES/IT-T2-010/MANIFEST.json,IT-T2-010,FICHA_ESCRITA,NOT_AVAILABLE — sem credenciais do Supabase nesta sessao,YELLOW,frequencia de atualizacao por provar
ARPA Lombardia,https://www.arpalombardia.it/,ARPA Lombardia,https://www.arpalombardia.it/,96.7,P1,REGISTERED,"Approfondisci qui 
                                                                                        
                              ",data/samples/IT-SOURCE-SAMPLES/IT-T2-011/MANIFEST.json,IT-T2-011,FICHA_ESCRITA,NOT_AVAILABLE — sem credenciais do Supabase nesta sessao,YELLOW,frequencia de atualizacao por provar
Liguria — Regione Liguria agricoltura,https://www.regione.liguria.it/homepage-agricoltura.html,Regione Liguria,https://www.regione.liguria.it/homepage-agricoltura.html,96.7,P1,REGISTERED,attività istituzionale - avvisi - Regione Liguria,data/samples/IT-SOURCE-SAMPLES/IT-T1-004/MANIFEST.json,IT-T1-004,FICHA_ESCRITA,NOT_AVAILABLE — sem credenciais do Supabase nesta sessao,YELLOW,frequencia de atualizacao por provar
Umbria — Agricoltura e foreste,https://www.regione.umbria.it/home,Regione Umbria,https://www.regione.umbria.it/home,96.7,P1,REGISTERED,Celebrazioni del 165 anniversario dell’Ente Santa Croce Maria Montessori di Perugia - Notizie - Regione Umbria,data/samples/IT-SOURCE-SAMPLES/IT-T1-005/MANIFEST.json,IT-T1-005,FICHA_ESCRITA,NOT_AVAILABLE — sem credenciais do Supabase nesta sessao,YELLOW,frequencia de atualizacao por provar
ARPA Friuli Venezia Giulia — OSMER,https://www.arpa.fvg.it/,ARPA FVG,https://www.arpa.fvg.it/,95,P1,REGISTERED,"Le proposte per le scuole 2026/27
            
            
                
                    - ARPA FVG",data/samples/IT-SOURCE-SAMPLES/IT-T2-012/MANIFEST.json,IT-T2-012,FICHA_ESCRITA,NOT_AVAILABLE — sem credenciais do Supabase nesta sessao,GREEN,"aberta, exemplo real observado e preservado"
ARPA Lazio,https://www.arpalazio.it/,ARPA Lazio,https://www.arpalazio.it/,95,P1,REGISTERED,Pubblicazioni - RIR - ARPA Lazio,data/samples/IT-SOURCE-SAMPLES/IT-T2-013/MANIFEST.json,IT-T2-013,FICHA_ESCRITA,NOT_AVAILABLE — sem credenciais do Supabase nesta sessao,GREEN,"aberta, exemplo real observado e preservado"
ARSAC Calabria — Azienda Regionale per lo Sviluppo dell'Agricoltura Calabrese,https://www.arsac.calabria.it/,Regione Calabria,https://www.arsac.calabria.it/,95,P1,REGISTERED,"BOLLETTINO agrometeorologico e fitosanitario – agrumi, olivo, vite e kiwi &#8211; valido fino al 4 agosto 2026 &#8211; ARSAC",data/samples/IT-SOURCE-SAMPLES/IT-T1-006/MANIFEST.json,IT-T1-006,FICHA_ESCRITA,NOT_AVAILABLE — sem credenciais do Supabase nesta sessao,GREEN,"aberta, exemplo real observado e preservado"
CNR — Consiglio Nazionale delle Ricerche,https://www.cnr.it/,CNR,https://www.cnr.it/,95,P1,REGISTERED,L&#039;enigma del Medioevo a Grotta Romanelli: tre corpi e un mistero lungo millenni | Consiglio Nazionale delle Ricerche,data/samples/IT-SOURCE-SAMPLES/IT-T5-006/MANIFEST.json,IT-T5-006,FICHA_ESCRITA,NOT_AVAILABLE — sem credenciais do Supabase nesta sessao,GREEN,"aberta, exemplo real observado e preservado"
Institut Agricole Regional — Aosta,https://www.iaraosta.it/,Institut Agricole Regional,https://www.iaraosta.it/,95,P1,REGISTERED,Carta della Qualità,data/samples/IT-SOURCE-SAMPLES/IT-T5-007/MANIFEST.json,IT-T5-007,FICHA_ESCRITA,NOT_AVAILABLE — sem credenciais do Supabase nesta sessao,GREEN,"aberta, exemplo real observado e preservado"
ARPA Molise,https://www.arpamolise.it/,ARPA Molise,https://www.arpamolise.it/,94.4,P1,REGISTERED,https://www.arpamolise.it/Comunicazione/Pubblicazioni/pdf/cartaservizi.pdf,data/samples/IT-SOURCE-SAMPLES/IT-T2-014/MANIFEST.json,IT-T2-014,FICHA_ESCRITA,NOT_AVAILABLE — sem credenciais do Supabase nesta sessao,YELLOW,frequencia de atualizacao por provar
AIAM — Associazione Italiana di Agrometeorologia,https://www.agrometeorologia.it/,AIAM,https://www.agrometeorologia.it/,93,P1,REGISTERED,Brochure,data/samples/IT-SOURCE-SAMPLES/IT-T2-015/MANIFEST.json,IT-T2-015,FICHA_ESCRITA,NOT_AVAILABLE — sem credenciais do Supabase nesta sessao,GREEN,"aberta, exemplo real observado e preservado"
ARPA Marche,https://www.arpa.marche.it/,ARPAM,https://www.arpa.marche.it/,93,P1,REGISTERED,Tariffario,data/samples/IT-SOURCE-SAMPLES/IT-T2-016/MANIFEST.json,IT-T2-016,FICHA_ESCRITA,NOT_AVAILABLE — sem credenciais do Supabase nesta sessao,GREEN,"aberta, exemplo real observado e preservado"
ARSIAL — Agenzia Regionale Sviluppo Innovazione Agricoltura Lazio,https://www.arsial.it/,Regione Lazio,https://www.arsial.it/,93,P1,REGISTERED,Avvisi per privati Archive - Arsial,data/samples/IT-SOURCE-SAMPLES/IT-T1-007/MANIFEST.json,IT-T1-007,FICHA_ESCRITA,NOT_AVAILABLE — sem credenciais do Supabase nesta sessao,GREEN,"aberta, exemplo real observado e preservado"
Agricoltura Regione Lombardia,https://www.ersaf.lombardia.it/it,Regione Lombardia,https://www.ersaf.lombardia.it/montagna/rifugi/it-servizi-alla-montagna-attivita-per-i-territori-montani-2022/,93,P1,REGISTERED,Clicca per scaricare il Decreto iscrizione Elenco rifugi 2025,data/samples/IT-SOURCE-SAMPLES/IT-T1-008/MANIFEST.json,IT-T1-008,FICHA_ESCRITA,NOT_AVAILABLE — sem credenciais do Supabase nesta sessao,GREEN,"aberta, exemplo real observado e preservado"
CNR IPSP — Istituto per la Protezione Sostenibile delle Piante,http://www.ipsp.cnr.it/,CNR,http://www.ipsp.cnr.it/,93,P1,REGISTERED,Notizie &#8211; IPSP,data/samples/IT-SOURCE-SAMPLES/IT-T3-017/MANIFEST.json,IT-T3-017,FICHA_ESCRITA,NOT_AVAILABLE — sem credenciais do Supabase nesta sessao,YELLOW,so responde em HTTP
CNR IRET — Istituto di Ricerca sugli Ecosistemi Terrestri,https://www.iret.cnr.it/,CNR,https://www.iret.cnr.it/,93,P1,REGISTERED,News - IRET,data/samples/IT-SOURCE-SAMPLES/IT-T2-017/MANIFEST.json,IT-T2-017,FICHA_ESCRITA,NOT_AVAILABLE — sem credenciais do Supabase nesta sessao,GREEN,"aberta, exemplo real observado e preservado"
CNR ISAFOM — Istituto per i Sistemi Agricoli e Forestali del Mediterraneo,https://www.isafom.cnr.it/,CNR,https://www.isafom.cnr.it/,93,P1,REGISTERED,News Archivi - CNR - ISAFOM,data/samples/IT-SOURCE-SAMPLES/IT-T2-018/MANIFEST.json,IT-T2-018,FICHA_ESCRITA,NOT_AVAILABLE — sem credenciais do Supabase nesta sessao,GREEN,"aberta, exemplo real observado e preservado"
Lazio — Agricoltura Regione Lazio,https://www.regione.lazio.it/cittadini/agricoltura,Regione Lazio,https://www.regione.lazio.it/cittadini/agricoltura,93,P1,REGISTERED,| Regione Lazio | PN FEAMPA 2021/2027 Intervento 222507 – Approvazione Bando,data/samples/IT-SOURCE-SAMPLES/IT-T1-009/MANIFEST.json,IT-T1-009,FICHA_ESCRITA,NOT_AVAILABLE — sem credenciais do Supabase nesta sessao,GREEN,"aberta, exemplo real observado e preservado"
Regione Abruzzo — Agricoltura,https://www.regione.abruzzo.it/,Regione Abruzzo,https://www.regione.abruzzo.it/,93,P1,REGISTERED,"Sanità, validati i nuovi atti aziendali delle quattro Asl regionali | Regione Abruzzo",data/samples/IT-SOURCE-SAMPLES/IT-T1-010/MANIFEST.json,IT-T1-010,FICHA_ESCRITA,NOT_AVAILABLE — sem credenciais do Supabase nesta sessao,GREEN,"aberta, exemplo real observado e preservado"
Regione Umbria — Agricoltura,https://www.regione.umbria.it/agricoltura,Regione Umbria,https://www.regione.umbria.it/agricoltura,93,P1,REGISTERED,Legge Serpieri - Notizia - Regione Umbria,data/samples/IT-SOURCE-SAMPLES/IT-T1-011/MANIFEST.json,IT-T1-011,FICHA_ESCRITA,NOT_AVAILABLE — sem credenciais do Supabase nesta sessao,GREEN,"aberta, exemplo real observado e preservado"
Regione Valle d'Aosta — Agricoltura,https://www.regione.vda.it/agricoltura/,Regione Autonoma Valle d'Aosta,https://www.regione.vda.it/agricoltura/,93,P1,REGISTERED,Avvisi di incarichi dirigenziali - Pubblicità - Regione Autonoma Valle d'Aosta,data/samples/IT-SOURCE-SAMPLES/IT-T1-012/MANIFEST.json,IT-T1-012,FICHA_ESCRITA,NOT_AVAILABLE — sem credenciais do Supabase nesta sessao,GREEN,"aberta, exemplo real observado e preservado"
ARPA Piemonte,https://www.arpa.piemonte.it/,ARPA Piemonte,https://www.arpa.piemonte.it/home,92.2,P1,REGISTERED,La Relazione sullo Stato dell&#039;Ambiente del Piemonte 2026 | Arpa Piemonte,data/samples/IT-SOURCE-SAMPLES/IT-T2-019/MANIFEST.json,IT-T2-019,FICHA_ESCRITA,NOT_AVAILABLE — sem credenciais do Supabase nesta sessao,YELLOW,frequencia de atualizacao por provar
Fondazione Agrion — Fondazione per la ricerca l'innovazione e lo sviluppo tecnologico dell'agricoltura piemontese,https://www.agrion.it/,Fondazione Agrion,https://www.agrion.it/,92,P1,REGISTERED,NÃO REPRESENTATIVO — papelada administrativa; rever com navegador,data/samples/IT-SOURCE-SAMPLES/IT-T5-008/MANIFEST.json,IT-T5-008,FICHA_ESCRITA,NOT_AVAILABLE — sem credenciais do Supabase nesta sessao,YELLOW,exemplo real nao representativo
Fondazione Minoprio,https://www.fondazioneminoprio.it/,Fondazione Minoprio,https://www.fondazioneminoprio.it/,92,P1,REGISTERED,Regolamento,data/samples/IT-SOURCE-SAMPLES/IT-T5-009/MANIFEST.json,IT-T5-009,FICHA_ESCRITA,NOT_AVAILABLE — sem credenciais do Supabase nesta sessao,GREEN,"aberta, exemplo real observado e preservado"
Fondazione per l'Agricoltura F.lli Navarra,https://www.fondazionenavarra.it/,Fondazione Navarra,https://www.fondazionenavarra.it/,92,P1,REGISTERED,La Pianura,data/samples/IT-SOURCE-SAMPLES/IT-T5-010/MANIFEST.json,IT-T5-010,FICHA_ESCRITA,NOT_AVAILABLE — sem credenciais do Supabase nesta sessao,GREEN,"aberta, exemplo real observado e preservado"
UNIBA DiSSPA — Dipartimento di Scienze del Suolo della Pianta e degli Alimenti,https://www.uniba.it/it/ricerca/dipartimenti/disspa,Universita di Bari Aldo Moro,https://www.uniba.it/it/ricerca/dipartimenti/disspa,92,P1,REGISTERED,Processi e subprocessi associati ai Dipartimenti di ricerca,data/samples/IT-SOURCE-SAMPLES/IT-T5-011/MANIFEST.json,IT-T5-011,FICHA_ESCRITA,NOT_AVAILABLE — sem credenciais do Supabase nesta sessao,GREEN,"aberta, exemplo real observado e preservado"
UNIPI DiSAAA-a — Dipartimento di Scienze Agrarie Alimentari e Agro-ambientali,https://www.agr.unipi.it/,Universita di Pisa,https://www.agr.unipi.it/,92,P1,REGISTERED,https://www.agr.unipi.it/wp-content/uploads/2026/07/ad-agraria.pdf,data/samples/IT-SOURCE-SAMPLES/IT-T5-012/MANIFEST.json,IT-T5-012,FICHA_ESCRITA,NOT_AVAILABLE — sem credenciais do Supabase nesta sessao,GREEN,"aberta, exemplo real observado e preservado"
CRPA — Centro Ricerche Produzioni Animali,https://www.crpa.it/,CRPA,https://www.crpa.it/,91.1,P1,REGISTERED,Codice SDI Agenzia delle Entrate,data/samples/IT-SOURCE-SAMPLES/IT-T5-013/MANIFEST.json,IT-T5-013,FICHA_ESCRITA,NOT_AVAILABLE — sem credenciais do Supabase nesta sessao,YELLOW,frequencia de atualizacao por provar
UNITUS DAFNE — Dipartimento di Scienze Agrarie e Forestali,https://www.unitus.it/it/dipartimento/dafne,Universita della Tuscia,https://www.unitus.it/dipartimenti/dafne/,91.1,P1,REGISTERED,Linee guida internazionalizzazione CdL,data/samples/IT-SOURCE-SAMPLES/IT-T5-014/MANIFEST.json,IT-T5-014,FICHA_ESCRITA,NOT_AVAILABLE — sem credenciais do Supabase nesta sessao,YELLOW,frequencia de atualizacao por provar
ARTA Abruzzo,https://www.artaabruzzo.it/,ARTA Abruzzo,https://www.artaabruzzo.it/,91,P1,REGISTERED,NÃO REPRESENTATIVO — papelada administrativa; rever com navegador,data/samples/IT-SOURCE-SAMPLES/IT-T2-020/MANIFEST.json,IT-T2-020,FICHA_ESCRITA,NOT_AVAILABLE — sem credenciais do Supabase nesta sessao,YELLOW,exemplo real nao representativo
Agrisole — quotidiano agricolo del Sole 24 Ore,https://www.agrisole.ilsole24ore.com/,Il Sole 24 Ore,https://www.agrisole.ilsole24ore.com/,91,P1,REGISTERED,My24 - Il Sole 24 ORE,data/samples/IT-SOURCE-SAMPLES/IT-T10-006/MANIFEST.json,IT-T10-006,FICHA_ESCRITA,NOT_AVAILABLE — sem credenciais do Supabase nesta sessao,GREEN,"aberta, exemplo real observado e preservado"
CNR IBBR — Istituto di Bioscienze e Biorisorse,https://www.ibbr.cnr.it/,CNR,https://www.ibbr.cnr.it/ibbr/,91,P1,REGISTERED,IBBR News: European Biotech Week 2026 - IBBR-CNR,data/samples/IT-SOURCE-SAMPLES/IT-T5-015/MANIFEST.json,IT-T5-015,FICHA_ESCRITA,NOT_AVAILABLE — sem credenciais do Supabase nesta sessao,GREEN,"aberta, exemplo real observado e preservado"
ARPA Liguria,https://www.arpal.liguria.it/,ARPAL,https://www.arpal.liguria.it/,90,P1,REGISTERED,"Notizie tematiche - Estate 2026, a Genova quasi 90 notti tropicali e 60 “più che tropicali” - Arpal Liguria",data/samples/IT-SOURCE-SAMPLES/IT-T2-021/MANIFEST.json,IT-T2-021,FICHA_ESCRITA,NOT_AVAILABLE — sem credenciais do Supabase nesta sessao,YELLOW,frequencia de atualizacao por provar
ARPA Valle d'Aosta,https://www.arpa.vda.it/,ARPA Valle d'Aosta,https://www.arpa.vda.it/,90,P1,REGISTERED,Agenzia Regionale della Protezione dell'Ambiente - Valle D'Aosta,data/samples/IT-SOURCE-SAMPLES/IT-T2-022/MANIFEST.json,IT-T2-022,FICHA_ESCRITA,NOT_AVAILABLE — sem credenciais do Supabase nesta sessao,YELLOW,frequencia de atualizacao por provar
Assosementi,https://www.sementi.it/,Assosementi,https://www.sementi.it/,90,P1,REGISTERED,"Seme in natura certificato e pulito (tara 0%) di erba medica: confermato a 2,80 €/kg il prezzo orientativo per la campagna 2026 - Assosementi",data/samples/IT-SOURCE-SAMPLES/IT-T1-013/MANIFEST.json,IT-T1-013,FICHA_ESCRITA,NOT_AVAILABLE — sem credenciais do Supabase nesta sessao,GREEN,"aberta, exemplo real observado e preservado"
CNR ISPA — Istituto di Scienze delle Produzioni Alimentari,https://www.ispa.cnr.it/,CNR,https://www.ispa.cnr.it/,90,P1,REGISTERED,ISPA - CNR News & Eventi ISPA,data/samples/IT-SOURCE-SAMPLES/IT-T3-018/MANIFEST.json,IT-T3-018,FICHA_ESCRITA,NOT_AVAILABLE — sem credenciais do Supabase nesta sessao,YELLOW,frequencia de atualizacao por provar
Ente Nazionale Risi,http://www.enterisi.it/,Ente Nazionale Risi,http://www.enterisi.it/servizi/notizie/notizie_homepage.aspx,90,P1,REGISTERED,Ente Nazionale Risi,data/samples/IT-SOURCE-SAMPLES/IT-T1-014/MANIFEST.json,IT-T1-014,FICHA_ESCRITA,NOT_AVAILABLE — sem credenciais do Supabase nesta sessao,YELLOW,so responde em HTTP
ARPA Basilicata,https://www.arpab.it/,ARPAB,https://www.arpab.it/,89,P1,REGISTERED,"VEDI TUTTE		
		
			VEDI TUTTE",data/samples/IT-SOURCE-SAMPLES/IT-T2-023/MANIFEST.json,IT-T2-023,FICHA_ESCRITA,NOT_AVAILABLE — sem credenciais do Supabase nesta sessao,GREEN,"aberta, exemplo real observado e preservado"
AIR UNIMI — Archivio Istituzionale della Ricerca,https://air.unimi.it/,Universita degli Studi di Milano,https://air.unimi.it/,88.9,P1,REGISTERED,Guida alla nuova interfaccia,data/samples/IT-SOURCE-SAMPLES/IT-T5-016/MANIFEST.json,IT-T5-016,FICHA_ESCRITA,NOT_AVAILABLE — sem credenciais do Supabase nesta sessao,YELLOW,frequencia de atualizacao por provar
Agroinnova — Centro di Competenza per l'Innovazione in campo agro-ambientale,https://www.agroinnova.unito.it/,Universita di Torino,https://www.agroinnova.unito.it/it,88.9,P1,REGISTERED,Progetti di Ricerca | Centro Interdipartimentale per l&#039;Innovazione in campo Agro-ambientale – AGROINNOVA,data/samples/IT-SOURCE-SAMPLES/IT-T3-019/MANIFEST.json,IT-T3-019,FICHA_ESCRITA,NOT_AVAILABLE — sem credenciais do Supabase nesta sessao,YELLOW,frequencia de atualizacao por provar
FLORE UNIFI — Archivio istituzionale della ricerca,https://flore.unifi.it/,Universita di Firenze,https://flore.unifi.it/,88.9,P1,REGISTERED,"REG. TESI DOTTORATO (ARTT. 29, 30)",data/samples/IT-SOURCE-SAMPLES/IT-T5-017/MANIFEST.json,IT-T5-017,FICHA_ESCRITA,NOT_AVAILABLE — sem credenciais do Supabase nesta sessao,YELLOW,frequencia de atualizacao por provar
IRIS UNIBO — Archivio istituzionale della ricerca,https://cris.unibo.it/,Universita di Bologna,https://cris.unibo.it/,88.9,P1,REGISTERED,Policy di Ateneo per l’accesso aperto alle pubblicazioni e ai dati della ricerca,data/samples/IT-SOURCE-SAMPLES/IT-T5-018/MANIFEST.json,IT-T5-018,FICHA_ESCRITA,NOT_AVAILABLE — sem credenciais do Supabase nesta sessao,YELLOW,frequencia de atualizacao por provar
IRIS UNIPD — Archivio della ricerca,https://www.research.unipd.it/,Universita di Padova,https://www.research.unipd.it/,88.9,P1,REGISTERED,Policy Open Access,data/samples/IT-SOURCE-SAMPLES/IT-T5-019/MANIFEST.json,IT-T5-019,FICHA_ESCRITA,NOT_AVAILABLE — sem credenciais do Supabase nesta sessao,YELLOW,frequencia de atualizacao por provar
IRIS UNITO — Archivio istituzionale,https://iris.unito.it/,Universita di Torino,https://iris.unito.it/,88.9,P1,REGISTERED,Come allegare il file Open Access [istruzioni],data/samples/IT-SOURCE-SAMPLES/IT-T5-020/MANIFEST.json,IT-T5-020,FICHA_ESCRITA,NOT_AVAILABLE — sem credenciais do Supabase nesta sessao,YELLOW,frequencia de atualizacao por provar
UNIFI DAGRI — Dipartimento di Scienze e Tecnologie Agrarie Alimentari Ambientali e Forestali,https://www.dagri.unifi.it/,Universita di Firenze,https://www.dagri.unifi.it/,88.9,P1,REGISTERED,"News | Dipartimento di Scienze e Tecnologie Agrarie, Alimentari, Ambientali e Forestali (DAGRI) | UniFI",data/samples/IT-SOURCE-SAMPLES/IT-T5-021/MANIFEST.json,IT-T5-021,FICHA_ESCRITA,NOT_AVAILABLE — sem credenciais do Supabase nesta sessao,YELLOW,frequencia de atualizacao por provar
Advances in Horticultural Science,https://oaj.fupress.net/index.php/ahs,Firenze University Press,https://oaj.fupress.net/,88,P1,REGISTERED,PDF,data/samples/IT-SOURCE-SAMPLES/IT-T5-022/MANIFEST.json,IT-T5-022,FICHA_ESCRITA,NOT_AVAILABLE — sem credenciais do Supabase nesta sessao,GREEN,"aberta, exemplo real observado e preservado"
Cifo,https://www.cifo.it/,Cifo,https://www.cifo.it/,88,P1,REGISTERED,Newsroom - Cifo,data/samples/IT-SOURCE-SAMPLES/IT-T9-009/MANIFEST.json,IT-T9-009,FICHA_ESCRITA,NOT_AVAILABLE — sem credenciais do Supabase nesta sessao,GREEN,"aberta, exemplo real observado e preservado"
ISMEA — Istituto di Servizi per il Mercato Agricolo Alimentare,https://www.ismea.it/,ISMEA,https://www.ismea.it/istituto-di-servizi-per-il-mercato-agricolo-alimentare,88,P1,REGISTERED,Comunicati stampa e news - Ismea,data/samples/IT-SOURCE-SAMPLES/IT-T10-007/MANIFEST.json,IT-T10-007,FICHA_ESCRITA,NOT_AVAILABLE — sem credenciais do Supabase nesta sessao,GREEN,"aberta, exemplo real observado e preservado"
Italmopa — Associazione Industriali Mugnai d'Italia,https://www.italmopa.com/,Italmopa,https://www.italmopa.com/,88,P1,REGISTERED,Pubblicazioni - Italmopa,data/samples/IT-SOURCE-SAMPLES/IT-T10-008/MANIFEST.json,IT-T10-008,FICHA_ESCRITA,NOT_AVAILABLE — sem credenciais do Supabase nesta sessao,GREEN,"aberta, exemplo real observado e preservado"
SSICA — Stazione Sperimentale per l'Industria delle Conserve Alimentari,https://www.ssica.it/,SSICA,https://www.ssica.it/,88,P1,REGISTERED,https://www.ssica.it/wp-content/uploads/2025/03/PROGETTO-ACTION.pdf,data/samples/IT-SOURCE-SAMPLES/IT-T5-023/MANIFEST.json,IT-T5-023,FICHA_ESCRITA,NOT_AVAILABLE — sem credenciais do Supabase nesta sessao,GREEN,"aberta, exemplo real observado e preservado"
Terra e Vita — Edagricole,https://terraevita.edagricole.it/,Edagricole — New Business Media,https://terraevita.edagricole.it/,88,P1,REGISTERED,Dublino mette alla prova la nuova agricoltura europea - Terra e Vita,data/samples/IT-SOURCE-SAMPLES/IT-T1-015/MANIFEST.json,IT-T1-015,FICHA_ESCRITA,NOT_AVAILABLE — sem credenciais do Supabase nesta sessao,GREEN,"aberta, exemplo real observado e preservado"
UNIMI DiSAA — Dipartimento di Scienze Agrarie e Ambientali,https://disaa.unimi.it/,Universita degli Studi di Milano,https://disaa.unimi.it/it,88,P1,REGISTERED,"Pubblicazioni | Dipartimento di Scienze Agrarie e Ambientali - Produzione, Territorio, Agroenergia",data/samples/IT-SOURCE-SAMPLES/IT-T5-024/MANIFEST.json,IT-T5-024,FICHA_ESCRITA,NOT_AVAILABLE — sem credenciais do Supabase nesta sessao,GREEN,"aberta, exemplo real observado e preservado"
Scuola Superiore Sant'Anna — Istituto di Scienze delle Produzioni Vegetali,https://www.santannapisa.it/it/istituto/produzioni-vegetali,Scuola Superiore Sant'Anna Pisa,https://www.santannapisa.it/it/istituto/produzioni-vegetali,86.7,P1,REGISTERED,Al via il progetto INNOFLORENERG con il contributo scientifico dell’Istituto di Produzioni Vegetali della Scuola Sant’Anna. Tecnologie innovative per ,data/samples/IT-SOURCE-SAMPLES/IT-T5-025/MANIFEST.json,IT-T5-025,FICHA_ESCRITA,NOT_AVAILABLE — sem credenciais do Supabase nesta sessao,YELLOW,frequencia de atualizacao por provar
Serbios,https://www.serbios.it/,Serbios,https://www.serbios.it/,86.7,P1,REGISTERED,NÃO REPRESENTATIVO — papelada administrativa; rever com navegador,data/samples/IT-SOURCE-SAMPLES/IT-T9-010/MANIFEST.json,IT-T9-010,FICHA_ESCRITA,NOT_AVAILABLE — sem credenciais do Supabase nesta sessao,YELLOW,frequencia de atualizacao por provar; exemplo real nao representativo
UNIPA SAAF — Dipartimento Scienze Agrarie Alimentari e Forestali,https://www.unipa.it/dipartimenti/saaf/,Universita di Palermo,https://www.unipa.it/dipartimenti/saaf/,86.7,P1,REGISTERED,https://www.unipa.it/dipartimenti/saaf/.content/documenti/Linee-guida-semestre-aperto-2025.pdf,data/samples/IT-SOURCE-SAMPLES/IT-T5-026/MANIFEST.json,IT-T5-026,FICHA_ESCRITA,NOT_AVAILABLE — sem credenciais do Supabase nesta sessao,YELLOW,frequencia de atualizacao por provar
UNIPD DAFNAE — Dipartimento di Agronomia Animali Alimenti Risorse Naturali e Ambiente,https://www.dafnae.unipd.it/,Universita di Padova,https://www.dafnae.unipd.it/,86.7,P1,REGISTERED,|  | Università di Padova,data/samples/IT-SOURCE-SAMPLES/IT-T5-027/MANIFEST.json,IT-T5-027,FICHA_ESCRITA,NOT_AVAILABLE — sem credenciais do Supabase nesta sessao,YELLOW,frequencia de atualizacao por provar
UNIUD DI4A — Dipartimento di Scienze Agroalimentari Ambientali e Animali,https://www.di4a.uniud.it/it,Universita di Udine,https://www.di4a.uniud.it/it,86.7,P1,REGISTERED,Pubblicazioni — Italiano,data/samples/IT-SOURCE-SAMPLES/IT-T5-028/MANIFEST.json,IT-T5-028,FICHA_ESCRITA,NOT_AVAILABLE — sem credenciais do Supabase nesta sessao,YELLOW,frequencia de atualizacao por provar
UNIVR Dipartimento di Biotecnologie,https://www.dbt.univr.it/,Universita di Verona,https://www.dbt.univr.it/,86.7,P1,REGISTERED,"2026-28
"" />
                      Piano Operativo del Dipartimento
                      2026-28",data/samples/IT-SOURCE-SAMPLES/IT-T5-029/MANIFEST.json,IT-T5-029,FICHA_ESCRITA,NOT_AVAILABLE — sem credenciais do Supabase nesta sessao,YELLOW,frequencia de atualizacao por provar
Societa Entomologica Italiana,https://www.societaentomologicaitaliana.it/,SEI,https://www.societaentomologicaitaliana.it/,86,P1,REGISTERED,Approfondisci,data/samples/IT-SOURCE-SAMPLES/IT-T3-020/MANIFEST.json,IT-T3-020,FICHA_ESCRITA,NOT_AVAILABLE — sem credenciais do Supabase nesta sessao,GREEN,"aberta, exemplo real observado e preservado"
UNITE Facolta di Bioscienze e Tecnologie Agro-alimentari e Ambientali,https://www.unite.it/UniTE/Bioscienze_e_Tecnologie_Agro-Alimentari_e_Ambientali,Universita di Teramo,https://www.unite.it/UniTE/Bioscienze_e_Tecnologie_Agro-Alimentari_e_Ambientali,86,P1,REGISTERED,"UniTE - 
			News ed Eventi - Dipartimento di Bioscienze e tecnologie agroalimentari e ambientali",data/samples/IT-SOURCE-SAMPLES/IT-T5-030/MANIFEST.json,IT-T5-030,FICHA_ESCRITA,NOT_AVAILABLE — sem credenciais do Supabase nesta sessao,GREEN,"aberta, exemplo real observado e preservado"
UNIVPM D3A — Dipartimento di Scienze Agrarie Alimentari e Ambientali,https://www.d3a.univpm.it/,Universita Politecnica delle Marche,https://www.d3a.univpm.it/,86,P1,REGISTERED,https://www.d3a.univpm.it/sites/www.d3a.univpm.it/files/d3a/news_didattica/new2026/insegnamenti%20a%20scelta_14sett20262.png,data/samples/IT-SOURCE-SAMPLES/IT-T5-031/MANIFEST.json,IT-T5-031,FICHA_ESCRITA,NOT_AVAILABLE — sem credenciais do Supabase nesta sessao,GREEN,"aberta, exemplo real observado e preservado"
Andrea Lentini — registo cientifico ORCID (Università degli Studi di Sassari),https://orcid.org/0000-0003-2089-1026,Andrea Lentini · Università degli Studi di Sassari,https://orcid.org/0000-0003-2089-1026,85.6,P1,REGISTERED,From waste to opportunity: evaluating the pesticidal properties of a waste cooking oil and its derivates,data/samples/IT-SOURCE-SAMPLES/IT-T6-001/MANIFEST.json,IT-T6-001,FICHA_ESCRITA,NOT_AVAILABLE — sem credenciais do Supabase nesta sessao,YELLOW,frequencia de atualizacao por provar
Anita Nencioni — registo cientifico ORCID (Consiglio per la ricerca in agricoltura e l’analisi dell’economia agraria),https://orcid.org/0000-0003-1585-0529,Anita Nencioni · Consiglio per la ricerca in agricoltura e l’analisi dell’economia agraria,https://orcid.org/0000-0003-1585-0529,85.6,P1,REGISTERED,Visual adaptation of a biting fly that permanently foregoes flight,data/samples/IT-SOURCE-SAMPLES/IT-T6-002/MANIFEST.json,IT-T6-002,FICHA_ESCRITA,NOT_AVAILABLE — sem credenciais do Supabase nesta sessao,YELLOW,frequencia de atualizacao por provar
Anna Aldrighetti — registo cientifico ORCID (University of Trento),https://orcid.org/0000-0002-9018-3343,Anna Aldrighetti · University of Trento,https://orcid.org/0000-0002-9018-3343,85.6,P1,REGISTERED,Sequential use of pre-flowering chemical fungicides and post-flowering natural products effectively controls strawberry powdery mildew while resulting,data/samples/IT-SOURCE-SAMPLES/IT-T6-003/MANIFEST.json,IT-T6-003,FICHA_ESCRITA,NOT_AVAILABLE — sem credenciais do Supabase nesta sessao,YELLOW,frequencia de atualizacao por provar
Antonio Masetti — registo cientifico ORCID (University of Bologna),https://orcid.org/0000-0001-6061-2752,Antonio Masetti · University of Bologna,https://orcid.org/0000-0001-6061-2752,85.6,P1,REGISTERED,"Smartphone and web apps for pest and disease management in viticulture: A mapping of functionality, AI integration, and accessibility",data/samples/IT-SOURCE-SAMPLES/IT-T6-004/MANIFEST.json,IT-T6-004,FICHA_ESCRITA,NOT_AVAILABLE — sem credenciais do Supabase nesta sessao,YELLOW,frequencia de atualizacao por provar
Antonio Pietro GARONNA — registo cientifico ORCID (Università degli Studi di Napoli Federico II),https://orcid.org/0000-0002-8441-5208,Antonio Pietro GARONNA · Università degli Studi di Napoli Federico II,https://orcid.org/0000-0002-8441-5208,85.6,P1,REGISTERED,"A Probe-Based qPCR Method for Rapid Detection of Ips typographus (Coleoptera: Curculionidae, Scolytinae) in Border Inspections and Forest Surveillance",data/samples/IT-SOURCE-SAMPLES/IT-T6-005/MANIFEST.json,IT-T6-005,FICHA_ESCRITA,NOT_AVAILABLE — sem credenciais do Supabase nesta sessao,YELLOW,frequencia de atualizacao por provar
Antonio Prodi — registo cientifico ORCID (University of Bologna),https://orcid.org/0000-0002-7221-7271,Antonio Prodi · University of Bologna,https://orcid.org/0000-0002-7221-7271,85.6,P1,REGISTERED,Seed Priming with Antagonistic Bacteria for Managing Fusarium Crown and Root Rot in Durum Wheat,data/samples/IT-SOURCE-SAMPLES/IT-T6-006/MANIFEST.json,IT-T6-006,FICHA_ESCRITA,NOT_AVAILABLE — sem credenciais do Supabase nesta sessao,YELLOW,frequencia de atualizacao por provar
Aparna S Balan — registo cientifico ORCID (University of Palermo),https://orcid.org/0009-0001-5306-0125,Aparna S Balan · University of Palermo,https://orcid.org/0009-0001-5306-0125,85.6,P1,REGISTERED,Omics approaches to unveil biotic stress responses in olive: current knowledge and the future,data/samples/IT-SOURCE-SAMPLES/IT-T6-007/MANIFEST.json,IT-T6-007,FICHA_ESCRITA,NOT_AVAILABLE — sem credenciais do Supabase nesta sessao,YELLOW,frequencia de atualizacao por provar
CLAUDIO RATTI — registo cientifico ORCID (Alma Mater Studiorum  Universita' di Bologna),https://orcid.org/0000-0002-5640-2143,CLAUDIO RATTI · Alma Mater Studiorum  Universita' di Bologna,https://orcid.org/0000-0002-5640-2143,85.6,P1,REGISTERED,Metabarcoding of Pollen Carried by Syrphids Reveals Novel Plant–Pollinator Interactions in a Protected Natural Area and Agricultural Sites,data/samples/IT-SOURCE-SAMPLES/IT-T6-008/MANIFEST.json,IT-T6-008,FICHA_ESCRITA,NOT_AVAILABLE — sem credenciais do Supabase nesta sessao,YELLOW,frequencia de atualizacao por provar
Chiara D'ERRICO — registo cientifico ORCID (Istituto per la Protezione Sostenibile delle Piante IPSP - CNR),https://orcid.org/0000-0003-0546-9900,Chiara D'ERRICO · Istituto per la Protezione Sostenibile delle Piante IPSP - CNR,https://orcid.org/0000-0003-0546-9900,85.6,P1,REGISTERED,Development of a Field-Deployable Loop-Mediated Isothermal Amplification Assay for the Rapid Detection of <i>Erysiphe corylacearum</i> in Hazelnut,data/samples/IT-SOURCE-SAMPLES/IT-T6-009/MANIFEST.json,IT-T6-009,FICHA_ESCRITA,NOT_AVAILABLE — sem credenciais do Supabase nesta sessao,YELLOW,frequencia de atualizacao por provar
Daniele Daffonchio — registo cientifico ORCID (University of Turin),https://orcid.org/0000-0003-0947-925X,Daniele Daffonchio · University of Turin,https://orcid.org/0000-0003-0947-925X,85.6,P1,REGISTERED,A Seasonal Record of Bacterial Communities in Micritized Carbonate Sediments of the Eastern Red Sea,data/samples/IT-SOURCE-SAMPLES/IT-T6-010/MANIFEST.json,IT-T6-010,FICHA_ESCRITA,NOT_AVAILABLE — sem credenciais do Supabase nesta sessao,YELLOW,frequencia de atualizacao por provar
Dumitru Scutelnic — registo cientifico ORCID (University of Verona),https://orcid.org/0000-0001-6935-7540,Dumitru Scutelnic · University of Verona,https://orcid.org/0000-0001-6935-7540,85.6,P1,REGISTERED,Multi-model ensembles for object detection in multispectral images: A case study for precision agriculture,data/samples/IT-SOURCE-SAMPLES/IT-T6-011/MANIFEST.json,IT-T6-011,FICHA_ESCRITA,NOT_AVAILABLE — sem credenciais do Supabase nesta sessao,YELLOW,frequencia de atualizacao por provar
Emilio Balducci — registo cientifico ORCID (University of Perugia),https://orcid.org/0000-0002-8656-7870,Emilio Balducci · University of Perugia,https://orcid.org/0000-0002-8656-7870,85.6,P1,REGISTERED,High-Throughput Sequencing Study of the Mycobiota of Barley Grain Collected in Northern and Central Italy and Accumulation of Fungal Secondary Metabol,data/samples/IT-SOURCE-SAMPLES/IT-T6-012/MANIFEST.json,IT-T6-012,FICHA_ESCRITA,NOT_AVAILABLE — sem credenciais do Supabase nesta sessao,YELLOW,frequencia de atualizacao por provar
Francesco Nardi — registo cientifico ORCID (University of Siena),https://orcid.org/0000-0003-0271-9855,Francesco Nardi · University of Siena,https://orcid.org/0000-0003-0271-9855,85.6,P1,REGISTERED,"Echoes of Gondwana: Antarctic mite, <i></i>Maudheimia petronia<i></i> (Acari: Maudheimiidae), reveals deep-time isolation and highly modified mitochon",data/samples/IT-SOURCE-SAMPLES/IT-T6-013/MANIFEST.json,IT-T6-013,FICHA_ESCRITA,NOT_AVAILABLE — sem credenciais do Supabase nesta sessao,YELLOW,frequencia de atualizacao por provar
Gerardo Puopolo — registo cientifico ORCID (University of Trento),https://orcid.org/0000-0002-4864-4396,Gerardo Puopolo · University of Trento,https://orcid.org/0000-0002-4864-4396,85.6,P1,REGISTERED,Heat-inactivated Lysobacter capsici AZ78 cells effectively control Peronospora belbahrii and Plasmopara viticola through direct and indirect mechanism,data/samples/IT-SOURCE-SAMPLES/IT-T6-014/MANIFEST.json,IT-T6-014,FICHA_ESCRITA,NOT_AVAILABLE — sem credenciais do Supabase nesta sessao,YELLOW,frequencia de atualizacao por provar
Gianfranco ANFORA — registo cientifico ORCID (University of Trento),https://orcid.org/0000-0003-2545-1409,Gianfranco ANFORA · University of Trento,https://orcid.org/0000-0003-2545-1409,85.6,P1,REGISTERED,A general DDE model for terrestrial arthropods: from theory to validation guidelines under controlled conditions,data/samples/IT-SOURCE-SAMPLES/IT-T6-015/MANIFEST.json,IT-T6-015,FICHA_ESCRITA,NOT_AVAILABLE — sem credenciais do Supabase nesta sessao,YELLOW,frequencia de atualizacao por provar
Giulia Mandalà — registo cientifico ORCID (Verona University ),https://orcid.org/0000-0001-7697-8310,Giulia Mandalà · Verona University ,https://orcid.org/0000-0001-7697-8310,85.6,P1,REGISTERED,Untargeted Metabolomics Reveals a Multi-Faceted Resistance Response to Fusarium Head Blight Mediated by the Thinopyrum elongatum Fhb7E Locus Transferr,data/samples/IT-SOURCE-SAMPLES/IT-T6-016/MANIFEST.json,IT-T6-016,FICHA_ESCRITA,NOT_AVAILABLE — sem credenciais do Supabase nesta sessao,YELLOW,frequencia de atualizacao por provar
Graziella Amendola — registo cientifico ORCID (National Institute of Health),https://orcid.org/0000-0001-5461-0312,Graziella Amendola · National Institute of Health,https://orcid.org/0000-0001-5461-0312,85.6,P1,REGISTERED,Experimental determination of pesticide processing factors in milk during soft cheese and ricotta cheese production,data/samples/IT-SOURCE-SAMPLES/IT-T6-017/MANIFEST.json,IT-T6-017,FICHA_ESCRITA,NOT_AVAILABLE — sem credenciais do Supabase nesta sessao,YELLOW,frequencia de atualizacao por provar
Leonardo Caproni — registo cientifico ORCID (Scuola Superiore Sant'Anna),https://orcid.org/0000-0002-7129-8575,Leonardo Caproni · Scuola Superiore Sant'Anna,https://orcid.org/0000-0002-7129-8575,85.6,P1,REGISTERED,Genotypic and transcriptomic characterization of a SAD gene cluster in European hazelnut (Corylus avellana L.),data/samples/IT-SOURCE-SAMPLES/IT-T6-018/MANIFEST.json,IT-T6-018,FICHA_ESCRITA,NOT_AVAILABLE — sem credenciais do Supabase nesta sessao,YELLOW,frequencia de atualizacao por provar
Leonardo Cera — registo cientifico ORCID (University of Padua),https://orcid.org/0009-0005-6118-7432,Leonardo Cera · University of Padua,https://orcid.org/0009-0005-6118-7432,85.6,P1,REGISTERED,Natural Products for the Control of <i>Scaphoideus titanus</i> in Vineyards: A Summary of Five-Year Field Trials,data/samples/IT-SOURCE-SAMPLES/IT-T6-019/MANIFEST.json,IT-T6-019,FICHA_ESCRITA,NOT_AVAILABLE — sem credenciais do Supabase nesta sessao,YELLOW,frequencia de atualizacao por provar
Lorenzo Baglieri — registo cientifico ORCID (Politecnico di Torino),https://orcid.org/0000-0002-5022-5326,Lorenzo Baglieri · Politecnico di Torino,https://orcid.org/0000-0002-5022-5326,85.6,P1,REGISTERED,Design of an Under-Actuated Mechanism for Collecting and Cutting Crop Samples in Precision Agriculture,data/samples/IT-SOURCE-SAMPLES/IT-T6-020/MANIFEST.json,IT-T6-020,FICHA_ESCRITA,NOT_AVAILABLE — sem credenciais do Supabase nesta sessao,YELLOW,frequencia de atualizacao por provar
Luca Finetti — registo cientifico ORCID (University of Ferrara),https://orcid.org/0000-0001-5558-9156,Luca Finetti · University of Ferrara,https://orcid.org/0000-0001-5558-9156,85.6,P1,REGISTERED,Characterization of Halyomorpha halys TAR1 reveals its involvement in (E)-2-decenal pheromone perception,data/samples/IT-SOURCE-SAMPLES/IT-T6-021/MANIFEST.json,IT-T6-021,FICHA_ESCRITA,NOT_AVAILABLE — sem credenciais do Supabase nesta sessao,YELLOW,frequencia de atualizacao por provar
Luca Mazzon — registo cientifico ORCID (Università degli Studi di Padova),https://orcid.org/0000-0002-8459-893X,Luca Mazzon · Università degli Studi di Padova,https://orcid.org/0000-0002-8459-893X,85.6,P1,REGISTERED,Antimicrobial treatment of egg-infested olives is associated with perturbation and carry-over changes on bacterial communities in the olive fly Bactro,data/samples/IT-SOURCE-SAMPLES/IT-T6-022/MANIFEST.json,IT-T6-022,FICHA_ESCRITA,NOT_AVAILABLE — sem credenciais do Supabase nesta sessao,YELLOW,frequencia de atualizacao por provar
Marco Mancini — registo cientifico ORCID (University of Florence),https://orcid.org/0000-0002-1454-4995,Marco Mancini · University of Florence,https://orcid.org/0000-0002-1454-4995,85.6,P1,REGISTERED,Integrating satellite data with a Nitrogen Nutrition Curve for precision top-dress fertilization of durum wheat,data/samples/IT-SOURCE-SAMPLES/IT-T6-023/MANIFEST.json,IT-T6-023,FICHA_ESCRITA,NOT_AVAILABLE — sem credenciais do Supabase nesta sessao,YELLOW,frequencia de atualizacao por provar
Marco Perfetto — registo cientifico ORCID (University of Milan),https://orcid.org/0000-0001-9370-2500,Marco Perfetto · University of Milan,https://orcid.org/0000-0001-9370-2500,85.6,P1,REGISTERED,Estimating spatial and temporal variability of crop growth by radiation-driven models based on satellite data assimilation,data/samples/IT-SOURCE-SAMPLES/IT-T6-024/MANIFEST.json,IT-T6-024,FICHA_ESCRITA,NOT_AVAILABLE — sem credenciais do Supabase nesta sessao,YELLOW,frequencia de atualizacao por provar
Marwa Mourou — registo cientifico ORCID (Università degli Studi di Bari Aldo Moro),https://orcid.org/0000-0002-9925-3520,Marwa Mourou · Università degli Studi di Bari Aldo Moro,https://orcid.org/0000-0002-9925-3520,85.6,P1,REGISTERED,Insight into biological strategies and main challenges to control the phytopathogenic bacterium Xylella fastidiosa,data/samples/IT-SOURCE-SAMPLES/IT-T6-025/MANIFEST.json,IT-T6-025,FICHA_ESCRITA,NOT_AVAILABLE — sem credenciais do Supabase nesta sessao,YELLOW,frequencia de atualizacao por provar
Paolo Boccacci — registo cientifico ORCID (Consiglio Nazionale delle Ricerche),https://orcid.org/0000-0001-8574-0478,Paolo Boccacci · Consiglio Nazionale delle Ricerche,https://orcid.org/0000-0001-8574-0478,85.6,P1,REGISTERED,Grafting with non‐suckering rootstock increases drought tolerance in Corylus avellana L. through physiological and biochemical adjustments,data/samples/IT-SOURCE-SAMPLES/IT-T6-026/MANIFEST.json,IT-T6-026,FICHA_ESCRITA,NOT_AVAILABLE — sem credenciais do Supabase nesta sessao,YELLOW,frequencia de atualizacao por provar
Paolo Grazieschi — registo cientifico ORCID (Fondazione Bruno Kessler),https://orcid.org/0009-0009-6027-471X,Paolo Grazieschi · Fondazione Bruno Kessler,https://orcid.org/0009-0009-6027-471X,85.6,P1,REGISTERED,Soilcast: a Multitask Encoder-Decoder AI Model for Precision Agriculture,data/samples/IT-SOURCE-SAMPLES/IT-T6-027/MANIFEST.json,IT-T6-027,FICHA_ESCRITA,NOT_AVAILABLE — sem credenciais do Supabase nesta sessao,YELLOW,frequencia de atualizacao por provar
ROBERTO RIZZO — registo cientifico ORCID (CREA - Research Centre for Plant Protection and Certification),https://orcid.org/0000-0003-1628-643X,ROBERTO RIZZO · CREA - Research Centre for Plant Protection and Certification,https://orcid.org/0000-0003-1628-643X,85.6,P1,REGISTERED,"Encapsulation of a <i>N</i>-Alkylamide-Enriched Fraction from <i>Acmella oleracea</i> and Its Efficacy Against <i>Tuta absoluta</i>, the Invasive Key ",data/samples/IT-SOURCE-SAMPLES/IT-T6-028/MANIFEST.json,IT-T6-028,FICHA_ESCRITA,NOT_AVAILABLE — sem credenciais do Supabase nesta sessao,YELLOW,frequencia de atualizacao por provar
Roberta Maria Gravagno — registo cientifico ORCID (University of Catania),https://orcid.org/0009-0005-2447-3608,Roberta Maria Gravagno · University of Catania,https://orcid.org/0009-0005-2447-3608,85.6,P1,REGISTERED,Sicilian Wineries' Intention to Comply With Sustainability Certification as a Strategic Business Behavior,data/samples/IT-SOURCE-SAMPLES/IT-T6-029/MANIFEST.json,IT-T6-029,FICHA_ESCRITA,NOT_AVAILABLE — sem credenciais do Supabase nesta sessao,YELLOW,frequencia de atualizacao por provar
Roberta Paris — registo cientifico ORCID (Council for Agricultural Research and Economics Analysis (CREA) ),https://orcid.org/0000-0001-7823-2475,Roberta Paris · Council for Agricultural Research and Economics Analysis (CREA) ,https://orcid.org/0000-0001-7823-2475,85.6,P1,REGISTERED,Exploiting Exhausted Biomasses from Essential Oil Distillation in Animal Feeding: Chemical Characterisation and Volatile Profile of Laurel Bay (<i>Lau,data/samples/IT-SOURCE-SAMPLES/IT-T6-030/MANIFEST.json,IT-T6-030,FICHA_ESCRITA,NOT_AVAILABLE — sem credenciais do Supabase nesta sessao,YELLOW,frequencia de atualizacao por provar
Roberto Ferrise — registo cientifico ORCID (University of Florence),https://orcid.org/0000-0001-8236-7823,Roberto Ferrise · University of Florence,https://orcid.org/0000-0001-8236-7823,85.6,P1,REGISTERED,The FraNchEstYN framework for modelling crop yield losses due to fungal diseases,data/samples/IT-SOURCE-SAMPLES/IT-T6-031/MANIFEST.json,IT-T6-031,FICHA_ESCRITA,NOT_AVAILABLE — sem credenciais do Supabase nesta sessao,YELLOW,frequencia de atualizacao por provar
Rosa Francaviglia — registo cientifico ORCID (Consiglio per la ricerca in agricoltura e l'analisi dell'economia agraria (CREA)),https://orcid.org/0000-0002-4362-5428,Rosa Francaviglia · Consiglio per la ricerca in agricoltura e l'analisi dell'economia agraria (CREA),https://orcid.org/0000-0002-4362-5428,85.6,P1,REGISTERED,Prediction of soil organic carbon increase in the transition from shifting cultivation to agroforestry in the Indian East Himalayas,data/samples/IT-SOURCE-SAMPLES/IT-T6-032/MANIFEST.json,IT-T6-032,FICHA_ESCRITA,NOT_AVAILABLE — sem credenciais do Supabase nesta sessao,YELLOW,frequencia de atualizacao por provar
Stefano Maini — registo cientifico ORCID (Alma Mater Studiorum - Università di Bologna),https://orcid.org/0000-0001-7272-1243,Stefano Maini · Alma Mater Studiorum - Università di Bologna,https://orcid.org/0000-0001-7272-1243,85.6,P1,REGISTERED,In memory of Jerome Anthony Klun (1939&ndash;2026),data/samples/IT-SOURCE-SAMPLES/IT-T6-033/MANIFEST.json,IT-T6-033,FICHA_ESCRITA,NOT_AVAILABLE — sem credenciais do Supabase nesta sessao,YELLOW,frequencia de atualizacao por provar
Tito Caffi — registo cientifico ORCID (Università Cattolica del Sacro Cuore),https://orcid.org/0000-0001-9929-4130,Tito Caffi · Università Cattolica del Sacro Cuore,https://orcid.org/0000-0001-9929-4130,85.6,P1,REGISTERED,Development of an online pan-European Integrated Pest Management Resource Toolbox,data/samples/IT-SOURCE-SAMPLES/IT-T6-034/MANIFEST.json,IT-T6-034,FICHA_ESCRITA,NOT_AVAILABLE — sem credenciais do Supabase nesta sessao,YELLOW,frequencia de atualizacao por provar
Vera Pavese — registo cientifico ORCID (University of Turin),https://orcid.org/0000-0002-6863-3950,Vera Pavese · University of Turin,https://orcid.org/0000-0002-6863-3950,85.6,P1,REGISTERED,Into the Unknown: Hints to Overcome Recalcitrance in Woody Fruit Crops,data/samples/IT-SOURCE-SAMPLES/IT-T6-035/MANIFEST.json,IT-T6-035,FICHA_ESCRITA,NOT_AVAILABLE — sem credenciais do Supabase nesta sessao,YELLOW,frequencia de atualizacao por provar
sara ruschioni — registo cientifico ORCID (Marche Polytechnic University),https://orcid.org/0000-0003-2965-6364,sara ruschioni · Marche Polytechnic University,https://orcid.org/0000-0003-2965-6364,85.6,P1,REGISTERED,"Species Composition and Emergence Patterns of <i>Agriotes litigiosus</i>, <i>A. brevis</i> and <i>A. sordidus</i> (Coleoptera: Elateridae) in Central ",data/samples/IT-SOURCE-SAMPLES/IT-T6-036/MANIFEST.json,IT-T6-036,FICHA_ESCRITA,NOT_AVAILABLE — sem credenciais do Supabase nesta sessao,YELLOW,frequencia de atualizacao por provar
CONAF — Consiglio Ordine Nazionale Dottori Agronomi e Forestali,https://www.conaf.it/,CONAF,https://www.conaf.it/,85,P1,REGISTERED,Circolari e Delibere - CONAF,data/samples/IT-SOURCE-SAMPLES/IT-T7-013/MANIFEST.json,IT-T7-013,FICHA_ESCRITA,NOT_AVAILABLE — sem credenciais do Supabase nesta sessao,GREEN,"aberta, exemplo real observado e preservado"
Koppert Italia,https://www.koppert.it/,Koppert Biological Systems,https://www.koppert.it/,84.4,P1,REGISTERED,Newsletter Koppert - Ricevere aggiornamenti sulla protezione delle colture e l'impollinazione,data/samples/IT-SOURCE-SAMPLES/IT-T9-011/MANIFEST.json,IT-T9-011,FICHA_ESCRITA,NOT_AVAILABLE — sem credenciais do Supabase nesta sessao,YELLOW,frequencia de atualizacao por provar
UNIPG DSA3 — Dipartimento di Scienze Agrarie Alimentari e Ambientali,https://dsa3.unipg.it/,Universita di Perugia,https://dsa3.unipg.it/,84.4,P1,REGISTERED,"Bandi - Dipartimento di Scienze Agrarie, Alimentari e Ambientali",data/samples/IT-SOURCE-SAMPLES/IT-T5-032/MANIFEST.json,IT-T5-032,FICHA_ESCRITA,NOT_AVAILABLE — sem credenciais do Supabase nesta sessao,YELLOW,frequencia de atualizacao por provar
Borsa Merci Bologna — Camera di Commercio,https://www.bo.camcom.gov.it/,Camera di Commercio di Bologna,https://www.bo.camcom.gov.it/,84,P1,REGISTERED,Sicurezza e Etichettatura dei Prodotti | Camera di Commercio di Bologna,data/samples/IT-SOURCE-SAMPLES/IT-T10-009/MANIFEST.json,IT-T10-009,FICHA_ESCRITA,NOT_AVAILABLE — sem credenciais do Supabase nesta sessao,GREEN,"aberta, exemplo real observado e preservado"
CBC Biogard,https://www.biogard.it/,CBC Europe — Biogard,https://www.biogard.it/,84,P1,REGISTERED,CURVE DI SCARICO E DI RILASCIO DEI DIFFUSORI SHIN-ETSUscarica il report,data/samples/IT-SOURCE-SAMPLES/IT-T9-012/MANIFEST.json,IT-T9-012,FICHA_ESCRITA,NOT_AVAILABLE — sem credenciais do Supabase nesta sessao,GREEN,"aberta, exemplo real observado e preservado"
CSO Italy — Centro Servizi Ortofrutticoli,https://www.csoservizi.com/,CSO Italy,https://www.csoservizi.com/,84,P1,REGISTERED,CLICCARE QUI,data/samples/IT-SOURCE-SAMPLES/IT-T10-010/MANIFEST.json,IT-T10-010,FICHA_ESCRITA,NOT_AVAILABLE — sem credenciais do Supabase nesta sessao,GREEN,"aberta, exemplo real observado e preservado"
Certis Belchim Italia,https://www.certisbelchim.it/,Certis Belchim,https://www.certisbelchim.it/,84,P1,REGISTERED,NÃO REPRESENTATIVO — papelada administrativa; rever com navegador,data/samples/IT-SOURCE-SAMPLES/IT-T9-013/MANIFEST.json,IT-T9-013,FICHA_ESCRITA,NOT_AVAILABLE — sem credenciais do Supabase nesta sessao,YELLOW,exemplo real nao representativo
Italia Olivicola,https://www.italiaolivicola.it/,Italia Olivicola Consorzio Nazionale,https://www.italiaolivicola.it/,84,P1,REGISTERED,News &#8211; Italia Olivicola,data/samples/IT-SOURCE-SAMPLES/IT-T1-016/MANIFEST.json,IT-T1-016,FICHA_ESCRITA,NOT_AVAILABLE — sem credenciais do Supabase nesta sessao,GREEN,"aberta, exemplo real observado e preservado"
Olivo e Olio — Edagricole,https://olivoeolio.edagricole.it/,Edagricole — New Business Media,https://olivoeolio.edagricole.it/,84,P1,REGISTERED,EVOLIO Expo conquista gli USA: buyer pronti per Bari 2027 - Olivo e Olio,data/samples/IT-SOURCE-SAMPLES/IT-T1-017/MANIFEST.json,IT-T1-017,FICHA_ESCRITA,NOT_AVAILABLE — sem credenciais do Supabase nesta sessao,GREEN,"aberta, exemplo real observado e preservado"
Rivista di Agraria,https://www.rivistadiagraria.org/,Rivista di Agraria,https://www.rivistadiagraria.org/,84,P1,REGISTERED,Il sapore della salute - Rivista di Agraria.org,data/samples/IT-SOURCE-SAMPLES/IT-T1-018/MANIFEST.json,IT-T1-018,FICHA_ESCRITA,NOT_AVAILABLE — sem credenciais do Supabase nesta sessao,GREEN,"aberta, exemplo real observado e preservado"
Ruminantia — web magazine dei ruminanti,https://www.ruminantia.it/,Ruminantia,https://www.ruminantia.it/,84,P1,REGISTERED,News &#8211; Ruminantia &#8211; Web Magazine del mondo dei Ruminanti,data/samples/IT-SOURCE-SAMPLES/IT-T10-011/MANIFEST.json,IT-T10-011,FICHA_ESCRITA,NOT_AVAILABLE — sem credenciais do Supabase nesta sessao,GREEN,"aberta, exemplo real observado e preservado"
SIA — Societa Italiana di Agronomia,https://www.siagr.it/,Societa Italiana di Agronomia,https://www.siagr.it/,84,P1,REGISTERED,Scarica lo Statuto della SIA,data/samples/IT-SOURCE-SAMPLES/IT-T1-019/MANIFEST.json,IT-T1-019,FICHA_ESCRITA,NOT_AVAILABLE — sem credenciais do Supabase nesta sessao,GREEN,"aberta, exemplo real observado e preservado"
UNIBO DISTAL — Dipartimento di Scienze e Tecnologie Agro-Alimentari,https://distal.unibo.it/it,Universita di Bologna,https://distal.unibo.it/it,84,P1,REGISTERED,Bollettino agrofenologico — Scienze e Tecnologie Agro-Alimentari,data/samples/IT-SOURCE-SAMPLES/IT-T5-033/MANIFEST.json,IT-T5-033,FICHA_ESCRITA,NOT_AVAILABLE — sem credenciais do Supabase nesta sessao,GREEN,"aberta, exemplo real observado e preservado"
Agriligurianet — Regione Liguria agricoltura,https://www.agriligurianet.it/,Regione Liguria,https://www.agriligurianet.it/it/,83,P1,REGISTERED,Generale - Agriligurianet,data/samples/IT-SOURCE-SAMPLES/IT-T1-020/MANIFEST.json,IT-T1-020,FICHA_ESCRITA,NOT_AVAILABLE — sem credenciais do Supabase nesta sessao,GREEN,"aberta, exemplo real observado e preservado"
Consorzi Agrari d'Italia — CAI,https://www.consorziagrariditalia.it/chi-siamo/,Consorzi Agrari d'Italia,https://www.consorziagrariditalia.it/chi-siamo/,83,P1,REGISTERED,NÃO REPRESENTATIVO — papelada administrativa; rever com navegador,data/samples/IT-SOURCE-SAMPLES/IT-T7-014/MANIFEST.json,IT-T7-014,FICHA_ESCRITA,NOT_AVAILABLE — sem credenciais do Supabase nesta sessao,YELLOW,exemplo real nao representativo
Consorzio Tutela Vini d'Abruzzo,https://www.vinidabruzzo.it/,Consorzio Tutela Vini d'Abruzzo,https://www.vinidabruzzo.it/,83,P1,REGISTERED,"Press            
              
      La nuova terra dei Winelovers

      
      
      
      
          
Scarica PDF",data/samples/IT-SOURCE-SAMPLES/IT-T10-012/MANIFEST.json,IT-T10-012,FICHA_ESCRITA,NOT_AVAILABLE — sem credenciais do Supabase nesta sessao,GREEN,"aberta, exemplo real observado e preservado"
Consorzio di Tutela Arancia Rossa di Sicilia IGP,https://www.tutelaaranciarossa.it/,Consorzio Arancia Rossa di Sicilia,https://www.tutelaaranciarossa.it/,83,P1,REGISTERED,Rassegna stampa - Tutela Arancia Rossa di Sicilia IGP,data/samples/IT-SOURCE-SAMPLES/IT-T10-013/MANIFEST.json,IT-T10-013,FICHA_ESCRITA,NOT_AVAILABLE — sem credenciais do Supabase nesta sessao,GREEN,"aberta, exemplo real observado e preservado"
Consorzio di Tutela del Grana Padano,https://www.granapadano.it/,Consorzio Tutela Grana Padano,https://www.granapadano.it/it-it/,83,P1,REGISTERED,Progetti Finanziati - Grana Padano,data/samples/IT-SOURCE-SAMPLES/IT-T10-014/MANIFEST.json,IT-T10-014,FICHA_ESCRITA,NOT_AVAILABLE — sem credenciais do Supabase nesta sessao,GREEN,"aberta, exemplo real observado e preservado"
AgroNotizie — Image Line,https://agronotizie.imagelinenetwork.com/,Image Line,https://agronotizie.imagelinenetwork.com/,82.2,P1,REGISTERED,AgroNotizie - Newsletter,data/samples/IT-SOURCE-SAMPLES/IT-T1-021/MANIFEST.json,IT-T1-021,FICHA_ESCRITA,NOT_AVAILABLE — sem credenciais do Supabase nesta sessao,YELLOW,frequencia de atualizacao por provar
SIPaV — Societa Italiana di Patologia Vegetale,https://www.sipav.org/,SIPaV,https://www.sipav.org/,82.2,P1,REGISTERED,SIPaV News,data/samples/IT-SOURCE-SAMPLES/IT-T3-021/MANIFEST.json,IT-T3-021,FICHA_ESCRITA,NOT_AVAILABLE — sem credenciais do Supabase nesta sessao,YELLOW,frequencia de atualizacao por provar
Accademia dei Georgofili,https://www.georgofili.it/,Accademia dei Georgofili,https://www.georgofili.it/,82,P1,REGISTERED,Benvenuti nella Sezione dell'Ufficio Stampa dei Georgofili  | Georgofili,data/samples/IT-SOURCE-SAMPLES/IT-T5-034/MANIFEST.json,IT-T5-034,FICHA_ESCRITA,NOT_AVAILABLE — sem credenciais do Supabase nesta sessao,GREEN,"aberta, exemplo real observado e preservado"
OlivoNews — giornale di olivicoltura,https://www.olivonews.it/,OlivoNews,https://www.olivonews.it/,82,P1,REGISTERED,Attualità Archivi - l&#039;OlivoNews,data/samples/IT-SOURCE-SAMPLES/IT-T1-022/MANIFEST.json,IT-T1-022,FICHA_ESCRITA,NOT_AVAILABLE — sem credenciais do Supabase nesta sessao,GREEN,"aberta, exemplo real observado e preservado"
SIMEI — Salone Internazionale Macchine per Enologia e Imbottigliamento,https://www.simei.it/,Unione Italiana Vini,https://www.simei.it/,82,P1,REGISTERED,Distillo 2026 - SIMEI,data/samples/IT-SOURCE-SAMPLES/IT-T11-005/MANIFEST.json,IT-T11-005,FICHA_ESCRITA,NOT_AVAILABLE — sem credenciais do Supabase nesta sessao,GREEN,"aberta, exemplo real observado e preservado"
CIA — Agricoltori Italiani,https://www.cia.it/,CIA,https://www.cia.it/,81.1,P1,REGISTERED,NÃO REPRESENTATIVO — papelada administrativa; rever com navegador,data/samples/IT-SOURCE-SAMPLES/IT-T12-003/MANIFEST.json,IT-T12-003,FICHA_ESCRITA,NOT_AVAILABLE — sem credenciais do Supabase nesta sessao,YELLOW,frequencia de atualizacao por provar; exemplo real nao representativo
Confagricoltura,https://www.confagricoltura.it/,Confagricoltura,https://www.confagricoltura.it/ita/,81.1,P1,REGISTERED,AgriFoodTech e IA: 2° Rapporto 2026 dedicato alla trasformazione tecnologica dell'agroalimentare Made in Italy - Notizie Brevi | Confagricoltura,data/samples/IT-SOURCE-SAMPLES/IT-T12-004/MANIFEST.json,IT-T12-004,FICHA_ESCRITA,NOT_AVAILABLE — sem credenciais do Supabase nesta sessao,YELLOW,frequencia de atualizacao por provar
Consorzio Tutela Prosecco DOC,https://www.prosecco.it/,Consorzio Tutela Prosecco DOC,https://www.prosecco.it/it/,81.1,P1,REGISTERED,https://www.prosecco.it/wp-content/uploads/2023/07/Pagina-per-sito-web.pdf,data/samples/IT-SOURCE-SAMPLES/IT-T10-015/MANIFEST.json,IT-T10-015,FICHA_ESCRITA,NOT_AVAILABLE — sem credenciais do Supabase nesta sessao,YELLOW,frequencia de atualizacao por provar
AIAB — Associazione Italiana Agricoltura Biologica,https://aiab.it/,AIAB,https://aiab.it/,81,P1,REGISTERED,Aiuti di Stato,data/samples/IT-SOURCE-SAMPLES/IT-T12-005/MANIFEST.json,IT-T12-005,FICHA_ESCRITA,NOT_AVAILABLE — sem credenciais do Supabase nesta sessao,GREEN,"aberta, exemplo real observado e preservado"
ANBI — Associazione Nazionale Consorzi di gestione e tutela del territorio e acque irrigue,https://www.anbi.it/,ANBI,https://www.anbi.it/,81,P1,REGISTERED,LIPU,data/samples/IT-SOURCE-SAMPLES/IT-T2-024/MANIFEST.json,IT-T2-024,FICHA_ESCRITA,NOT_AVAILABLE — sem credenciais do Supabase nesta sessao,GREEN,"aberta, exemplo real observado e preservado"
Alleanza delle Cooperative Italiane Agroalimentare,https://www.alleanzacooperative.it/,Alleanza Cooperative,https://www.alleanzacooperative.it/,81,P1,REGISTERED,Alleanza Cooperative Italiane,data/samples/IT-SOURCE-SAMPLES/IT-T10-016/MANIFEST.json,IT-T10-016,FICHA_ESCRITA,NOT_AVAILABLE — sem credenciais do Supabase nesta sessao,GREEN,"aberta, exemplo real observado e preservado"
CIA Toscana,https://www.ciatoscana.eu/,CIA Agricoltori Italiani,https://www.ciatoscana.eu/home/,81,P1,REGISTERED,https://www.ciatoscana.eu/home/wp-content/uploads/2026/02/inn-pratica_volume_il-futuro-dell-agricoltura_IT_web.pdf,data/samples/IT-SOURCE-SAMPLES/IT-T12-006/MANIFEST.json,IT-T12-006,FICHA_ESCRITA,NOT_AVAILABLE — sem credenciais do Supabase nesta sessao,GREEN,"aberta, exemplo real observado e preservado"
Georgofili INFO — notiziario,https://www.georgofili.info/,Accademia dei Georgofili,https://www.georgofili.info/,80,P1,REGISTERED,“Notizie Forestali” - Australia e Nuova Zelanda adottano uno standard comune per valutare le foreste - Accademia dei Georgofili,data/samples/IT-SOURCE-SAMPLES/IT-T5-035/MANIFEST.json,IT-T5-035,FICHA_ESCRITA,NOT_AVAILABLE — sem credenciais do Supabase nesta sessao,YELLOW,frequencia de atualizacao por provar
Georgofili — Accademia dei Georgofili (portale .net),https://www.georgofili.net/,Accademia dei Georgofili,https://www.georgofili.net/,80,P1,REGISTERED,Agrifood tra credito e sostenibilit&#224; - Accademia dei Georgofili,data/samples/IT-SOURCE-SAMPLES/IT-T5-036/MANIFEST.json,IT-T5-036,FICHA_ESCRITA,NOT_AVAILABLE — sem credenciais do Supabase nesta sessao,YELLOW,frequencia de atualizacao por provar
SOI — Societa di Ortoflorofrutticoltura Italiana,https://www.soihs.it/,SOI,https://www.soihs.it/,80,P1,REGISTERED,Olivo - SOI,data/samples/IT-SOURCE-SAMPLES/IT-T1-023/MANIFEST.json,IT-T1-023,FICHA_ESCRITA,NOT_AVAILABLE — sem credenciais do Supabase nesta sessao,YELLOW,frequencia de atualizacao por provar
AGRIS Sardegna — Agenzia per la ricerca in agricoltura,https://www.sardegnaagricoltura.it/index.php?xsl=443,Regione Sardegna — AGRIS,http://www.sardegnaagricoltura.it/index.php?xsl=443&amp;v=2&amp;s=,95,P1,NOT_REGISTERED,,,,NAO_ESCRITA — continua CANDIDATA,NOT_AVAILABLE,NÃO SEI,"a fonte responde mas nenhum item publicado foi confirmavel por HTTP (pagina renderizada por JavaScript, ou sem links de itens)"
Veneto Agricoltura — Agenzia veneta per l'innovazione nel settore primario,https://www.venetoagricoltura.org/,Regione Veneto,https://www.venetoagricoltura.org/home,94.4,P1,NOT_REGISTERED,,,,NAO_ESCRITA — continua CANDIDATA,NOT_AVAILABLE,NÃO SEI,"a fonte responde mas nenhum item publicado foi confirmavel por HTTP (pagina renderizada por JavaScript, ou sem links de itens)"
ERSAF Lombardia — Ente Regionale per i Servizi all'Agricoltura e alle Foreste,https://www.ersaf.lombardia.it/,Regione Lombardia,https://www.ersaf.lombardia.it/,93,P1,NOT_REGISTERED,,,,NAO_ESCRITA — continua CANDIDATA,NOT_AVAILABLE,NÃO SEI,nao foi possivel observar a fonte: FATAL:ValueError
ARPA Puglia,https://www.arpa.puglia.it/,ARPA Puglia,https://www.arpa.puglia.it/,92.2,P1,NOT_REGISTERED,,,,NAO_ESCRITA — continua CANDIDATA,NOT_AVAILABLE,NÃO SEI,nao foi possivel observar a fonte: SSLError
ARPACAL Calabria,https://www.arpacal.it/,ARPACAL,https://www.arpacal.it/,92.2,P1,NOT_REGISTERED,,,,NAO_ESCRITA — continua CANDIDATA,NOT_AVAILABLE,NÃO SEI,"a fonte responde mas nenhum item publicado foi confirmavel por HTTP (pagina renderizada por JavaScript, ou sem links de itens)"
Agrisicilia,https://www.agrisicilia.it/,Agrisicilia,https://www.agrisicilia.it/,92.2,P1,NOT_REGISTERED,,,,NAO_ESCRITA — continua CANDIDATA,NOT_AVAILABLE,NÃO SEI,"a fonte responde mas nenhum item publicado foi confirmavel por HTTP (pagina renderizada por JavaScript, ou sem links de itens)"
Agrisole — Il Sole 24 Ore,https://www.ilsole24ore.com/,Il Sole 24 Ore,https://www.ilsole24ore.com/,92.2,P1,NOT_REGISTERED,,,,NAO_ESCRITA — continua CANDIDATA,NOT_AVAILABLE,NÃO SEI,"a fonte responde mas nenhum item publicado foi confirmavel por HTTP (pagina renderizada por JavaScript, ou sem links de itens)"
Bulletin of Insectology,http://www.bulletinofinsectology.org/,Universita di Bologna,http://www.bulletinofinsectology.org/,91.1,P1,NOT_REGISTERED,,,,NAO_ESCRITA — continua CANDIDATA,NOT_AVAILABLE,NÃO SEI,"a fonte responde mas nenhum item publicado foi confirmavel por HTTP (pagina renderizada por JavaScript, ou sem links de itens)"
Libera Universita di Bolzano — Facolta di Scienze agrarie ambientali e alimentari,https://www.unibz.it/it/faculties/agricultural-environmental-food-sciences/,Libera Universita di Bolzano,https://www.unibz.it/it/faculties/agricultural-environmental-food-sciences/,91.1,P1,NOT_REGISTERED,,,,NAO_ESCRITA — continua CANDIDATA,NOT_AVAILABLE,NÃO SEI,"a fonte responde mas nenhum item publicado foi confirmavel por HTTP (pagina renderizada por JavaScript, ou sem links de itens)"
Pianeta PSR,https://www.pianetapsr.it/,Rete Rurale Nazionale / MASAF,https://www.pianetapsr.it/flex/cm/pages/ServeBLOB.php/L/IT/IDPagina/1,91,P1,NOT_REGISTERED,,,,NAO_ESCRITA — continua CANDIDATA,NOT_AVAILABLE,NÃO SEI,"a fonte responde mas nenhum item publicado foi confirmavel por HTTP (pagina renderizada por JavaScript, ou sem links de itens)"
Provincia autonoma di Bolzano — Agricoltura,https://www.provincia.bz.it/agricoltura-foreste/,Provincia autonoma di Bolzano,https://home.provincia.bz.it/it/temi#land__und_forstwirtschaft___agricoltura_e_foreste,90,P1,NOT_REGISTERED,,,,NAO_ESCRITA — continua CANDIDATA,NOT_AVAILABLE,NÃO SEI,"a fonte responde mas nenhum item publicado foi confirmavel por HTTP (pagina renderizada por JavaScript, ou sem links de itens)"
Rete Rurale Nazionale,https://www.reterurale.it/,MASAF — Rete Rurale Nazionale,https://www.reterurale.it/flex/cm/pages/ServeBLOB.php/L/IT/IDPagina/1,90,P1,NOT_REGISTERED,,,,NAO_ESCRITA — continua CANDIDATA,NOT_AVAILABLE,NÃO SEI,"a fonte responde mas nenhum item publicado foi confirmavel por HTTP (pagina renderizada por JavaScript, ou sem links de itens)"
SIAN — Sistema Informativo Agricolo Nazionale,https://www.sian.it/,MASAF/AGEA,https://www.sian.it/portale/,90,P1,NOT_REGISTERED,,,,NAO_ESCRITA — continua CANDIDATA,NOT_AVAILABLE,NÃO SEI,"a fonte responde mas nenhum item publicado foi confirmavel por HTTP (pagina renderizada por JavaScript, ou sem links de itens)"
Regione Molise — Agricoltura,https://www.regione.molise.it/,Regione Molise,https://www.regione.molise.it/flex/cm/pages/ServeBLOB.php/L/IT/IDPagina/1,89,P1,NOT_REGISTERED,,,,NAO_ESCRITA — continua CANDIDATA,NOT_AVAILABLE,NÃO SEI,"a fonte responde mas nenhum item publicado foi confirmavel por HTTP (pagina renderizada por JavaScript, ou sem links de itens)"
Centro di Sperimentazione Laimburg,https://www.laimburg.it/,Provincia autonoma di Bolzano,https://www.laimburg.it/it,88.9,P1,NOT_REGISTERED,,,,NAO_ESCRITA — continua CANDIDATA,NOT_AVAILABLE,NÃO SEI,"a fonte responde mas nenhum item publicado foi confirmavel por HTTP (pagina renderizada por JavaScript, ou sem links de itens)"
OP Alegra,https://www.alegra.it/,Alegra,https://www.alegra.it/,88,P1,NOT_REGISTERED,,,,NAO_ESCRITA — continua CANDIDATA,NOT_AVAILABLE,NÃO SEI,"a fonte responde mas nenhum item publicado foi confirmavel por HTTP (pagina renderizada por JavaScript, ou sem links de itens)"
Unione Nazionale Associazioni Produttori Olivicoli — UNAPROL,https://www.unaprol.it/,Unaprol,https://www.unaprol.it/,86,P1,NOT_REGISTERED,,,,NAO_ESCRITA — continua CANDIDATA,NOT_AVAILABLE,NÃO SEI,"a fonte responde mas nenhum item publicado foi confirmavel por HTTP (pagina renderizada por JavaScript, ou sem links de itens)"
Phytopathologia Mediterranea,https://oajournals.fupress.net/index.php/pm,Firenze University Press / Mediterranean Phytopathological Union,https://oajournals.fupress.net/index.php/pm,84,P1,NOT_REGISTERED,,,,NAO_ESCRITA — continua CANDIDATA,NOT_AVAILABLE,NÃO SEI,"a fonte responde mas nenhum item publicado foi confirmavel por HTTP (pagina renderizada por JavaScript, ou sem links de itens)"
SCAM,https://www.scam.it/,SCAM S.p.A.,https://www.scam.it/,84,P1,NOT_REGISTERED,,,,NAO_ESCRITA — continua CANDIDATA,NOT_AVAILABLE,NÃO SEI,nao foi possivel observar a fonte: HTTP 202
Teatro Naturale,https://www.teatronaturale.it/,Teatro Naturale,https://www.teatronaturale.it/,84,P1,NOT_REGISTERED,,,,NAO_ESCRITA — continua CANDIDATA,NOT_AVAILABLE,NÃO SEI,"a fonte responde mas nenhum item publicado foi confirmavel por HTTP (pagina renderizada por JavaScript, ou sem links de itens)"
ASSAM Marche — Agenzia Servizi Settore Agroalimentare delle Marche — Youtube ufficiale,https://www.youtube.com/channel/UCpiryXByW32kGxQXTlbnSXA,Regione Marche,https://www.youtube.com/channel/UCpiryXByW32kGxQXTlbnSXA,80,P1,NOT_REGISTERED,,,,NAO_ESCRITA — continua CANDIDATA,NOT_AVAILABLE,NÃO SEI,"a fonte responde mas nenhum item publicado foi confirmavel por HTTP (pagina renderizada por JavaScript, ou sem links de itens)"
ERSA FVG — Agenzia regionale per lo sviluppo rurale,https://www.ersa.fvg.it/,Regione Friuli-Venezia Giulia,https://www.ersa.fvg.it/cms/hp/,91.1,P3,ADDRESS_CORRECTED,,,,NAO_ESCRITA — fora da primeira onda,NOT_AVAILABLE,NÃO SEI,endereco corrigido e confirmado por titulo da pagina
ARPA Sardegna,https://www.arpa.sardegna.it/,ARPAS,https://www.sardegnaambiente.it/arpas/,87.8,P3,ADDRESS_CORRECTED,,,,NAO_ESCRITA — fora da primeira onda,NOT_AVAILABLE,NÃO SEI,endereco corrigido e confirmado por titulo da pagina
Confcooperative Fedagripesca,https://www.fedagripesca.confcooperative.it/,Confcooperative,https://www.agroalimentarepesca.confcooperative.it:443/,84.4,P3,ADDRESS_REVIEW,,,,NAO_ESCRITA — fora da primeira onda,NOT_AVAILABLE,NÃO SEI,endereco nao confirmavel: o ID numerico do LinkedIn cai em pagina de login / pagina sem titulo
CRPV — Centro Ricerche Produzioni Vegetali,https://www.crpv.it/,CRPV,https://rinova.eu/,84,P3,ADDRESS_CORRECTED,,,,NAO_ESCRITA — fora da primeira onda,NOT_AVAILABLE,NÃO SEI,endereco corrigido e confirmado por titulo da pagina
Unione Italiana Vini,https://www.uiv.it/,UIV,https://www.unioneitalianavini.it,80,P3,ADDRESS_CORRECTED,,,,NAO_ESCRITA — fora da primeira onda,NOT_AVAILABLE,NÃO SEI,endereco corrigido e confirmado por titulo da pagina
Il Corriere Vinicolo,https://www.corrierevinicolo.com/,Unione Italiana Vini,https://www.unioneitalianavini.it/il-corriere-vinicolo,62.2,P3,ADDRESS_CORRECTED,,,,NAO_ESCRITA — fora da primeira onda,NOT_AVAILABLE,NÃO SEI,endereco corrigido e confirmado por titulo da pagina
Consorzio di Bonifica Piave — Linkedin ufficiale,https://www.linkedin.com/company/15179878/admin/dashboard,Consorzio di Bonifica Piave,https://it.linkedin.com/company/15179878,50,P3,ADDRESS_REVIEW,,,,NAO_ESCRITA — fora da primeira onda,NOT_AVAILABLE,NÃO SEI,endereco nao confirmavel: o ID numerico do LinkedIn cai em pagina de login / pagina sem titulo
Myfruit.it — Linkedin ufficiale,https://www.linkedin.com/company/698415/admin/feed/posts,Myfruit,https://it.linkedin.com/company/698415,42.2,HOLD,ADDRESS_REVIEW,,,,NAO_ESCRITA — fora da primeira onda,NOT_AVAILABLE,NÃO SEI,endereco nao confirmavel: o ID numerico do LinkedIn cai em pagina de login / pagina sem titulo
