SOURCE_ID	ROUTE_CLASS_ID	RESOLUCAO	ESTADO_NO_CURADOR	STRATEGY	PROVA_OU_PORQUE
IT-PROVA-RETRY	NAO_SEI	NAO_SEI	UNKNOWN	-	sem contrato no livro do coletor
IT-T1-001	NAO_SEI	NAO_SEI	CONTRACT_PENDING	-	so contrato/canario (None): o caminho existe, o resultado real nao esta provado
IT-T1-002	RC-1	CLASSE_PROVADA	CANARY_PENDING	HTML_LINK_DISCOVERY	curadoria/LIFECYCLE-LEDGER-V1.json · BCR-2026-09-20:IT-T1-2026-09-20-191235-eb94a10a12884b64
IT-T1-003	RC-1	CLASSE_PROVADA	CANARY_PENDING	HTML_LINK_DISCOVERY	curadoria/LIFECYCLE-LEDGER-V1.json · BCR-2026-09-20:IT-T1-2026-09-20-191247-1dba6f8f941c5b8c
IT-T1-004	NAO_SEI	NAO_SEI	DEGRADED	HTML_LINK_DISCOVERY	so contrato/canario (HTML_LINK_DISCOVERY): o caminho existe, o resultado real nao esta provado
IT-T1-005	RC-1	CLASSE_PROVADA	READY_FOR_COLLECTION	HTML_LINK_DISCOVERY	curadoria/LIFECYCLE-LEDGER-V1.json · BCR-2026-09-20:IT-T1-2026-09-20-191308-2f2ccea3aa242d38
IT-T1-006	RC-1	CLASSE_PROVADA	CANARY_PENDING	HTML_LINK_DISCOVERY	curadoria/LIFECYCLE-LEDGER-V1.json · BCR-2026-09-20:IT-T1-2026-09-20-191324-803240b56549a13a
IT-T1-007	RC-1	CLASSE_PROVADA	READY_FOR_COLLECTION	HTML_LINK_DISCOVERY	curadoria/LIFECYCLE-LEDGER-V1.json · BCR-2026-09-20:IT-T1-2026-09-20-191340-fce6e104e4f4af65
IT-T1-008	RC-1	CLASSE_PROVADA	UNKNOWN	HTML_LINK_DISCOVERY	curadoria/LIFECYCLE-LEDGER-V1.json · BCR-2026-09-20:IT-T1-2026-09-20-191354-b5f6f135c505ff87
IT-T1-009	RC-1	CLASSE_PROVADA	READY_FOR_COLLECTION	HTML_LINK_DISCOVERY	curadoria/LIFECYCLE-LEDGER-V1.json · BCR-2026-09-20:IT-T1-2026-09-20-191407-b2ebe9f3986b66c5
IT-T1-010	RC-1	CLASSE_PROVADA	READY_FOR_COLLECTION	HTML_LINK_DISCOVERY	curadoria/LIFECYCLE-LEDGER-V1.json · BCR-2026-09-20:IT-T1-2026-09-20-191421-e54aa65268e07164
IT-T1-011	RC-1	CLASSE_PROVADA	READY_FOR_COLLECTION	HTML_LINK_DISCOVERY	curadoria/LIFECYCLE-LEDGER-V1.json · BCR-2026-09-20:IT-T1-2026-09-20-191433-1536b525db16df88
IT-T1-012	NAO_SEI	NAO_SEI	DEGRADED	HTML_LINK_DISCOVERY	so contrato/canario (HTML_LINK_DISCOVERY): o caminho existe, o resultado real nao esta provado
IT-T1-013	RC-1	CLASSE_PROVADA	CANARY_PENDING	HTML_LINK_DISCOVERY	curadoria/LIFECYCLE-LEDGER-V1.json · BCR-2026-09-20:IT-T1-2026-09-20-191455-05c83e78a2b754cd
IT-T1-014	NAO_SEI	NAO_SEI	DEGRADED	HTML_LINK_DISCOVERY	so contrato/canario (HTML_LINK_DISCOVERY): o caminho existe, o resultado real nao esta provado
IT-T1-015	NAO_SEI	NAO_SEI	DEGRADED	HTML_LINK_DISCOVERY	so contrato/canario (HTML_LINK_DISCOVERY): o caminho existe, o resultado real nao esta provado
IT-T1-016	RC-1	CLASSE_PROVADA	READY_FOR_COLLECTION	HTML_LINK_DISCOVERY	curadoria/LIFECYCLE-LEDGER-V1.json · BCR-2026-09-20:IT-T1-2026-09-20-191525-bda65292ddf268cd
IT-T1-017	NAO_SEI	NAO_SEI	DEGRADED	HTML_LINK_DISCOVERY	so contrato/canario (HTML_LINK_DISCOVERY): o caminho existe, o resultado real nao esta provado
IT-T1-018	RC-1	CLASSE_PROVADA	READY_FOR_COLLECTION	HTML_LINK_DISCOVERY	curadoria/LIFECYCLE-LEDGER-V1.json · BCR-2026-09-20:IT-T1-2026-09-20-191549-1a2fb52953efaa4b
IT-T1-019	RC-1	CLASSE_PROVADA	UNKNOWN	HTML_LINK_DISCOVERY	curadoria/LIFECYCLE-LEDGER-V1.json · BCR-2026-09-20:IT-T1-2026-09-20-191603-1321e1bd1b3b98e7
IT-T1-020	NAO_SEI	NAO_SEI	DEGRADED	HTML_LINK_DISCOVERY	so contrato/canario (HTML_LINK_DISCOVERY): o caminho existe, o resultado real nao esta provado
IT-T1-021	RC-1	CLASSE_PROVADA	CANARY_PENDING	HTML_LINK_DISCOVERY	curadoria/LIFECYCLE-LEDGER-V1.json · BCR-2026-09-20:IT-T1-2026-09-20-191628-52120846fd64a5a5
IT-T1-022	RC-1	CLASSE_PROVADA	READY_FOR_COLLECTION	HTML_LINK_DISCOVERY	curadoria/LIFECYCLE-LEDGER-V1.json · BCR-2026-09-20:IT-T1-2026-09-20-191639-403ffcb4c3d3619a
IT-T1-023	NAO_SEI	NAO_SEI	DEGRADED	HTML_LINK_DISCOVERY	so contrato/canario (HTML_LINK_DISCOVERY): o caminho existe, o resultado real nao esta provado
IT-T1-024	NAO_SEI	NAO_SEI	CONTRACTED_CANARY_FAILED	-	sem contrato no livro do coletor
IT-T1-025	NAO_SEI	NAO_SEI	READY_FOR_COLLECTION	-	sem contrato no livro do coletor
IT-T10-002	NAO_SEI	NAO_SEI	DEGRADED	HTML_LINK_DISCOVERY	so contrato/canario (HTML_LINK_DISCOVERY): o caminho existe, o resultado real nao esta provado
IT-T10-006	NAO_SEI	NAO_SEI	DEGRADED	HTML_LINK_DISCOVERY	so contrato/canario (HTML_LINK_DISCOVERY): o caminho existe, o resultado real nao esta provado
IT-T10-007	RC-1	CLASSE_PROVADA	CANARY_PENDING	HTML_LINK_DISCOVERY	curadoria/LIFECYCLE-LEDGER-V1.json · BCR-2026-09-20:IT-T10-2026-09-20-193156-a06aa070dc4ef38e
IT-T10-008	NAO_SEI	NAO_SEI	DEGRADED	HTML_LINK_DISCOVERY	so contrato/canario (HTML_LINK_DISCOVERY): o caminho existe, o resultado real nao esta provado
IT-T10-009	RC-1	CLASSE_PROVADA	READY_FOR_COLLECTION	HTML_LINK_DISCOVERY	curadoria/LIFECYCLE-LEDGER-V1.json · BCR-2026-09-20:IT-T10-2026-09-20-193222-aee17e0ede6713e6
IT-T10-010	RC-1	CLASSE_PROVADA	READY_FOR_COLLECTION	STATIC_ENDPOINT	curadoria/LIFECYCLE-LEDGER-V1.json · BCR-2026-09-20:IT-T10-2026-09-20-193233-ea35142fd47b1e28
IT-T10-011	RC-1	CLASSE_PROVADA	CANARY_PENDING	HTML_LINK_DISCOVERY	curadoria/LIFECYCLE-LEDGER-V1.json · BCR-2026-09-20:IT-T10-2026-09-20-193241-ca803f52619b2920
IT-T10-012	RC-1	CLASSE_PROVADA	UNKNOWN	HTML_LINK_DISCOVERY	curadoria/LIFECYCLE-LEDGER-V1.json · BCR-2026-09-20:IT-T10-2026-09-20-193259-92e5795fd53fb95f
IT-T10-013	RC-1	CLASSE_PROVADA	CANARY_PENDING	HTML_LINK_DISCOVERY	curadoria/LIFECYCLE-LEDGER-V1.json · BCR-2026-09-20:IT-T10-2026-09-20-193310-3ab39d3ab55079e0
IT-T10-014	NAO_SEI	NAO_SEI	DEGRADED	HTML_LINK_DISCOVERY	so contrato/canario (HTML_LINK_DISCOVERY): o caminho existe, o resultado real nao esta provado
IT-T10-015	RC-1	CLASSE_PROVADA	UNKNOWN	HTML_LINK_DISCOVERY	curadoria/LIFECYCLE-LEDGER-V1.json · BCR-2026-09-20:IT-T10-2026-09-20-193348-c3850ea3fb2bbf57
IT-T10-016	NAO_SEI	NAO_SEI	DEGRADED	HTML_LINK_DISCOVERY	so contrato/canario (HTML_LINK_DISCOVERY): o caminho existe, o resultado real nao esta provado
IT-T10-017	NAO_SEI	NAO_SEI	READY_FOR_COLLECTION	CUSTOM_ADAPTER	so contrato/canario (CUSTOM_ADAPTER): o caminho existe, o resultado real nao esta provado
IT-T10-018	RC-1	CLASSE_PROVADA	CANARY_PENDING	HTML_LINK_DISCOVERY	BC5-BIG-COLLECTION-1A-ONDA · IT-T10-2026-09-24-120449-0196c6a5c9db1619 (RAW 3, DERIVED 3)
IT-T10-019	NAO_SEI	NAO_SEI	READY_FOR_COLLECTION	CUSTOM_ADAPTER	so contrato/canario (CUSTOM_ADAPTER): o caminho existe, o resultado real nao esta provado
IT-T10-020	NAO_SEI	NAO_SEI	CANARY_PENDING	HTML_LINK_DISCOVERY	so contrato/canario (HTML_LINK_DISCOVERY): o caminho existe, o resultado real nao esta provado
IT-T10-021	NAO_SEI	NAO_SEI	READY_FOR_COLLECTION	HTML_LINK_DISCOVERY	so contrato/canario (HTML_LINK_DISCOVERY): o caminho existe, o resultado real nao esta provado
IT-T10-022	NAO_SEI	NAO_SEI	CANARY_PENDING	HTML_LINK_DISCOVERY	so contrato/canario (HTML_LINK_DISCOVERY): o caminho existe, o resultado real nao esta provado
IT-T10-023	NAO_SEI	NAO_SEI	CONTRACTED_CANARY_FAILED	-	sem contrato no livro do coletor
IT-T10-024	NAO_SEI	NAO_SEI	CONTRACTED_CANARY_FAILED	-	sem contrato no livro do coletor
IT-T10-025	NAO_SEI	NAO_SEI	CONTRACTED_CANARY_FAILED	-	sem contrato no livro do coletor
IT-T10-026	NAO_SEI	NAO_SEI	READY_FOR_COLLECTION	-	sem contrato no livro do coletor
IT-T10-027	NAO_SEI	NAO_SEI	CONTRACTED_CANARY_FAILED	-	sem contrato no livro do coletor
IT-T10-028	NAO_SEI	NAO_SEI	CONTRACTED_CANARY_FAILED	-	sem contrato no livro do coletor
IT-T10-029	NAO_SEI	NAO_SEI	CONTRACTED_CANARY_FAILED	-	sem contrato no livro do coletor
IT-T10-030	NAO_SEI	NAO_SEI	READY_FOR_COLLECTION	-	sem contrato no livro do coletor
IT-T10-031	NAO_SEI	NAO_SEI	CONTRACT_PENDING	-	sem contrato no livro do coletor
IT-T10-032	NAO_SEI	NAO_SEI	CONTRACTED_CANARY_FAILED	-	sem contrato no livro do coletor
IT-T10-033	NAO_SEI	NAO_SEI	CONTRACTED_CANARY_FAILED	-	sem contrato no livro do coletor
IT-T10-034	NAO_SEI	NAO_SEI	CANARY_PENDING	-	sem contrato no livro do coletor
IT-T10-035	NAO_SEI	NAO_SEI	READY_FOR_COLLECTION	-	sem contrato no livro do coletor
IT-T10-036	NAO_SEI	NAO_SEI	CONTRACTED_CANARY_FAILED	-	sem contrato no livro do coletor
IT-T10-037	NAO_SEI	NAO_SEI	CONTRACTED_CANARY_FAILED	-	sem contrato no livro do coletor
IT-T10-038	NAO_SEI	NAO_SEI	CONTRACTED_CANARY_FAILED	-	sem contrato no livro do coletor
IT-T10-039	NAO_SEI	NAO_SEI	CONTRACTED_CANARY_FAILED	-	sem contrato no livro do coletor
IT-T10-040	NAO_SEI	NAO_SEI	CONTRACTED_CANARY_FAILED	-	sem contrato no livro do coletor
IT-T10-041	NAO_SEI	NAO_SEI	CONTRACTED_CANARY_FAILED	-	sem contrato no livro do coletor
IT-T10-042	NAO_SEI	NAO_SEI	CONTRACTED_CANARY_FAILED	-	sem contrato no livro do coletor
IT-T11-005	RC-1	CLASSE_PROVADA	READY_FOR_COLLECTION	HTML_LINK_DISCOVERY	curadoria/LIFECYCLE-LEDGER-V1.json · BCR-2026-09-20:IT-T11-2026-09-20-193416-a32a1573df372f02
IT-T11-006	NAO_SEI	NAO_SEI	READY_FOR_COLLECTION	CUSTOM_ADAPTER	so contrato/canario (CUSTOM_ADAPTER): o caminho existe, o resultado real nao esta provado
IT-T11-007	NAO_SEI	NAO_SEI	READY_FOR_COLLECTION	CUSTOM_ADAPTER	so contrato/canario (CUSTOM_ADAPTER): o caminho existe, o resultado real nao esta provado
IT-T11-008	NAO_SEI	BLOQUEADA_COM_RAZAO	CONTRACT_READY_ROUTE_BLOCKED	-	o endereco do contrato casa com Disallow no robots vivo
IT-T11-009	NAO_SEI	NAO_SEI	CANARY_PENDING	-	sem contrato no livro do coletor
IT-T11-010	NAO_SEI	NAO_SEI	READY_FOR_COLLECTION	-	sem contrato no livro do coletor
IT-T11-011	NAO_SEI	NAO_SEI	CONTRACTED_CANARY_FAILED	-	sem contrato no livro do coletor
IT-T12-003	RC-1	CLASSE_PROVADA	UNKNOWN	HTML_LINK_DISCOVERY	curadoria/LIFECYCLE-LEDGER-V1.json · BCR-2026-09-20:IT-T12-2026-09-20-193427-9c7955ad27e6b075
IT-T12-004	RC-1	CLASSE_PROVADA	CANARY_PENDING	HTML_LINK_DISCOVERY	curadoria/LIFECYCLE-LEDGER-V1.json · BCR-2026-09-20:IT-T12-2026-09-20-193451-7781e9732475a4b9
IT-T12-005	RC-1	CLASSE_PROVADA	UNKNOWN	HTML_LINK_DISCOVERY	curadoria/LIFECYCLE-LEDGER-V1.json · BCR-2026-09-20:IT-T12-2026-09-20-193504-873c2af8b2c30ea2
IT-T12-006	RC-1	CLASSE_PROVADA	UNKNOWN	HTML_LINK_DISCOVERY	curadoria/LIFECYCLE-LEDGER-V1.json · BCR-2026-09-20:IT-T12-2026-09-20-193518-be8dd1c3eee2e02e
IT-T12-007	NAO_SEI	NAO_SEI	READY_FOR_COLLECTION	CUSTOM_ADAPTER	so contrato/canario (CUSTOM_ADAPTER): o caminho existe, o resultado real nao esta provado
IT-T12-008	NAO_SEI	NAO_SEI	READY_FOR_COLLECTION	CUSTOM_ADAPTER	so contrato/canario (CUSTOM_ADAPTER): o caminho existe, o resultado real nao esta provado
IT-T12-009	NAO_SEI	NAO_SEI	CANARY_PENDING	HTML_LINK_DISCOVERY	so contrato/canario (HTML_LINK_DISCOVERY): o caminho existe, o resultado real nao esta provado
IT-T12-010	NAO_SEI	NAO_SEI	READY_FOR_COLLECTION	CUSTOM_ADAPTER	so contrato/canario (CUSTOM_ADAPTER): o caminho existe, o resultado real nao esta provado
IT-T12-011	NAO_SEI	NAO_SEI	READY_FOR_COLLECTION	CUSTOM_ADAPTER	so contrato/canario (CUSTOM_ADAPTER): o caminho existe, o resultado real nao esta provado
IT-T12-012	NAO_SEI	NAO_SEI	READY_FOR_COLLECTION	CUSTOM_ADAPTER	so contrato/canario (CUSTOM_ADAPTER): o caminho existe, o resultado real nao esta provado
IT-T12-013	NAO_SEI	NAO_SEI	CONTRACTED_CANARY_FAILED	HTML_LINK_DISCOVERY	so contrato/canario (HTML_LINK_DISCOVERY): o caminho existe, o resultado real nao esta provado
IT-T12-014	NAO_SEI	NAO_SEI	READY_FOR_COLLECTION	CUSTOM_ADAPTER	so contrato/canario (CUSTOM_ADAPTER): o caminho existe, o resultado real nao esta provado
IT-T12-015	NAO_SEI	NAO_SEI	READY_FOR_COLLECTION	CUSTOM_ADAPTER	so contrato/canario (CUSTOM_ADAPTER): o caminho existe, o resultado real nao esta provado
IT-T12-016	NAO_SEI	NAO_SEI	READY_FOR_COLLECTION	CUSTOM_ADAPTER	so contrato/canario (CUSTOM_ADAPTER): o caminho existe, o resultado real nao esta provado
IT-T12-017	NAO_SEI	BLOQUEADA_COM_RAZAO	CAPABILITY_BLOCK	-	RECLASSIFICADA: nao e a fonte que falha. A fonte publica conteudo editorial (medido ao vivo), mas o LINK_PATTERN gerado exige slug minusculo-com-hifens e o site usa CamelCase/sublinhado/seccao. Defeito do gerador de padrao — dono: SOURCE CU
IT-T12-018	NAO_SEI	NAO_SEI	CONTRACTED_CANARY_FAILED	-	sem contrato no livro do coletor
IT-T12-019	NAO_SEI	NAO_SEI	READY_FOR_COLLECTION	-	sem contrato no livro do coletor
IT-T12-020	NAO_SEI	BLOQUEADA_COM_RAZAO	CONTRACT_READY_ROUTE_BLOCKED	-	o endereco do contrato casa com Disallow no robots vivo
IT-T12-021	NAO_SEI	NAO_SEI	CONTRACTED_CANARY_FAILED	-	sem contrato no livro do coletor
IT-T12-022	NAO_SEI	NAO_SEI	CONTRACTED_CANARY_FAILED	-	sem contrato no livro do coletor
IT-T12-023	NAO_SEI	NAO_SEI	CANARY_PENDING	-	sem contrato no livro do coletor
IT-T12-024	NAO_SEI	NAO_SEI	CANARY_PENDING	-	sem contrato no livro do coletor
IT-T12-025	NAO_SEI	NAO_SEI	RETRY_AFTER	-	sem contrato no livro do coletor
IT-T12-026	NAO_SEI	NAO_SEI	CONTRACTED_CANARY_FAILED	-	sem contrato no livro do coletor
IT-T12-027	NAO_SEI	NAO_SEI	CANARY_PENDING	-	sem contrato no livro do coletor
IT-T12-028	NAO_SEI	NAO_SEI	CANARY_PENDING	-	sem contrato no livro do coletor
IT-T12-029	NAO_SEI	NAO_SEI	CANARY_PENDING	-	sem contrato no livro do coletor
IT-T12-030	NAO_SEI	NAO_SEI	CONTRACTED_CANARY_FAILED	-	sem contrato no livro do coletor
IT-T12-031	NAO_SEI	NAO_SEI	CONTRACTED_CANARY_FAILED	-	sem contrato no livro do coletor
IT-T12-032	NAO_SEI	NAO_SEI	CANARY_PENDING	-	sem contrato no livro do coletor
IT-T12-033	NAO_SEI	NAO_SEI	CONTRACTED_CANARY_FAILED	-	sem contrato no livro do coletor
IT-T12-034	NAO_SEI	NAO_SEI	CONTRACTED_CANARY_FAILED	-	sem contrato no livro do coletor
IT-T12-035	NAO_SEI	BLOQUEADA_COM_RAZAO	AUTH_BLOCK	-	reconciliacao: C: AUTH_BLOCK (muro de login) lido como CAPABILITY_BLOCK: credencial em falta e capacidade em falta | C mediu depois (2026-09-23T00:24:03)
IT-T12-036	NAO_SEI	NAO_SEI	CONTRACTED_CANARY_FAILED	-	sem contrato no livro do coletor
IT-T12-037	NAO_SEI	NAO_SEI	CONTRACTED_CANARY_FAILED	-	sem contrato no livro do coletor
IT-T12-038	NAO_SEI	NAO_SEI	CONTRACTED_CANARY_FAILED	-	sem contrato no livro do coletor
IT-T12-039	NAO_SEI	NAO_SEI	CANARY_PENDING	-	sem contrato no livro do coletor
IT-T12-040	NAO_SEI	NAO_SEI	CONTRACTED_CANARY_FAILED	-	sem contrato no livro do coletor
IT-T12-041	NAO_SEI	NAO_SEI	READY_FOR_COLLECTION	-	sem contrato no livro do coletor
IT-T12-042	NAO_SEI	NAO_SEI	CANARY_PENDING	-	sem contrato no livro do coletor
IT-T12-043	NAO_SEI	NAO_SEI	CANARY_PENDING	-	sem contrato no livro do coletor
IT-T12-044	NAO_SEI	NAO_SEI	CONTRACTED_CANARY_FAILED	-	sem contrato no livro do coletor
IT-T12-045	NAO_SEI	NAO_SEI	CONTRACTED_CANARY_FAILED	-	sem contrato no livro do coletor
IT-T12-046	NAO_SEI	BLOQUEADA_COM_RAZAO	AUTH_BLOCK	-	reconciliacao: C: AUTH_BLOCK (muro de login) lido como CAPABILITY_BLOCK: credencial em falta e capacidade em falta | C mediu depois (2026-09-23T00:24:05)
IT-T12-047	NAO_SEI	NAO_SEI	CONTRACTED_CANARY_FAILED	-	sem contrato no livro do coletor
IT-T12-048	NAO_SEI	BLOQUEADA_COM_RAZAO	CONTRACT_READY_ROUTE_BLOCKED	-	o endereco do contrato casa com Disallow no robots vivo
IT-T12-049	NAO_SEI	NAO_SEI	CANARY_PENDING	-	sem contrato no livro do coletor
IT-T12-050	NAO_SEI	NAO_SEI	CONTRACTED_CANARY_FAILED	-	sem contrato no livro do coletor
IT-T12-051	NAO_SEI	NAO_SEI	CONTRACTED_CANARY_FAILED	-	sem contrato no livro do coletor
IT-T12-052	NAO_SEI	NAO_SEI	CONTRACTED_CANARY_FAILED	-	sem contrato no livro do coletor
IT-T12-053	NAO_SEI	BLOQUEADA_COM_RAZAO	CONTRACT_READY_ROUTE_BLOCKED	-	o endereco do contrato casa com Disallow no robots vivo
IT-T12-054	NAO_SEI	NAO_SEI	CANARY_PENDING	-	sem contrato no livro do coletor
IT-T12-055	NAO_SEI	BLOQUEADA_COM_RAZAO	AUTH_BLOCK	-	reconciliacao: C: AUTH_BLOCK (muro de login) lido como CAPABILITY_BLOCK: credencial em falta e capacidade em falta | C mediu depois (2026-09-23T00:24:07)
IT-T12-056	NAO_SEI	NAO_SEI	CONTRACTED_CANARY_FAILED	-	sem contrato no livro do coletor
IT-T12-057	NAO_SEI	NAO_SEI	READY_FOR_COLLECTION	-	sem contrato no livro do coletor
IT-T12-058	NAO_SEI	NAO_SEI	CONTRACTED_CANARY_FAILED	-	sem contrato no livro do coletor
IT-T12-059	NAO_SEI	BLOQUEADA_COM_RAZAO	CONTRACT_READY_ROUTE_BLOCKED	-	o endereco do contrato casa com Disallow no robots vivo
IT-T12-060	NAO_SEI	NAO_SEI	CONTRACTED_CANARY_FAILED	-	sem contrato no livro do coletor
IT-T12-061	NAO_SEI	NAO_SEI	CONTRACTED_CANARY_FAILED	-	sem contrato no livro do coletor
IT-T12-062	NAO_SEI	NAO_SEI	CONTRACTED_CANARY_FAILED	-	sem contrato no livro do coletor
IT-T12-063	NAO_SEI	BLOQUEADA_COM_RAZAO	CONTRACT_READY_ROUTE_BLOCKED	-	o endereco do contrato casa com Disallow no robots vivo
IT-T12-064	NAO_SEI	NAO_SEI	CONTRACTED_CANARY_FAILED	-	sem contrato no livro do coletor
IT-T12-065	NAO_SEI	NAO_SEI	CONTRACTED_CANARY_FAILED	-	sem contrato no livro do coletor
IT-T12-066	NAO_SEI	NAO_SEI	CONTRACTED_CANARY_FAILED	-	sem contrato no livro do coletor
IT-T12-067	NAO_SEI	NAO_SEI	RETRY_AFTER	-	sem contrato no livro do coletor
IT-T12-068	NAO_SEI	NAO_SEI	CONTRACTED_CANARY_FAILED	-	sem contrato no livro do coletor
IT-T12-069	NAO_SEI	NAO_SEI	CANARY_PENDING	-	sem contrato no livro do coletor
IT-T12-070	NAO_SEI	NAO_SEI	CANARY_PENDING	-	sem contrato no livro do coletor
IT-T12-071	NAO_SEI	NAO_SEI	CANARY_PENDING	-	sem contrato no livro do coletor
IT-T12-072	NAO_SEI	BLOQUEADA_COM_RAZAO	AUTH_BLOCK	-	reconciliacao: C: AUTH_BLOCK (muro de login) lido como CAPABILITY_BLOCK: credencial em falta e capacidade em falta | C mediu depois (2026-09-23T00:24:08)
IT-T12-073	NAO_SEI	NAO_SEI	CANARY_PENDING	-	sem contrato no livro do coletor
IT-T12-074	NAO_SEI	NAO_SEI	READY_FOR_COLLECTION	-	sem contrato no livro do coletor
IT-T12-075	NAO_SEI	NAO_SEI	CONTRACTED_CANARY_FAILED	-	sem contrato no livro do coletor
IT-T12-076	NAO_SEI	NAO_SEI	CANARY_PENDING	-	sem contrato no livro do coletor
IT-T12-077	NAO_SEI	NAO_SEI	CONTRACTED_CANARY_FAILED	-	sem contrato no livro do coletor
IT-T12-078	NAO_SEI	BLOQUEADA_COM_RAZAO	AUTH_BLOCK	-	reconciliacao: C: AUTH_BLOCK (muro de login) lido como CAPABILITY_BLOCK: credencial em falta e capacidade em falta | C mediu depois (2026-09-23T00:24:10)
IT-T12-079	NAO_SEI	NAO_SEI	CONTRACTED_CANARY_FAILED	-	sem contrato no livro do coletor
IT-T12-080	NAO_SEI	NAO_SEI	CONTRACTED_CANARY_FAILED	-	sem contrato no livro do coletor
IT-T12-081	NAO_SEI	NAO_SEI	CANARY_PENDING	-	sem contrato no livro do coletor
IT-T12-082	NAO_SEI	NAO_SEI	CONTRACTED_CANARY_FAILED	-	sem contrato no livro do coletor
IT-T12-083	NAO_SEI	NAO_SEI	CONTRACTED_CANARY_FAILED	-	sem contrato no livro do coletor
IT-T12-084	NAO_SEI	NAO_SEI	CONTRACTED_CANARY_FAILED	-	sem contrato no livro do coletor
IT-T12-085	NAO_SEI	NAO_SEI	CONTRACTED_CANARY_FAILED	-	sem contrato no livro do coletor
IT-T12-086	NAO_SEI	NAO_SEI	READY_FOR_COLLECTION	-	sem contrato no livro do coletor
IT-T12-087	NAO_SEI	BLOQUEADA_COM_RAZAO	CONTRACT_READY_ROUTE_BLOCKED	-	o endereco do contrato casa com Disallow no robots vivo
IT-T12-088	NAO_SEI	NAO_SEI	CANARY_PENDING	-	sem contrato no livro do coletor
IT-T12-089	NAO_SEI	NAO_SEI	READY_FOR_COLLECTION	-	sem contrato no livro do coletor
IT-T12-090	NAO_SEI	BLOQUEADA_COM_RAZAO	CONTRACT_READY_ROUTE_BLOCKED	-	o endereco do contrato casa com Disallow no robots vivo
IT-T12-091	NAO_SEI	BLOQUEADA_COM_RAZAO	CONTRACT_READY_ROUTE_BLOCKED	-	o endereco do contrato casa com Disallow no robots vivo
IT-T12-092	NAO_SEI	NAO_SEI	CONTRACTED_CANARY_FAILED	-	sem contrato no livro do coletor
IT-T12-093	NAO_SEI	NAO_SEI	CONTRACTED_CANARY_FAILED	-	sem contrato no livro do coletor
IT-T12-094	NAO_SEI	NAO_SEI	CANARY_PENDING	-	sem contrato no livro do coletor
IT-T12-095	NAO_SEI	NAO_SEI	READY_FOR_COLLECTION	-	sem contrato no livro do coletor
IT-T12-096	NAO_SEI	NAO_SEI	CONTRACTED_CANARY_FAILED	-	sem contrato no livro do coletor
IT-T12-097	NAO_SEI	NAO_SEI	CONTRACTED_CANARY_FAILED	-	sem contrato no livro do coletor
IT-T12-098	NAO_SEI	NAO_SEI	CANARY_PENDING	-	sem contrato no livro do coletor
IT-T12-099	NAO_SEI	NAO_SEI	CONTRACTED_CANARY_FAILED	-	sem contrato no livro do coletor
IT-T12-100	NAO_SEI	NAO_SEI	CONTRACTED_CANARY_FAILED	-	sem contrato no livro do coletor
IT-T12-101	NAO_SEI	BLOQUEADA_COM_RAZAO	CONTRACT_READY_ROUTE_BLOCKED	-	o endereco do contrato casa com Disallow no robots vivo
IT-T12-102	NAO_SEI	NAO_SEI	CONTRACTED_CANARY_FAILED	-	sem contrato no livro do coletor
IT-T12-103	NAO_SEI	NAO_SEI	CANARY_PENDING	-	sem contrato no livro do coletor
IT-T12-104	NAO_SEI	NAO_SEI	CANARY_PENDING	-	sem contrato no livro do coletor
IT-T12-105	NAO_SEI	NAO_SEI	CONTRACTED_CANARY_FAILED	-	sem contrato no livro do coletor
IT-T12-106	NAO_SEI	NAO_SEI	CANARY_PENDING	-	sem contrato no livro do coletor
IT-T12-107	NAO_SEI	NAO_SEI	CANARY_PENDING	-	sem contrato no livro do coletor
IT-T12-108	NAO_SEI	NAO_SEI	CONTRACTED_CANARY_FAILED	-	sem contrato no livro do coletor
IT-T12-109	NAO_SEI	NAO_SEI	CONTRACTED_CANARY_FAILED	-	sem contrato no livro do coletor
IT-T12-110	NAO_SEI	NAO_SEI	CONTRACTED_CANARY_FAILED	-	sem contrato no livro do coletor
IT-T12-111	NAO_SEI	NAO_SEI	CONTRACTED_CANARY_FAILED	-	sem contrato no livro do coletor
IT-T12-112	NAO_SEI	NAO_SEI	CANARY_PENDING	-	sem contrato no livro do coletor
IT-T12-113	NAO_SEI	NAO_SEI	CONTRACTED_CANARY_FAILED	-	sem contrato no livro do coletor
IT-T12-114	NAO_SEI	NAO_SEI	CANARY_PENDING	-	sem contrato no livro do coletor
IT-T12-115	NAO_SEI	NAO_SEI	CONTRACTED_CANARY_FAILED	-	sem contrato no livro do coletor
IT-T12-116	NAO_SEI	NAO_SEI	CANARY_PENDING	-	sem contrato no livro do coletor
IT-T12-117	NAO_SEI	NAO_SEI	CANARY_PENDING	-	sem contrato no livro do coletor
IT-T12-118	NAO_SEI	NAO_SEI	CANARY_PENDING	-	sem contrato no livro do coletor
IT-T12-119	NAO_SEI	NAO_SEI	CANARY_PENDING	-	sem contrato no livro do coletor
IT-T12-120	NAO_SEI	NAO_SEI	CONTRACTED_CANARY_FAILED	-	sem contrato no livro do coletor
IT-T12-121	NAO_SEI	NAO_SEI	CANARY_PENDING	-	sem contrato no livro do coletor
IT-T12-122	NAO_SEI	NAO_SEI	CONTRACTED_CANARY_FAILED	-	sem contrato no livro do coletor
IT-T12-123	NAO_SEI	NAO_SEI	CANARY_PENDING	-	sem contrato no livro do coletor
IT-T12-124	NAO_SEI	NAO_SEI	CANARY_PENDING	-	sem contrato no livro do coletor
IT-T12-125	NAO_SEI	NAO_SEI	CONTRACTED_CANARY_FAILED	-	sem contrato no livro do coletor
IT-T12-126	NAO_SEI	NAO_SEI	CANARY_PENDING	-	sem contrato no livro do coletor
IT-T12-127	NAO_SEI	NAO_SEI	CANARY_PENDING	-	sem contrato no livro do coletor
IT-T12-128	NAO_SEI	NAO_SEI	CONTRACTED_CANARY_FAILED	-	sem contrato no livro do coletor
IT-T12-129	NAO_SEI	NAO_SEI	CONTRACTED_CANARY_FAILED	-	sem contrato no livro do coletor
IT-T12-130	NAO_SEI	NAO_SEI	CONTRACTED_CANARY_FAILED	-	sem contrato no livro do coletor
IT-T12-131	NAO_SEI	NAO_SEI	CONTRACTED_CANARY_FAILED	-	sem contrato no livro do coletor
IT-T12-132	NAO_SEI	NAO_SEI	CONTRACTED_CANARY_FAILED	-	sem contrato no livro do coletor
IT-T12-133	NAO_SEI	NAO_SEI	CONTRACTED_CANARY_FAILED	-	sem contrato no livro do coletor
IT-T12-134	NAO_SEI	NAO_SEI	CONTRACTED_CANARY_FAILED	-	sem contrato no livro do coletor
IT-T12-135	NAO_SEI	NAO_SEI	CONTRACTED_CANARY_FAILED	-	sem contrato no livro do coletor
IT-T12-136	NAO_SEI	NAO_SEI	CONTRACTED_CANARY_FAILED	-	sem contrato no livro do coletor
IT-T12-137	NAO_SEI	NAO_SEI	READY_FOR_COLLECTION	HTML_LINK_DISCOVERY	so contrato/canario (HTML_LINK_DISCOVERY): o caminho existe, o resultado real nao esta provado
IT-T12-138	NAO_SEI	NAO_SEI	CONTRACTED_CANARY_FAILED	-	sem contrato no livro do coletor
IT-T12-139	NAO_SEI	NAO_SEI	CONTRACTED_CANARY_FAILED	-	sem contrato no livro do coletor
IT-T12-140	NAO_SEI	NAO_SEI	CONTRACTED_CANARY_FAILED	-	sem contrato no livro do coletor
IT-T12-141	NAO_SEI	NAO_SEI	CONTRACTED_CANARY_FAILED	-	sem contrato no livro do coletor
IT-T12-142	NAO_SEI	NAO_SEI	CONTRACTED_CANARY_FAILED	-	sem contrato no livro do coletor
IT-T12-143	NAO_SEI	NAO_SEI	CONTRACTED_CANARY_FAILED	-	sem contrato no livro do coletor
IT-T12-144	NAO_SEI	NAO_SEI	CONTRACTED_CANARY_FAILED	-	sem contrato no livro do coletor
IT-T12-145	NAO_SEI	NAO_SEI	CONTRACTED_CANARY_FAILED	-	sem contrato no livro do coletor
IT-T12-146	NAO_SEI	NAO_SEI	CONTRACTED_CANARY_FAILED	-	sem contrato no livro do coletor
IT-T12-147	NAO_SEI	NAO_SEI	CONTRACTED_CANARY_FAILED	-	sem contrato no livro do coletor
IT-T12-148	NAO_SEI	NAO_SEI	CONTRACTED_CANARY_FAILED	-	sem contrato no livro do coletor
IT-T12-149	NAO_SEI	NAO_SEI	CONTRACTED_CANARY_FAILED	-	sem contrato no livro do coletor
IT-T12-150	NAO_SEI	NAO_SEI	CONTRACTED_CANARY_FAILED	-	sem contrato no livro do coletor
IT-T2-001	RC-1	CLASSE_PROVADA	READY_FOR_COLLECTION	-	curadoria/LIFECYCLE-LEDGER-V1.json · BCR-2026-09-20:IT-T2-2026-09-20-190938-7bdaa6931f24d3e1
IT-T2-002	RC-1	CLASSE_PROVADA	READY_FOR_COLLECTION	-	curadoria/LIFECYCLE-LEDGER-V1.json · BCR-2026-09-20:IT-T2-2026-09-20-190951-7f6c58f2c4154617
IT-T2-004	RC-1	CLASSE_PROVADA	READY_FOR_COLLECTION	-	curadoria/LIFECYCLE-LEDGER-V1.json · BCR-2026-09-20:IT-T2-2026-09-20-191023-ae818916b58ae92b
IT-T2-006	RC-1	CLASSE_PROVADA	READY_FOR_COLLECTION	HTML_LINK_DISCOVERY	curadoria/LIFECYCLE-LEDGER-V1.json · BCR-2026-09-20:IT-T2-2026-09-20-191709-ee11ba28a6ee3d86
IT-T2-007	RC-1	CLASSE_PROVADA	CANARY_PENDING	HTML_LINK_DISCOVERY	curadoria/LIFECYCLE-LEDGER-V1.json · BCR-2026-09-20:IT-T2-2026-09-20-191720-fffc269df9127812
IT-T2-008	RC-1	CLASSE_PROVADA	READY_FOR_COLLECTION	HTML_LINK_DISCOVERY	curadoria/LIFECYCLE-LEDGER-V1.json · BCR-2026-09-20:IT-T2-2026-09-20-191748-54127f65bd58e563
IT-T2-009	RC-1	CLASSE_PROVADA	UNKNOWN	HTML_LINK_DISCOVERY	curadoria/LIFECYCLE-LEDGER-V1.json · BCR-2026-09-20:IT-T2-2026-09-20-191804-171c387334a865a9
IT-T2-010	RC-1	CLASSE_PROVADA	CANARY_PENDING	HTML_LINK_DISCOVERY	curadoria/LIFECYCLE-LEDGER-V1.json · BCR-2026-09-20:IT-T2-2026-09-20-191813-6c145599e540087c
IT-T2-011	RC-1	CLASSE_PROVADA	UNKNOWN	HTML_LINK_DISCOVERY	curadoria/LIFECYCLE-LEDGER-V1.json · BCR-2026-09-20:IT-T2-2026-09-20-191823-c0f415ea0aea1a27
IT-T2-012	RC-1	CLASSE_PROVADA	CANARY_PENDING	HTML_LINK_DISCOVERY	curadoria/LIFECYCLE-LEDGER-V1.json · BCR-2026-09-20:IT-T2-2026-09-20-191836-919e3f90602af806
IT-T2-013	RC-1	CLASSE_PROVADA	CANARY_PENDING	HTML_LINK_DISCOVERY	curadoria/LIFECYCLE-LEDGER-V1.json · BCR-2026-09-20:IT-T2-2026-09-20-191849-70d5e9e988309dc4
IT-T2-014	RC-1	CLASSE_PROVADA	READY_FOR_COLLECTION	STATIC_ENDPOINT	curadoria/LIFECYCLE-LEDGER-V1.json · BCR-2026-09-20:IT-T2-2026-09-20-191901-216f97bfbb992658
IT-T2-015	RC-1	CLASSE_PROVADA	UNKNOWN	HTML_LINK_DISCOVERY	curadoria/LIFECYCLE-LEDGER-V1.json · BCR-2026-09-20:IT-T2-2026-09-20-191913-083fce2f9b36d00a
IT-T2-016	RC-1	CLASSE_PROVADA	UNKNOWN	HTML_LINK_DISCOVERY	curadoria/LIFECYCLE-LEDGER-V1.json · BCR-2026-09-20:IT-T2-2026-09-20-191925-47134303ababe17a
IT-T2-017	RC-1	CLASSE_PROVADA	CANARY_PENDING	HTML_LINK_DISCOVERY	curadoria/LIFECYCLE-LEDGER-V1.json · BCR-2026-09-20:IT-T2-2026-09-20-191943-dd3a73f7b3f32397
IT-T2-018	NAO_SEI	NAO_SEI	DEGRADED	HTML_LINK_DISCOVERY	so contrato/canario (HTML_LINK_DISCOVERY): o caminho existe, o resultado real nao esta provado
IT-T2-019	RC-1	CLASSE_PROVADA	CANARY_PENDING	HTML_LINK_DISCOVERY	curadoria/LIFECYCLE-LEDGER-V1.json · BCR-2026-09-20:IT-T2-2026-09-20-192006-a06fe19a8aa05635
IT-T2-020	RC-1	CLASSE_PROVADA	UNKNOWN	HTML_LINK_DISCOVERY	curadoria/LIFECYCLE-LEDGER-V1.json · BCR-2026-09-20:IT-T2-2026-09-20-192025-b5580bb31a33bb29
IT-T2-021	NAO_SEI	NAO_SEI	DEGRADED	HTML_LINK_DISCOVERY	so contrato/canario (HTML_LINK_DISCOVERY): o caminho existe, o resultado real nao esta provado
IT-T2-022	RC-1	CLASSE_PROVADA	CANARY_PENDING	HTML_LINK_DISCOVERY	curadoria/LIFECYCLE-LEDGER-V1.json · BCR-2026-09-20:IT-T2-2026-09-20-192042-43db4421b595a5c1
IT-T2-023	NAO_SEI	NAO_SEI	DEGRADED	HTML_LINK_DISCOVERY	so contrato/canario (HTML_LINK_DISCOVERY): o caminho existe, o resultado real nao esta provado
IT-T2-024	RC-1	CLASSE_PROVADA	UNKNOWN	HTML_LINK_DISCOVERY	curadoria/LIFECYCLE-LEDGER-V1.json · BCR-2026-09-20:IT-T2-2026-09-20-192107-cf6ce157affc8110
IT-T2-025	NAO_SEI	NAO_SEI	READY_FOR_COLLECTION	CUSTOM_ADAPTER	so contrato/canario (CUSTOM_ADAPTER): o caminho existe, o resultado real nao esta provado
IT-T2-026	NAO_SEI	NAO_SEI	READY_FOR_COLLECTION	CUSTOM_ADAPTER	so contrato/canario (CUSTOM_ADAPTER): o caminho existe, o resultado real nao esta provado
IT-T2-027	NAO_SEI	NAO_SEI	READY_FOR_COLLECTION	CUSTOM_ADAPTER	so contrato/canario (CUSTOM_ADAPTER): o caminho existe, o resultado real nao esta provado
IT-T2-028	NAO_SEI	NAO_SEI	READY_FOR_COLLECTION	CUSTOM_ADAPTER	so contrato/canario (CUSTOM_ADAPTER): o caminho existe, o resultado real nao esta provado
IT-T2-029	NAO_SEI	BLOQUEADA_COM_RAZAO	CAPABILITY_BLOCK	-	RECLASSIFICADA: nao e a fonte que falha. A fonte publica conteudo editorial (medido ao vivo), mas o LINK_PATTERN gerado exige slug minusculo-com-hifens e o site usa CamelCase/sublinhado/seccao. Defeito do gerador de padrao — dono: SOURCE CU
IT-T2-030	NAO_SEI	NAO_SEI	CANARY_PENDING	HTML_LINK_DISCOVERY	so contrato/canario (HTML_LINK_DISCOVERY): o caminho existe, o resultado real nao esta provado
IT-T2-031	NAO_SEI	NAO_SEI	CONTRACTED_CANARY_FAILED	-	sem contrato no livro do coletor
IT-T2-032	NAO_SEI	NAO_SEI	CONTRACTED_CANARY_FAILED	-	sem contrato no livro do coletor
IT-T2-033	NAO_SEI	NAO_SEI	CANARY_PENDING	-	sem contrato no livro do coletor
IT-T2-034	NAO_SEI	NAO_SEI	READY_FOR_COLLECTION	HTML_LINK_DISCOVERY	so contrato/canario (HTML_LINK_DISCOVERY): o caminho existe, o resultado real nao esta provado
IT-T2-035	NAO_SEI	NAO_SEI	CONTRACTED_CANARY_FAILED	-	sem contrato no livro do coletor
IT-T2-036	NAO_SEI	NAO_SEI	CONTRACTED_CANARY_FAILED	-	sem contrato no livro do coletor
IT-T2-037	NAO_SEI	NAO_SEI	CANARY_PENDING	-	sem contrato no livro do coletor
IT-T2-038	NAO_SEI	NAO_SEI	RETRY_AFTER	-	sem contrato no livro do coletor
IT-T2-039	NAO_SEI	NAO_SEI	CONTRACTED_CANARY_FAILED	-	sem contrato no livro do coletor
IT-T2-040	NAO_SEI	NAO_SEI	CONTRACTED_CANARY_FAILED	-	sem contrato no livro do coletor
IT-T2-041	NAO_SEI	NAO_SEI	CONTRACTED_CANARY_FAILED	-	sem contrato no livro do coletor
IT-T2-042	NAO_SEI	NAO_SEI	CONTRACTED_CANARY_FAILED	-	sem contrato no livro do coletor
IT-T2-043	NAO_SEI	NAO_SEI	CANARY_PENDING	-	sem contrato no livro do coletor
IT-T2-044	NAO_SEI	NAO_SEI	CANARY_PENDING	-	sem contrato no livro do coletor
IT-T2-045	NAO_SEI	NAO_SEI	CANARY_PENDING	-	sem contrato no livro do coletor
IT-T2-046	NAO_SEI	NAO_SEI	CANARY_PENDING	-	sem contrato no livro do coletor
IT-T2-047	NAO_SEI	NAO_SEI	CANARY_PENDING	-	sem contrato no livro do coletor
IT-T2-048	NAO_SEI	NAO_SEI	CONTRACTED_CANARY_FAILED	-	sem contrato no livro do coletor
IT-T2-049	NAO_SEI	NAO_SEI	READY_FOR_COLLECTION	-	sem contrato no livro do coletor
IT-T2-050	NAO_SEI	NAO_SEI	CONTRACTED_CANARY_FAILED	-	sem contrato no livro do coletor
IT-T2-051	NAO_SEI	NAO_SEI	READY_FOR_COLLECTION	HTML_LINK_DISCOVERY	so contrato/canario (HTML_LINK_DISCOVERY): o caminho existe, o resultado real nao esta provado
IT-T2-052	NAO_SEI	NAO_SEI	CONTRACTED_CANARY_FAILED	-	sem contrato no livro do coletor
IT-T2-053	NAO_SEI	NAO_SEI	CANARY_PENDING	-	sem contrato no livro do coletor
IT-T2-054	NAO_SEI	NAO_SEI	CONTRACTED_CANARY_FAILED	-	sem contrato no livro do coletor
IT-T2-055	NAO_SEI	NAO_SEI	CONTRACTED_CANARY_FAILED	-	sem contrato no livro do coletor
IT-T2-056	NAO_SEI	NAO_SEI	READY_FOR_COLLECTION	-	sem contrato no livro do coletor
IT-T2-057	NAO_SEI	NAO_SEI	CONTRACTED_CANARY_FAILED	-	sem contrato no livro do coletor
IT-T2-058	NAO_SEI	NAO_SEI	CANARY_PENDING	-	sem contrato no livro do coletor
IT-T2-059	NAO_SEI	NAO_SEI	CONTRACTED_CANARY_FAILED	-	sem contrato no livro do coletor
IT-T2-060	NAO_SEI	NAO_SEI	CONTRACTED_CANARY_FAILED	-	sem contrato no livro do coletor
IT-T2-061	NAO_SEI	NAO_SEI	CONTRACTED_CANARY_FAILED	-	sem contrato no livro do coletor
IT-T2-062	NAO_SEI	NAO_SEI	CONTRACTED_CANARY_FAILED	-	sem contrato no livro do coletor
IT-T2-063	NAO_SEI	NAO_SEI	CONTRACTED_CANARY_FAILED	-	sem contrato no livro do coletor
IT-T2-064	NAO_SEI	NAO_SEI	CONTRACTED_CANARY_FAILED	-	sem contrato no livro do coletor
IT-T2-065	NAO_SEI	NAO_SEI	CANARY_PENDING	-	sem contrato no livro do coletor
IT-T2-066	NAO_SEI	NAO_SEI	CANARY_PENDING	-	sem contrato no livro do coletor
IT-T2-067	NAO_SEI	NAO_SEI	CONTRACTED_CANARY_FAILED	-	sem contrato no livro do coletor
IT-T2-068	NAO_SEI	NAO_SEI	CANARY_PENDING	-	sem contrato no livro do coletor
IT-T2-069	NAO_SEI	NAO_SEI	CONTRACTED_CANARY_FAILED	-	sem contrato no livro do coletor
IT-T2-070	NAO_SEI	NAO_SEI	CONTRACTED_CANARY_FAILED	-	sem contrato no livro do coletor
IT-T2-071	NAO_SEI	NAO_SEI	CONTRACTED_CANARY_FAILED	-	sem contrato no livro do coletor
IT-T2-072	NAO_SEI	NAO_SEI	CONTRACTED_CANARY_FAILED	-	sem contrato no livro do coletor
IT-T2-073	NAO_SEI	NAO_SEI	CONTRACTED_CANARY_FAILED	-	sem contrato no livro do coletor
IT-T2-074	NAO_SEI	NAO_SEI	CONTRACTED_CANARY_FAILED	-	sem contrato no livro do coletor
IT-T2-075	NAO_SEI	NAO_SEI	CONTRACTED_CANARY_FAILED	-	sem contrato no livro do coletor
IT-T2-076	NAO_SEI	NAO_SEI	CONTRACTED_CANARY_FAILED	-	sem contrato no livro do coletor
IT-T2-077	NAO_SEI	NAO_SEI	CONTRACTED_CANARY_FAILED	-	sem contrato no livro do coletor
IT-T2-078	NAO_SEI	NAO_SEI	CONTRACTED_CANARY_FAILED	-	sem contrato no livro do coletor
IT-T2-079	NAO_SEI	NAO_SEI	CONTRACTED_CANARY_FAILED	-	sem contrato no livro do coletor
IT-T2-080	NAO_SEI	NAO_SEI	CONTRACTED_CANARY_FAILED	-	sem contrato no livro do coletor
IT-T2-081	NAO_SEI	NAO_SEI	CONTRACTED_CANARY_FAILED	-	sem contrato no livro do coletor
IT-T2-082	NAO_SEI	NAO_SEI	CONTRACTED_CANARY_FAILED	-	sem contrato no livro do coletor
IT-T2-083	NAO_SEI	NAO_SEI	CONTRACTED_CANARY_FAILED	-	sem contrato no livro do coletor
IT-T2-084	NAO_SEI	NAO_SEI	CONTRACTED_CANARY_FAILED	-	sem contrato no livro do coletor
IT-T2-085	NAO_SEI	NAO_SEI	CONTRACTED_CANARY_FAILED	-	sem contrato no livro do coletor
IT-T2-086	NAO_SEI	NAO_SEI	CONTRACTED_CANARY_FAILED	-	sem contrato no livro do coletor
IT-T2-087	NAO_SEI	NAO_SEI	CONTRACTED_CANARY_FAILED	-	sem contrato no livro do coletor
IT-T2-088	NAO_SEI	NAO_SEI	CONTRACTED_CANARY_FAILED	-	sem contrato no livro do coletor
IT-T2-089	NAO_SEI	NAO_SEI	CONTRACTED_CANARY_FAILED	-	sem contrato no livro do coletor
IT-T2-090	NAO_SEI	NAO_SEI	CONTRACTED_CANARY_FAILED	-	sem contrato no livro do coletor
IT-T2-091	NAO_SEI	NAO_SEI	CONTRACTED_CANARY_FAILED	-	sem contrato no livro do coletor
IT-T2-092	NAO_SEI	NAO_SEI	CONTRACTED_CANARY_FAILED	-	sem contrato no livro do coletor
IT-T2-093	NAO_SEI	NAO_SEI	CONTRACTED_CANARY_FAILED	-	sem contrato no livro do coletor
IT-T2-094	NAO_SEI	NAO_SEI	CONTRACTED_CANARY_FAILED	-	sem contrato no livro do coletor
IT-T2-095	NAO_SEI	NAO_SEI	CONTRACTED_CANARY_FAILED	-	sem contrato no livro do coletor
IT-T2-096	NAO_SEI	NAO_SEI	CONTRACTED_CANARY_FAILED	-	sem contrato no livro do coletor
IT-T2-097	NAO_SEI	NAO_SEI	CONTRACTED_CANARY_FAILED	-	sem contrato no livro do coletor
IT-T2-098	NAO_SEI	NAO_SEI	CONTRACTED_CANARY_FAILED	-	sem contrato no livro do coletor
IT-T2-099	NAO_SEI	NAO_SEI	CONTRACTED_CANARY_FAILED	-	sem contrato no livro do coletor
IT-T2-100	NAO_SEI	NAO_SEI	CONTRACTED_CANARY_FAILED	-	sem contrato no livro do coletor
IT-T2-101	NAO_SEI	NAO_SEI	CONTRACTED_CANARY_FAILED	-	sem contrato no livro do coletor
IT-T2-102	NAO_SEI	NAO_SEI	CONTRACTED_CANARY_FAILED	-	sem contrato no livro do coletor
IT-T2-103	NAO_SEI	NAO_SEI	CONTRACTED_CANARY_FAILED	-	sem contrato no livro do coletor
IT-T2-104	NAO_SEI	NAO_SEI	CONTRACTED_CANARY_FAILED	-	sem contrato no livro do coletor
IT-T2-105	NAO_SEI	NAO_SEI	CONTRACTED_CANARY_FAILED	-	sem contrato no livro do coletor
IT-T2-106	NAO_SEI	NAO_SEI	READY_FOR_COLLECTION	-	sem contrato no livro do coletor
IT-T2-107	NAO_SEI	NAO_SEI	READY_FOR_COLLECTION	-	sem contrato no livro do coletor
IT-T2-108	NAO_SEI	NAO_SEI	CONTRACTED_CANARY_FAILED	-	sem contrato no livro do coletor
IT-T2-109	NAO_SEI	NAO_SEI	CONTRACTED_CANARY_FAILED	-	sem contrato no livro do coletor
IT-T2-110	NAO_SEI	NAO_SEI	CONTRACTED_CANARY_FAILED	-	sem contrato no livro do coletor
IT-T2-111	NAO_SEI	NAO_SEI	CONTRACTED_CANARY_FAILED	-	sem contrato no livro do coletor
IT-T2-112	NAO_SEI	NAO_SEI	CONTRACTED_CANARY_FAILED	-	sem contrato no livro do coletor
IT-T2-113	NAO_SEI	NAO_SEI	READY_FOR_COLLECTION	-	sem contrato no livro do coletor
IT-T2-114	NAO_SEI	NAO_SEI	READY_FOR_COLLECTION	-	sem contrato no livro do coletor
IT-T2-115	NAO_SEI	NAO_SEI	READY_FOR_COLLECTION	-	sem contrato no livro do coletor
IT-T2-116	NAO_SEI	NAO_SEI	CONTRACTED_CANARY_FAILED	-	sem contrato no livro do coletor
IT-T2-117	NAO_SEI	NAO_SEI	CONTRACTED_CANARY_FAILED	-	sem contrato no livro do coletor
IT-T2-118	NAO_SEI	NAO_SEI	CONTRACTED_CANARY_FAILED	-	sem contrato no livro do coletor
IT-T2-119	NAO_SEI	NAO_SEI	CONTRACTED_CANARY_FAILED	-	sem contrato no livro do coletor
IT-T2-120	NAO_SEI	NAO_SEI	CONTRACTED_CANARY_FAILED	-	sem contrato no livro do coletor
IT-T2-121	NAO_SEI	NAO_SEI	CONTRACTED_CANARY_FAILED	-	sem contrato no livro do coletor
IT-T2-122	NAO_SEI	NAO_SEI	CONTRACTED_CANARY_FAILED	-	sem contrato no livro do coletor
IT-T2-123	NAO_SEI	NAO_SEI	CONTRACTED_CANARY_FAILED	-	sem contrato no livro do coletor
IT-T2-124	NAO_SEI	NAO_SEI	CONTRACTED_CANARY_FAILED	-	sem contrato no livro do coletor
IT-T2-125	NAO_SEI	NAO_SEI	CONTRACTED_CANARY_FAILED	-	sem contrato no livro do coletor
IT-T2-126	NAO_SEI	NAO_SEI	CONTRACTED_CANARY_FAILED	-	sem contrato no livro do coletor
IT-T2-127	NAO_SEI	NAO_SEI	CONTRACTED_CANARY_FAILED	-	sem contrato no livro do coletor
IT-T3-002	RC-1	CLASSE_PROVADA	READY_FOR_COLLECTION	-	curadoria/LIFECYCLE-LEDGER-V1.json · BCR-2026-09-20:IT-T3-2026-09-20-191037-b5e82a9d73b2782e
IT-T3-005	NAO_SEI	NAO_SEI	SEMANTIC_REVIEW	-	so contrato/canario (None): o caminho existe, o resultado real nao esta provado
IT-T3-008	RC-1	CLASSE_PROVADA	READY_FOR_COLLECTION	-	curadoria/LIFECYCLE-LEDGER-V1.json · BCR-2026-09-20:IT-T3-2026-09-20-191052-d2ef01b581d7d551
IT-T3-010	RC-1	CLASSE_PROVADA	READY_FOR_COLLECTION	-	curadoria/LIFECYCLE-LEDGER-V1.json · BCR-2026-09-20:IT-T3-2026-09-20-191125-b882ffecc1f95bbb
IT-T3-011	RC-1	CLASSE_PROVADA	READY_FOR_COLLECTION	HTML_LINK_DISCOVERY	curadoria/LIFECYCLE-LEDGER-V1.json · BCR-2026-09-20:IT-T3-2026-09-20-191144-2773077f13fae128
IT-T3-013	RC-1	CLASSE_PROVADA	CANARY_PENDING	HTML_LINK_DISCOVERY	curadoria/LIFECYCLE-LEDGER-V1.json · BCR-2026-09-20:IT-T3-2026-09-20-192119-8aa08a635041f2b8
IT-T3-014	RC-1	CLASSE_PROVADA	CANARY_PENDING	HTML_LINK_DISCOVERY	curadoria/LIFECYCLE-LEDGER-V1.json · BCR-2026-09-20:IT-T3-2026-09-20-192133-dce004acfbdd6a1f
IT-T3-015	RC-1	CLASSE_PROVADA	CANARY_PENDING	HTML_LINK_DISCOVERY	curadoria/LIFECYCLE-LEDGER-V1.json · BCR-2026-09-20:IT-T3-2026-09-20-192151-fd4d599532c61de6
IT-T3-016	RC-1	CLASSE_PROVADA	CANARY_PENDING	HTML_LINK_DISCOVERY	curadoria/LIFECYCLE-LEDGER-V1.json · BCR-2026-09-20:IT-T3-2026-09-20-192205-9ef28cde9e906463
IT-T3-017	NAO_SEI	NAO_SEI	DEGRADED	HTML_LINK_DISCOVERY	so contrato/canario (HTML_LINK_DISCOVERY): o caminho existe, o resultado real nao esta provado
IT-T3-018	RC-1	CLASSE_PROVADA	CANARY_PENDING	HTML_LINK_DISCOVERY	curadoria/LIFECYCLE-LEDGER-V1.json · BCR-2026-09-20:IT-T3-2026-09-20-192225-9c8e82d0d6c5a33c
IT-T3-019	RC-1	CLASSE_PROVADA	CANARY_PENDING	HTML_LINK_DISCOVERY	curadoria/LIFECYCLE-LEDGER-V1.json · BCR-2026-09-20:IT-T3-2026-09-20-192234-acb12f3848dacbd3
IT-T3-020	RC-1	CLASSE_PROVADA	UNKNOWN	HTML_LINK_DISCOVERY	curadoria/LIFECYCLE-LEDGER-V1.json · BCR-2026-09-20:IT-T3-2026-09-20-192244-c98480cb05ad4fb3
IT-T3-021	NAO_SEI	NAO_SEI	DEGRADED	HTML_LINK_DISCOVERY	so contrato/canario (HTML_LINK_DISCOVERY): o caminho existe, o resultado real nao esta provado
IT-T3-022	NAO_SEI	NAO_SEI	CANARY_PENDING	-	sem contrato no livro do coletor
IT-T3-023	NAO_SEI	NAO_SEI	CONTRACTED_CANARY_FAILED	-	sem contrato no livro do coletor
IT-T3-024	NAO_SEI	NAO_SEI	CONTRACTED_CANARY_FAILED	-	sem contrato no livro do coletor
IT-T4-001	RC-10	CLASSE_PROVADA	READY_FOR_COLLECTION	-	curadoria/LIFECYCLE-LEDGER-V1.json · BCR-2026-09-20:IT-T4-2026-09-20-191216-de6067c40f5d4097
IT-T5-002	NAO_SEI	NAO_SEI	CANARY_PENDING	HTML_LINK_DISCOVERY	so contrato/canario (HTML_LINK_DISCOVERY): o caminho existe, o resultado real nao esta provado
IT-T5-006	RC-1	CLASSE_PROVADA	READY_FOR_COLLECTION	HTML_LINK_DISCOVERY	curadoria/LIFECYCLE-LEDGER-V1.json · BCR-2026-09-20:IT-T5-2026-09-20-192316-0320404b196cf313
IT-T5-007	RC-1	CLASSE_PROVADA	UNKNOWN	HTML_LINK_DISCOVERY	curadoria/LIFECYCLE-LEDGER-V1.json · BCR-2026-09-20:IT-T5-2026-09-20-192326-404ba276fec1312e
IT-T5-008	RC-1	CLASSE_PROVADA	UNKNOWN	HTML_LINK_DISCOVERY	curadoria/LIFECYCLE-LEDGER-V1.json · BCR-2026-09-20:IT-T5-2026-09-20-192337-e58047a9fb30c8ae
IT-T5-009	RC-1	CLASSE_PROVADA	UNKNOWN	HTML_LINK_DISCOVERY	curadoria/LIFECYCLE-LEDGER-V1.json · BCR-2026-09-20:IT-T5-2026-09-20-192350-8c9ead7e399b416a
IT-T5-010	RC-1	CLASSE_PROVADA	UNKNOWN	HTML_LINK_DISCOVERY	curadoria/LIFECYCLE-LEDGER-V1.json · BCR-2026-09-20:IT-T5-2026-09-20-192401-aa7b83aa0341733c
IT-T5-011	RC-1	CLASSE_PROVADA	UNKNOWN	HTML_LINK_DISCOVERY	curadoria/LIFECYCLE-LEDGER-V1.json · BCR-2026-09-20:IT-T5-2026-09-20-192416-4ac43a25dc96719b
IT-T5-012	RC-1	CLASSE_PROVADA	UNKNOWN	HTML_LINK_DISCOVERY	curadoria/LIFECYCLE-LEDGER-V1.json · BCR-2026-09-20:IT-T5-2026-09-20-192426-7b68be5ac851ce57
IT-T5-013	RC-1	CLASSE_PROVADA	UNKNOWN	HTML_LINK_DISCOVERY	curadoria/LIFECYCLE-LEDGER-V1.json · BCR-2026-09-20:IT-T5-2026-09-20-192441-7d2927d2fb50c66d
IT-T5-014	RC-1	CLASSE_PROVADA	UNKNOWN	HTML_LINK_DISCOVERY	curadoria/LIFECYCLE-LEDGER-V1.json · BCR-2026-09-20:IT-T5-2026-09-20-192455-af7a674717b940a9
IT-T5-015	RC-1	CLASSE_PROVADA	READY_FOR_COLLECTION	HTML_LINK_DISCOVERY	curadoria/LIFECYCLE-LEDGER-V1.json · BCR-2026-09-20:IT-T5-2026-09-20-192508-6a134eecf66c22a3
IT-T5-016	RC-1	CLASSE_PROVADA	UNKNOWN	HTML_LINK_DISCOVERY	curadoria/LIFECYCLE-LEDGER-V1.json · BCR-2026-09-20:IT-T5-2026-09-20-192521-499d7f627375a5c1
IT-T5-017	RC-1	CLASSE_PROVADA	UNKNOWN	HTML_LINK_DISCOVERY	curadoria/LIFECYCLE-LEDGER-V1.json · BCR-2026-09-20:IT-T5-2026-09-20-192532-9aac8c847b3a9086
IT-T5-018	RC-1	CLASSE_PROVADA	READY_FOR_COLLECTION	STATIC_ENDPOINT	curadoria/LIFECYCLE-LEDGER-V1.json · BCR-2026-09-20:IT-T5-2026-09-20-192545-fb7dc64d6d3e53c1
IT-T5-019	RC-1	CLASSE_PROVADA	UNKNOWN	HTML_LINK_DISCOVERY	curadoria/LIFECYCLE-LEDGER-V1.json · BCR-2026-09-20:IT-T5-2026-09-20-192556-28f6660efb053984
IT-T5-020	RC-1	CLASSE_PROVADA	UNKNOWN	HTML_LINK_DISCOVERY	curadoria/LIFECYCLE-LEDGER-V1.json · BCR-2026-09-20:IT-T5-2026-09-20-192609-0b9eb8a12e27b822
IT-T5-021	NAO_SEI	NAO_SEI	DEGRADED	HTML_LINK_DISCOVERY	so contrato/canario (HTML_LINK_DISCOVERY): o caminho existe, o resultado real nao esta provado
IT-T5-022	RC-1	CLASSE_PROVADA	UNKNOWN	HTML_LINK_DISCOVERY	curadoria/LIFECYCLE-LEDGER-V1.json · BCR-2026-09-20:IT-T5-2026-09-20-192628-bdc09f811878fd5c
IT-T5-023	RC-1	CLASSE_PROVADA	UNKNOWN	HTML_LINK_DISCOVERY	curadoria/LIFECYCLE-LEDGER-V1.json · BCR-2026-09-20:IT-T5-2026-09-20-192639-811c2a9f1ddf5820
IT-T5-024	RC-1	CLASSE_PROVADA	READY_FOR_COLLECTION	HTML_LINK_DISCOVERY	curadoria/LIFECYCLE-LEDGER-V1.json · BCR-2026-09-20:IT-T5-2026-09-20-192653-3059d44865de3771
IT-T5-025	RC-1	CLASSE_PROVADA	READY_FOR_COLLECTION	HTML_LINK_DISCOVERY	curadoria/LIFECYCLE-LEDGER-V1.json · BCR-2026-09-20:IT-T5-2026-09-20-192708-c824dabebd7f3b61
IT-T5-026	RC-1	CLASSE_PROVADA	UNKNOWN	HTML_LINK_DISCOVERY	curadoria/LIFECYCLE-LEDGER-V1.json · BCR-2026-09-20:IT-T5-2026-09-20-192721-3c4f821504d60c1b
IT-T5-027	RC-1	CLASSE_PROVADA	READY_FOR_COLLECTION	HTML_LINK_DISCOVERY	curadoria/LIFECYCLE-LEDGER-V1.json · BCR-2026-09-20:IT-T5-2026-09-20-192734-8b9ef001a8833894
IT-T5-028	RC-1	CLASSE_PROVADA	CANARY_PENDING	HTML_LINK_DISCOVERY	curadoria/LIFECYCLE-LEDGER-V1.json · BCR-2026-09-20:IT-T5-2026-09-20-192753-50b3827b5360b47a
IT-T5-029	RC-1	CLASSE_PROVADA	UNKNOWN	HTML_LINK_DISCOVERY	curadoria/LIFECYCLE-LEDGER-V1.json · BCR-2026-09-20:IT-T5-2026-09-20-192807-5c07ae2b2063e408
IT-T5-030	RC-1	CLASSE_PROVADA	READY_FOR_COLLECTION	HTML_LINK_DISCOVERY	curadoria/LIFECYCLE-LEDGER-V1.json · BCR-2026-09-20:IT-T5-2026-09-20-192820-3218c890fbdc53ea
IT-T5-032	NAO_SEI	BLOQUEADA_COM_RAZAO	CAPABILITY_BLOCK	HTML_LINK_DISCOVERY	defeito da casa, nao da fonte: DOCUMENT_ID com `?` nao vira pasta no Windows (B1). Sai daqui por capacidade nova, nao por tentar de novo
IT-T5-033	RC-1	CLASSE_PROVADA	READY_FOR_COLLECTION	HTML_LINK_DISCOVERY	curadoria/LIFECYCLE-LEDGER-V1.json · BCR-2026-09-20:IT-T5-2026-09-20-192843-147a52f842d703b2
IT-T5-034	RC-1	CLASSE_PROVADA	CANARY_PENDING	HTML_LINK_DISCOVERY	curadoria/LIFECYCLE-LEDGER-V1.json · BCR-2026-09-20:IT-T5-2026-09-20-192855-65f932fb8ca2d940
IT-T5-035	RC-1	CLASSE_PROVADA	CANARY_PENDING	HTML_LINK_DISCOVERY	curadoria/LIFECYCLE-LEDGER-V1.json · BCR-2026-09-20:IT-T5-2026-09-20-192906-7ab07ae1f5ec1c43
IT-T5-036	RC-1	CLASSE_PROVADA	CANARY_PENDING	HTML_LINK_DISCOVERY	curadoria/LIFECYCLE-LEDGER-V1.json · BCR-2026-09-20:IT-T5-2026-09-20-192919-8e956ede5a0f00ca
IT-T5-037	NAO_SEI	NAO_SEI	READY_FOR_COLLECTION	CUSTOM_ADAPTER	so contrato/canario (CUSTOM_ADAPTER): o caminho existe, o resultado real nao esta provado
IT-T5-038	NAO_SEI	NAO_SEI	READY_FOR_COLLECTION	CUSTOM_ADAPTER	so contrato/canario (CUSTOM_ADAPTER): o caminho existe, o resultado real nao esta provado
IT-T5-039	NAO_SEI	NAO_SEI	CANARY_PENDING	HTML_LINK_DISCOVERY	so contrato/canario (HTML_LINK_DISCOVERY): o caminho existe, o resultado real nao esta provado
IT-T5-040	NAO_SEI	NAO_SEI	READY_FOR_COLLECTION	CUSTOM_ADAPTER	so contrato/canario (CUSTOM_ADAPTER): o caminho existe, o resultado real nao esta provado
IT-T5-041	NAO_SEI	NAO_SEI	CANARY_PENDING	-	sem contrato no livro do coletor
IT-T5-042	NAO_SEI	NAO_SEI	RETRY_AFTER	CUSTOM_ADAPTER	so contrato/canario (CUSTOM_ADAPTER): o caminho existe, o resultado real nao esta provado
IT-T5-043	NAO_SEI	NAO_SEI	RETRY_AFTER	CUSTOM_ADAPTER	so contrato/canario (CUSTOM_ADAPTER): o caminho existe, o resultado real nao esta provado
IT-T5-044	NAO_SEI	NAO_SEI	RETRY_AFTER	CUSTOM_ADAPTER	so contrato/canario (CUSTOM_ADAPTER): o caminho existe, o resultado real nao esta provado
IT-T5-045	NAO_SEI	NAO_SEI	RETRY_AFTER	CUSTOM_ADAPTER	so contrato/canario (CUSTOM_ADAPTER): o caminho existe, o resultado real nao esta provado
IT-T5-046	NAO_SEI	BLOQUEADA_COM_RAZAO	CAPABILITY_BLOCK	-	RECLASSIFICADA: nao e a fonte que falha. A fonte publica conteudo editorial (medido ao vivo), mas o LINK_PATTERN gerado exige slug minusculo-com-hifens e o site usa CamelCase/sublinhado/seccao. Defeito do gerador de padrao — dono: SOURCE CU
IT-T5-047	NAO_SEI	NAO_SEI	RETRY_AFTER	CUSTOM_ADAPTER	so contrato/canario (CUSTOM_ADAPTER): o caminho existe, o resultado real nao esta provado
IT-T5-048	NAO_SEI	NAO_SEI	RETRY_AFTER	CUSTOM_ADAPTER	so contrato/canario (CUSTOM_ADAPTER): o caminho existe, o resultado real nao esta provado
IT-T5-049	NAO_SEI	NAO_SEI	CANARY_PENDING	HTML_LINK_DISCOVERY	so contrato/canario (HTML_LINK_DISCOVERY): o caminho existe, o resultado real nao esta provado
IT-T5-050	NAO_SEI	NAO_SEI	RETRY_AFTER	CUSTOM_ADAPTER	so contrato/canario (CUSTOM_ADAPTER): o caminho existe, o resultado real nao esta provado
IT-T5-051	NAO_SEI	NAO_SEI	READY_FOR_COLLECTION	-	sem contrato no livro do coletor
IT-T5-052	NAO_SEI	NAO_SEI	CONTRACTED_CANARY_FAILED	-	sem contrato no livro do coletor
IT-T5-053	NAO_SEI	BLOQUEADA_COM_RAZAO	CAPABILITY_BLOCK	-	RECLASSIFICADA: nao e a fonte que falha. A fonte publica conteudo editorial (medido ao vivo), mas o LINK_PATTERN gerado exige slug minusculo-com-hifens e o site usa CamelCase/sublinhado/seccao. Defeito do gerador de padrao — dono: SOURCE CU
IT-T5-054	NAO_SEI	BLOQUEADA_COM_RAZAO	CAPABILITY_BLOCK	-	RETIFICACAO: marcada CANARY_FAILED por defeito do worker (contrato recusado, nao canario). A causa real e SMALL_ADAPTATION_REQUIRED=SIM (ramo de indice) — capacidade nova, dono SCRAP ENGINEER
IT-T5-055	NAO_SEI	NAO_SEI	CONTRACTED_CANARY_FAILED	-	sem contrato no livro do coletor
IT-T5-056	NAO_SEI	NAO_SEI	CONTRACTED_CANARY_FAILED	-	sem contrato no livro do coletor
IT-T5-057	NAO_SEI	NAO_SEI	CONTRACTED_CANARY_FAILED	-	sem contrato no livro do coletor
IT-T5-058	NAO_SEI	NAO_SEI	CONTRACTED_CANARY_FAILED	-	sem contrato no livro do coletor
IT-T5-059	NAO_SEI	NAO_SEI	CONTRACTED_CANARY_FAILED	-	sem contrato no livro do coletor
IT-T5-060	NAO_SEI	NAO_SEI	CONTRACTED_CANARY_FAILED	-	sem contrato no livro do coletor
IT-T5-061	NAO_SEI	NAO_SEI	CONTRACTED_CANARY_FAILED	-	sem contrato no livro do coletor
IT-T5-062	NAO_SEI	NAO_SEI	CONTRACTED_CANARY_FAILED	-	sem contrato no livro do coletor
IT-T5-063	NAO_SEI	NAO_SEI	CONTRACTED_CANARY_FAILED	-	sem contrato no livro do coletor
IT-T5-064	NAO_SEI	NAO_SEI	READY_FOR_COLLECTION	-	sem contrato no livro do coletor
IT-T5-065	NAO_SEI	NAO_SEI	CANARY_PENDING	-	sem contrato no livro do coletor
IT-T5-066	NAO_SEI	NAO_SEI	CANARY_PENDING	-	sem contrato no livro do coletor
IT-T5-067	NAO_SEI	NAO_SEI	CANARY_PENDING	-	sem contrato no livro do coletor
IT-T5-068	NAO_SEI	NAO_SEI	CANARY_PENDING	-	sem contrato no livro do coletor
IT-T5-069	NAO_SEI	NAO_SEI	CANARY_PENDING	-	sem contrato no livro do coletor
IT-T5-070	NAO_SEI	NAO_SEI	CONTRACTED_CANARY_FAILED	-	sem contrato no livro do coletor
IT-T5-071	NAO_SEI	BLOQUEADA_COM_RAZAO	CONTRACT_READY_ROUTE_BLOCKED	-	o endereco do contrato casa com Disallow no robots vivo
IT-T5-072	NAO_SEI	NAO_SEI	CONTRACTED_CANARY_FAILED	-	sem contrato no livro do coletor
IT-T5-073	NAO_SEI	BLOQUEADA_COM_RAZAO	CONTRACT_READY_ROUTE_BLOCKED	-	o endereco do contrato casa com Disallow no robots vivo
IT-T5-074	NAO_SEI	NAO_SEI	CONTRACTED_CANARY_FAILED	-	sem contrato no livro do coletor
IT-T5-075	NAO_SEI	NAO_SEI	CONTRACTED_CANARY_FAILED	-	sem contrato no livro do coletor
IT-T5-076	NAO_SEI	NAO_SEI	CONTRACTED_CANARY_FAILED	-	sem contrato no livro do coletor
IT-T5-077	NAO_SEI	NAO_SEI	CONTRACTED_CANARY_FAILED	-	sem contrato no livro do coletor
IT-T5-078	NAO_SEI	NAO_SEI	CONTRACTED_CANARY_FAILED	-	sem contrato no livro do coletor
IT-T5-079	NAO_SEI	NAO_SEI	CONTRACTED_CANARY_FAILED	-	sem contrato no livro do coletor
IT-T5-080	NAO_SEI	NAO_SEI	CONTRACTED_CANARY_FAILED	-	sem contrato no livro do coletor
IT-T5-081	NAO_SEI	NAO_SEI	CONTRACTED_CANARY_FAILED	-	sem contrato no livro do coletor
IT-T5-082	NAO_SEI	NAO_SEI	READY_FOR_COLLECTION	-	sem contrato no livro do coletor
IT-T5-083	NAO_SEI	NAO_SEI	CANARY_PENDING	-	sem contrato no livro do coletor
IT-T5-084	NAO_SEI	NAO_SEI	CANARY_PENDING	-	sem contrato no livro do coletor
IT-T5-085	NAO_SEI	NAO_SEI	CONTRACTED_CANARY_FAILED	-	sem contrato no livro do coletor
IT-T5-086	NAO_SEI	NAO_SEI	CONTRACTED_CANARY_FAILED	-	sem contrato no livro do coletor
IT-T5-087	NAO_SEI	NAO_SEI	CONTRACTED_CANARY_FAILED	-	sem contrato no livro do coletor
IT-T5-088	NAO_SEI	NAO_SEI	CONTRACTED_CANARY_FAILED	-	sem contrato no livro do coletor
IT-T5-089	NAO_SEI	NAO_SEI	READY_FOR_COLLECTION	-	sem contrato no livro do coletor
IT-T5-090	RC-1	CLASSE_PROVADA	READY_FOR_COLLECTION	HTML_LINK_DISCOVERY	BC4D-MICRO-FINAL-RESULTADO · IT-T5-2026-09-24-101155-4d2beff71b9a7014 (linha na Sala real, C4 PASS)
IT-T5-091	NAO_SEI	NAO_SEI	CONTRACTED_CANARY_FAILED	-	sem contrato no livro do coletor
IT-T5-092	NAO_SEI	NAO_SEI	CONTRACTED_CANARY_FAILED	-	sem contrato no livro do coletor
IT-T5-093	NAO_SEI	NAO_SEI	CONTRACTED_CANARY_FAILED	-	sem contrato no livro do coletor
IT-T5-094	NAO_SEI	NAO_SEI	CONTRACTED_CANARY_FAILED	-	sem contrato no livro do coletor
IT-T5-095	NAO_SEI	NAO_SEI	CONTRACTED_CANARY_FAILED	-	sem contrato no livro do coletor
IT-T5-096	NAO_SEI	NAO_SEI	CONTRACTED_CANARY_FAILED	-	sem contrato no livro do coletor
IT-T5-097	NAO_SEI	NAO_SEI	CONTRACTED_CANARY_FAILED	-	sem contrato no livro do coletor
IT-T5-098	NAO_SEI	NAO_SEI	CONTRACTED_CANARY_FAILED	-	sem contrato no livro do coletor
IT-T5-099	NAO_SEI	NAO_SEI	CONTRACTED_CANARY_FAILED	-	sem contrato no livro do coletor
IT-T5-100	NAO_SEI	NAO_SEI	CONTRACTED_CANARY_FAILED	-	sem contrato no livro do coletor
IT-T5-101	NAO_SEI	NAO_SEI	READY_FOR_COLLECTION	-	sem contrato no livro do coletor
IT-T5-102	NAO_SEI	NAO_SEI	CONTRACTED_CANARY_FAILED	-	sem contrato no livro do coletor
IT-T5-103	NAO_SEI	NAO_SEI	CONTRACTED_CANARY_FAILED	-	sem contrato no livro do coletor
IT-T5-104	NAO_SEI	NAO_SEI	CONTRACTED_CANARY_FAILED	-	sem contrato no livro do coletor
IT-T5-105	NAO_SEI	NAO_SEI	CONTRACTED_CANARY_FAILED	-	sem contrato no livro do coletor
IT-T5-106	NAO_SEI	NAO_SEI	CONTRACTED_CANARY_FAILED	-	sem contrato no livro do coletor
IT-T5-107	NAO_SEI	NAO_SEI	CONTRACTED_CANARY_FAILED	-	sem contrato no livro do coletor
IT-T5-108	NAO_SEI	NAO_SEI	CONTRACTED_CANARY_FAILED	-	sem contrato no livro do coletor
IT-T5-109	NAO_SEI	NAO_SEI	CONTRACTED_CANARY_FAILED	-	sem contrato no livro do coletor
IT-T5-110	NAO_SEI	NAO_SEI	CONTRACTED_CANARY_FAILED	-	sem contrato no livro do coletor
IT-T5-111	NAO_SEI	NAO_SEI	CONTRACTED_CANARY_FAILED	-	sem contrato no livro do coletor
IT-T5-112	NAO_SEI	NAO_SEI	CONTRACTED_CANARY_FAILED	-	sem contrato no livro do coletor
IT-T5-113	NAO_SEI	NAO_SEI	CONTRACTED_CANARY_FAILED	-	sem contrato no livro do coletor
IT-T5-114	NAO_SEI	NAO_SEI	CONTRACTED_CANARY_FAILED	-	sem contrato no livro do coletor
IT-T5-115	NAO_SEI	NAO_SEI	CONTRACTED_CANARY_FAILED	-	sem contrato no livro do coletor
IT-T5-116	NAO_SEI	NAO_SEI	CONTRACTED_CANARY_FAILED	-	sem contrato no livro do coletor
IT-T5-117	NAO_SEI	NAO_SEI	CONTRACTED_CANARY_FAILED	-	sem contrato no livro do coletor
IT-T5-118	NAO_SEI	NAO_SEI	CONTRACTED_CANARY_FAILED	-	sem contrato no livro do coletor
IT-T5-119	NAO_SEI	NAO_SEI	CONTRACTED_CANARY_FAILED	-	sem contrato no livro do coletor
IT-T5-120	NAO_SEI	NAO_SEI	CONTRACTED_CANARY_FAILED	-	sem contrato no livro do coletor
IT-T5-121	NAO_SEI	NAO_SEI	CONTRACTED_CANARY_FAILED	-	sem contrato no livro do coletor
IT-T5-122	NAO_SEI	NAO_SEI	CONTRACTED_CANARY_FAILED	-	sem contrato no livro do coletor
IT-T5-123	NAO_SEI	NAO_SEI	CONTRACTED_CANARY_FAILED	-	sem contrato no livro do coletor
IT-T5-124	NAO_SEI	NAO_SEI	CONTRACTED_CANARY_FAILED	-	sem contrato no livro do coletor
IT-T5-125	NAO_SEI	NAO_SEI	CONTRACTED_CANARY_FAILED	-	sem contrato no livro do coletor
IT-T5-126	NAO_SEI	NAO_SEI	CONTRACTED_CANARY_FAILED	-	sem contrato no livro do coletor
IT-T5-127	NAO_SEI	NAO_SEI	CONTRACTED_CANARY_FAILED	-	sem contrato no livro do coletor
IT-T5-128	NAO_SEI	NAO_SEI	CONTRACTED_CANARY_FAILED	-	sem contrato no livro do coletor
IT-T5-129	NAO_SEI	NAO_SEI	CONTRACTED_CANARY_FAILED	-	sem contrato no livro do coletor
IT-T5-130	NAO_SEI	NAO_SEI	CONTRACTED_CANARY_FAILED	-	sem contrato no livro do coletor
IT-T5-131	NAO_SEI	NAO_SEI	CONTRACTED_CANARY_FAILED	-	sem contrato no livro do coletor
IT-T5-132	NAO_SEI	NAO_SEI	CONTRACTED_CANARY_FAILED	-	sem contrato no livro do coletor
IT-T5-133	NAO_SEI	NAO_SEI	CONTRACTED_CANARY_FAILED	-	sem contrato no livro do coletor
IT-T5-134	NAO_SEI	NAO_SEI	CONTRACTED_CANARY_FAILED	-	sem contrato no livro do coletor
IT-T5-135	NAO_SEI	NAO_SEI	CONTRACTED_CANARY_FAILED	-	sem contrato no livro do coletor
IT-T5-136	NAO_SEI	NAO_SEI	CONTRACTED_CANARY_FAILED	-	sem contrato no livro do coletor
IT-T5-137	NAO_SEI	NAO_SEI	CONTRACTED_CANARY_FAILED	-	sem contrato no livro do coletor
IT-T5-138	NAO_SEI	NAO_SEI	CONTRACTED_CANARY_FAILED	-	sem contrato no livro do coletor
IT-T5-139	NAO_SEI	NAO_SEI	CONTRACTED_CANARY_FAILED	-	sem contrato no livro do coletor
IT-T5-140	NAO_SEI	NAO_SEI	CONTRACTED_CANARY_FAILED	-	sem contrato no livro do coletor
IT-T5-141	NAO_SEI	NAO_SEI	CONTRACTED_CANARY_FAILED	-	sem contrato no livro do coletor
IT-T5-142	NAO_SEI	NAO_SEI	CONTRACTED_CANARY_FAILED	-	sem contrato no livro do coletor
IT-T5-143	NAO_SEI	NAO_SEI	CONTRACTED_CANARY_FAILED	-	sem contrato no livro do coletor
IT-T5-144	NAO_SEI	NAO_SEI	CONTRACTED_CANARY_FAILED	-	sem contrato no livro do coletor
IT-T5-145	NAO_SEI	NAO_SEI	CONTRACTED_CANARY_FAILED	-	sem contrato no livro do coletor
IT-T7-002	NAO_SEI	NAO_SEI	CONTRACT_PENDING	-	so contrato/canario (None): o caminho existe, o resultado real nao esta provado
IT-T7-013	RC-1	CLASSE_PROVADA	CANARY_PENDING	HTML_LINK_DISCOVERY	curadoria/LIFECYCLE-LEDGER-V1.json · BCR-2026-09-20:IT-T7-2026-09-20-192932-34df68b28dff931e
IT-T7-014	NAO_SEI	NAO_SEI	CANARY_PENDING	HTML_LINK_DISCOVERY	so contrato/canario (HTML_LINK_DISCOVERY): o caminho existe, o resultado real nao esta provado
IT-T7-015	NAO_SEI	NAO_SEI	READY_FOR_COLLECTION	CUSTOM_ADAPTER	so contrato/canario (CUSTOM_ADAPTER): o caminho existe, o resultado real nao esta provado
IT-T7-016	NAO_SEI	NAO_SEI	RETRY_AFTER	CUSTOM_ADAPTER	so contrato/canario (CUSTOM_ADAPTER): o caminho existe, o resultado real nao esta provado
IT-T7-017	NAO_SEI	NAO_SEI	CANARY_PENDING	HTML_LINK_DISCOVERY	so contrato/canario (HTML_LINK_DISCOVERY): o caminho existe, o resultado real nao esta provado
IT-T7-018	NAO_SEI	NAO_SEI	RETRY_AFTER	CUSTOM_ADAPTER	so contrato/canario (CUSTOM_ADAPTER): o caminho existe, o resultado real nao esta provado
IT-T7-019	NAO_SEI	NAO_SEI	CONTRACTED_CANARY_FAILED	-	sem contrato no livro do coletor
IT-T7-020	NAO_SEI	NAO_SEI	READY_FOR_COLLECTION	CUSTOM_ADAPTER	so contrato/canario (CUSTOM_ADAPTER): o caminho existe, o resultado real nao esta provado
IT-T7-021	RC-1	CLASSE_PROVADA	READY_FOR_COLLECTION	HTML_LINK_DISCOVERY	BC5-BIG-COLLECTION-1A-ONDA · IT-T7-2026-09-24-120737-b9d168ef521cb4d9 (RAW 1, DERIVED 1)
IT-T7-022	NAO_SEI	NAO_SEI	READY_FOR_COLLECTION	CUSTOM_ADAPTER	so contrato/canario (CUSTOM_ADAPTER): o caminho existe, o resultado real nao esta provado
IT-T7-023	NAO_SEI	NAO_SEI	READY_FOR_COLLECTION	CUSTOM_ADAPTER	so contrato/canario (CUSTOM_ADAPTER): o caminho existe, o resultado real nao esta provado
IT-T7-024	NAO_SEI	NAO_SEI	READY_FOR_COLLECTION	CUSTOM_ADAPTER	so contrato/canario (CUSTOM_ADAPTER): o caminho existe, o resultado real nao esta provado
IT-T7-025	NAO_SEI	NAO_SEI	READY_FOR_COLLECTION	CUSTOM_ADAPTER	so contrato/canario (CUSTOM_ADAPTER): o caminho existe, o resultado real nao esta provado
IT-T7-026	NAO_SEI	NAO_SEI	READY_FOR_COLLECTION	CUSTOM_ADAPTER	so contrato/canario (CUSTOM_ADAPTER): o caminho existe, o resultado real nao esta provado
IT-T7-027	NAO_SEI	NAO_SEI	READY_FOR_COLLECTION	CUSTOM_ADAPTER	so contrato/canario (CUSTOM_ADAPTER): o caminho existe, o resultado real nao esta provado
IT-T7-028	NAO_SEI	NAO_SEI	READY_FOR_COLLECTION	CUSTOM_ADAPTER	so contrato/canario (CUSTOM_ADAPTER): o caminho existe, o resultado real nao esta provado
IT-T7-029	NAO_SEI	BLOQUEADA_COM_RAZAO	CAPABILITY_BLOCK	-	RECLASSIFICADA: nao e a fonte que falha. A fonte publica conteudo editorial (medido ao vivo), mas o LINK_PATTERN gerado exige slug minusculo-com-hifens e o site usa CamelCase/sublinhado/seccao. Defeito do gerador de padrao — dono: SOURCE CU
IT-T7-030	NAO_SEI	NAO_SEI	READY_FOR_COLLECTION	CUSTOM_ADAPTER	so contrato/canario (CUSTOM_ADAPTER): o caminho existe, o resultado real nao esta provado
IT-T7-031	NAO_SEI	NAO_SEI	CANARY_PENDING	HTML_LINK_DISCOVERY	so contrato/canario (HTML_LINK_DISCOVERY): o caminho existe, o resultado real nao esta provado
IT-T7-032	NAO_SEI	NAO_SEI	READY_FOR_COLLECTION	CUSTOM_ADAPTER	so contrato/canario (CUSTOM_ADAPTER): o caminho existe, o resultado real nao esta provado
IT-T7-033	NAO_SEI	NAO_SEI	CANARY_PENDING	HTML_LINK_DISCOVERY	so contrato/canario (HTML_LINK_DISCOVERY): o caminho existe, o resultado real nao esta provado
IT-T7-034	NAO_SEI	NAO_SEI	READY_FOR_COLLECTION	CUSTOM_ADAPTER	so contrato/canario (CUSTOM_ADAPTER): o caminho existe, o resultado real nao esta provado
IT-T7-035	NAO_SEI	NAO_SEI	READY_FOR_COLLECTION	CUSTOM_ADAPTER	so contrato/canario (CUSTOM_ADAPTER): o caminho existe, o resultado real nao esta provado
IT-T7-036	NAO_SEI	NAO_SEI	READY_FOR_COLLECTION	CUSTOM_ADAPTER	so contrato/canario (CUSTOM_ADAPTER): o caminho existe, o resultado real nao esta provado
IT-T7-037	NAO_SEI	NAO_SEI	READY_FOR_COLLECTION	CUSTOM_ADAPTER	so contrato/canario (CUSTOM_ADAPTER): o caminho existe, o resultado real nao esta provado
IT-T7-038	NAO_SEI	BLOQUEADA_COM_RAZAO	CAPABILITY_BLOCK	-	RETIFICACAO: marcada CANARY_FAILED por defeito do worker (contrato recusado, nao canario). A causa real e SMALL_ADAPTATION_REQUIRED=SIM (ramo de indice) — capacidade nova, dono SCRAP ENGINEER
IT-T7-039	NAO_SEI	NAO_SEI	READY_FOR_COLLECTION	CUSTOM_ADAPTER	so contrato/canario (CUSTOM_ADAPTER): o caminho existe, o resultado real nao esta provado
IT-T7-040	NAO_SEI	NAO_SEI	READY_FOR_COLLECTION	HTML_LINK_DISCOVERY	so contrato/canario (HTML_LINK_DISCOVERY): o caminho existe, o resultado real nao esta provado
IT-T7-041	NAO_SEI	NAO_SEI	CONTRACTED_CANARY_FAILED	HTML_LINK_DISCOVERY	so contrato/canario (HTML_LINK_DISCOVERY): o caminho existe, o resultado real nao esta provado
IT-T7-042	RC-1	CLASSE_PROVADA	CANARY_PENDING	HTML_LINK_DISCOVERY	BC5-BIG-COLLECTION-1A-ONDA · IT-T7-2026-09-24-120820-4682d316adbce27d (RAW 3, DERIVED 3)
IT-T7-043	NAO_SEI	NAO_SEI	CANARY_PENDING	HTML_LINK_DISCOVERY	so contrato/canario (HTML_LINK_DISCOVERY): o caminho existe, o resultado real nao esta provado
IT-T7-044	NAO_SEI	NAO_SEI	CONTRACTED_CANARY_FAILED	-	sem contrato no livro do coletor
IT-T7-045	NAO_SEI	NAO_SEI	RETRY_AFTER	-	sem contrato no livro do coletor
IT-T7-046	NAO_SEI	NAO_SEI	CONTRACTED_CANARY_FAILED	-	sem contrato no livro do coletor
IT-T7-047	NAO_SEI	NAO_SEI	CANARY_PENDING	-	sem contrato no livro do coletor
IT-T7-048	NAO_SEI	NAO_SEI	CANARY_PENDING	-	sem contrato no livro do coletor
IT-T7-049	NAO_SEI	NAO_SEI	CANARY_PENDING	-	sem contrato no livro do coletor
IT-T7-050	NAO_SEI	NAO_SEI	READY_FOR_COLLECTION	-	sem contrato no livro do coletor
IT-T7-051	NAO_SEI	NAO_SEI	READY_FOR_COLLECTION	-	sem contrato no livro do coletor
IT-T7-052	NAO_SEI	NAO_SEI	READY_FOR_COLLECTION	-	sem contrato no livro do coletor
IT-T7-053	NAO_SEI	NAO_SEI	READY_FOR_COLLECTION	-	sem contrato no livro do coletor
IT-T7-054	NAO_SEI	NAO_SEI	CONTRACTED_CANARY_FAILED	-	sem contrato no livro do coletor
IT-T7-055	NAO_SEI	NAO_SEI	CANARY_PENDING	-	sem contrato no livro do coletor
IT-T7-056	NAO_SEI	BLOQUEADA_COM_RAZAO	CONTRACT_READY_ROUTE_BLOCKED	-	o endereco do contrato casa com Disallow no robots vivo
IT-T7-057	NAO_SEI	NAO_SEI	CONTRACTED_CANARY_FAILED	-	sem contrato no livro do coletor
IT-T7-058	NAO_SEI	NAO_SEI	READY_FOR_COLLECTION	-	sem contrato no livro do coletor
IT-T7-059	NAO_SEI	NAO_SEI	CONTRACTED_CANARY_FAILED	-	sem contrato no livro do coletor
IT-T7-060	NAO_SEI	NAO_SEI	CONTRACTED_CANARY_FAILED	-	sem contrato no livro do coletor
IT-T7-061	NAO_SEI	NAO_SEI	CONTRACTED_CANARY_FAILED	-	sem contrato no livro do coletor
IT-T7-062	NAO_SEI	NAO_SEI	CONTRACTED_CANARY_FAILED	-	sem contrato no livro do coletor
IT-T7-063	NAO_SEI	NAO_SEI	CONTRACTED_CANARY_FAILED	-	sem contrato no livro do coletor
IT-T7-064	NAO_SEI	NAO_SEI	CONTRACTED_CANARY_FAILED	-	sem contrato no livro do coletor
IT-T7-065	NAO_SEI	NAO_SEI	CONTRACTED_CANARY_FAILED	-	sem contrato no livro do coletor
IT-T7-066	NAO_SEI	NAO_SEI	CONTRACTED_CANARY_FAILED	-	sem contrato no livro do coletor
IT-T7-067	NAO_SEI	NAO_SEI	CONTRACTED_CANARY_FAILED	-	sem contrato no livro do coletor
IT-T7-068	NAO_SEI	NAO_SEI	CONTRACTED_CANARY_FAILED	-	sem contrato no livro do coletor
IT-T7-069	NAO_SEI	NAO_SEI	CONTRACTED_CANARY_FAILED	-	sem contrato no livro do coletor
IT-T7-070	NAO_SEI	NAO_SEI	CONTRACTED_CANARY_FAILED	-	sem contrato no livro do coletor
IT-T7-071	NAO_SEI	NAO_SEI	CONTRACTED_CANARY_FAILED	-	sem contrato no livro do coletor
IT-T7-072	NAO_SEI	NAO_SEI	CONTRACTED_CANARY_FAILED	-	sem contrato no livro do coletor
IT-T7-073	NAO_SEI	NAO_SEI	CONTRACTED_CANARY_FAILED	-	sem contrato no livro do coletor
IT-T7-074	NAO_SEI	NAO_SEI	CONTRACTED_CANARY_FAILED	-	sem contrato no livro do coletor
IT-T7-075	NAO_SEI	NAO_SEI	CONTRACTED_CANARY_FAILED	-	sem contrato no livro do coletor
IT-T7-076	NAO_SEI	NAO_SEI	CONTRACTED_CANARY_FAILED	-	sem contrato no livro do coletor
IT-T7-077	NAO_SEI	NAO_SEI	CONTRACTED_CANARY_FAILED	-	sem contrato no livro do coletor
IT-T7-078	NAO_SEI	NAO_SEI	CONTRACTED_CANARY_FAILED	-	sem contrato no livro do coletor
IT-T7-079	NAO_SEI	NAO_SEI	CONTRACTED_CANARY_FAILED	-	sem contrato no livro do coletor
IT-T7-080	NAO_SEI	NAO_SEI	CONTRACTED_CANARY_FAILED	-	sem contrato no livro do coletor
IT-T7-081	NAO_SEI	NAO_SEI	CONTRACTED_CANARY_FAILED	-	sem contrato no livro do coletor
IT-T7-082	NAO_SEI	NAO_SEI	CONTRACTED_CANARY_FAILED	-	sem contrato no livro do coletor
IT-T7-083	NAO_SEI	NAO_SEI	CONTRACTED_CANARY_FAILED	-	sem contrato no livro do coletor
IT-T7-084	NAO_SEI	NAO_SEI	CONTRACTED_CANARY_FAILED	-	sem contrato no livro do coletor
IT-T7-085	NAO_SEI	NAO_SEI	CONTRACTED_CANARY_FAILED	-	sem contrato no livro do coletor
IT-T7-086	NAO_SEI	NAO_SEI	CONTRACTED_CANARY_FAILED	-	sem contrato no livro do coletor
IT-T7-087	NAO_SEI	NAO_SEI	CONTRACTED_CANARY_FAILED	-	sem contrato no livro do coletor
IT-T7-088	NAO_SEI	NAO_SEI	CONTRACTED_CANARY_FAILED	-	sem contrato no livro do coletor
IT-T7-089	NAO_SEI	NAO_SEI	CONTRACTED_CANARY_FAILED	-	sem contrato no livro do coletor
IT-T7-090	NAO_SEI	NAO_SEI	CONTRACTED_CANARY_FAILED	-	sem contrato no livro do coletor
IT-T7-091	NAO_SEI	NAO_SEI	CONTRACTED_CANARY_FAILED	-	sem contrato no livro do coletor
IT-T7-092	NAO_SEI	NAO_SEI	CONTRACTED_CANARY_FAILED	-	sem contrato no livro do coletor
IT-T7-093	NAO_SEI	NAO_SEI	CONTRACTED_CANARY_FAILED	-	sem contrato no livro do coletor
IT-T7-094	NAO_SEI	NAO_SEI	CONTRACTED_CANARY_FAILED	-	sem contrato no livro do coletor
IT-T7-095	NAO_SEI	NAO_SEI	CONTRACTED_CANARY_FAILED	-	sem contrato no livro do coletor
IT-T7-096	NAO_SEI	NAO_SEI	CONTRACTED_CANARY_FAILED	-	sem contrato no livro do coletor
IT-T7-097	NAO_SEI	NAO_SEI	CONTRACTED_CANARY_FAILED	-	sem contrato no livro do coletor
IT-T7-098	NAO_SEI	NAO_SEI	CONTRACTED_CANARY_FAILED	-	sem contrato no livro do coletor
IT-T7-099	NAO_SEI	NAO_SEI	CONTRACTED_CANARY_FAILED	-	sem contrato no livro do coletor
IT-T7-100	NAO_SEI	NAO_SEI	READY_FOR_COLLECTION	-	sem contrato no livro do coletor
IT-T7-101	NAO_SEI	NAO_SEI	CONTRACTED_CANARY_FAILED	-	sem contrato no livro do coletor
IT-T7-102	NAO_SEI	NAO_SEI	CONTRACTED_CANARY_FAILED	-	sem contrato no livro do coletor
IT-T7-103	NAO_SEI	NAO_SEI	CONTRACTED_CANARY_FAILED	-	sem contrato no livro do coletor
IT-T7-104	NAO_SEI	NAO_SEI	CONTRACTED_CANARY_FAILED	-	sem contrato no livro do coletor
IT-T7-105	NAO_SEI	NAO_SEI	CONTRACTED_CANARY_FAILED	-	sem contrato no livro do coletor
IT-T7-106	NAO_SEI	NAO_SEI	CONTRACTED_CANARY_FAILED	-	sem contrato no livro do coletor
IT-T7-107	NAO_SEI	NAO_SEI	CANARY_PENDING	-	sem contrato no livro do coletor
IT-T7-108	NAO_SEI	NAO_SEI	CONTRACTED_CANARY_FAILED	-	sem contrato no livro do coletor
IT-T7-109	NAO_SEI	NAO_SEI	CONTRACTED_CANARY_FAILED	-	sem contrato no livro do coletor
IT-T7-110	NAO_SEI	NAO_SEI	CONTRACTED_CANARY_FAILED	-	sem contrato no livro do coletor
IT-T7-111	NAO_SEI	NAO_SEI	CONTRACTED_CANARY_FAILED	-	sem contrato no livro do coletor
IT-T7-112	NAO_SEI	NAO_SEI	READY_FOR_COLLECTION	HTML_LINK_DISCOVERY	so contrato/canario (HTML_LINK_DISCOVERY): o caminho existe, o resultado real nao esta provado
IT-T7-113	NAO_SEI	NAO_SEI	CONTRACTED_CANARY_FAILED	-	sem contrato no livro do coletor
IT-T7-114	NAO_SEI	NAO_SEI	CONTRACTED_CANARY_FAILED	-	sem contrato no livro do coletor
IT-T7-115	NAO_SEI	NAO_SEI	READY_FOR_COLLECTION	-	sem contrato no livro do coletor
IT-T7-116	NAO_SEI	NAO_SEI	CONTRACTED_CANARY_FAILED	-	sem contrato no livro do coletor
IT-T7-117	RC-1	CLASSE_PROVADA	READY_FOR_COLLECTION	HTML_LINK_DISCOVERY	BC5-BIG-COLLECTION-1A-ONDA · IT-T7-2026-09-24-120938-51efde19469b3350 (RAW 1, DERIVED 1)
IT-T7-118	NAO_SEI	NAO_SEI	READY_FOR_COLLECTION	HTML_LINK_DISCOVERY	so contrato/canario (HTML_LINK_DISCOVERY): o caminho existe, o resultado real nao esta provado
IT-T7-119	NAO_SEI	NAO_SEI	CONTRACTED_CANARY_FAILED	-	sem contrato no livro do coletor
IT-T7-120	NAO_SEI	NAO_SEI	READY_FOR_COLLECTION	-	sem contrato no livro do coletor
IT-T7-121	NAO_SEI	NAO_SEI	READY_FOR_COLLECTION	HTML_LINK_DISCOVERY	so contrato/canario (HTML_LINK_DISCOVERY): o caminho existe, o resultado real nao esta provado
IT-T7-122	NAO_SEI	NAO_SEI	CONTRACTED_CANARY_FAILED	-	sem contrato no livro do coletor
IT-T7-123	NAO_SEI	NAO_SEI	READY_FOR_COLLECTION	HTML_LINK_DISCOVERY	so contrato/canario (HTML_LINK_DISCOVERY): o caminho existe, o resultado real nao esta provado
IT-T7-124	NAO_SEI	NAO_SEI	CONTRACTED_CANARY_FAILED	-	sem contrato no livro do coletor
IT-T7-125	NAO_SEI	NAO_SEI	CONTRACTED_CANARY_FAILED	-	sem contrato no livro do coletor
IT-T7-126	NAO_SEI	NAO_SEI	CONTRACTED_CANARY_FAILED	-	sem contrato no livro do coletor
IT-T7-127	NAO_SEI	NAO_SEI	CONTRACTED_CANARY_FAILED	-	sem contrato no livro do coletor
IT-T7-128	NAO_SEI	NAO_SEI	CONTRACTED_CANARY_FAILED	-	sem contrato no livro do coletor
IT-T7-129	NAO_SEI	NAO_SEI	CONTRACTED_CANARY_FAILED	-	sem contrato no livro do coletor
IT-T7-130	NAO_SEI	NAO_SEI	READY_FOR_COLLECTION	-	sem contrato no livro do coletor
IT-T7-131	NAO_SEI	NAO_SEI	CONTRACTED_CANARY_FAILED	-	sem contrato no livro do coletor
IT-T7-132	NAO_SEI	NAO_SEI	CONTRACTED_CANARY_FAILED	-	sem contrato no livro do coletor
IT-T7-133	NAO_SEI	NAO_SEI	CONTRACTED_CANARY_FAILED	-	sem contrato no livro do coletor
IT-T7-134	NAO_SEI	NAO_SEI	CONTRACTED_CANARY_FAILED	-	sem contrato no livro do coletor
IT-T7-135	RC-1	CLASSE_PROVADA	READY_FOR_COLLECTION	HTML_LINK_DISCOVERY	BC5-BIG-COLLECTION-1A-ONDA · IT-T7-2026-09-24-121113-bcac8be0b7e36d61 (RAW 1, DERIVED 1)
IT-T7-136	NAO_SEI	NAO_SEI	CONTRACTED_CANARY_FAILED	-	sem contrato no livro do coletor
IT-T7-137	NAO_SEI	NAO_SEI	READY_FOR_COLLECTION	-	sem contrato no livro do coletor
IT-T7-138	NAO_SEI	NAO_SEI	CONTRACTED_CANARY_FAILED	-	sem contrato no livro do coletor
IT-T7-139	NAO_SEI	NAO_SEI	CONTRACTED_CANARY_FAILED	-	sem contrato no livro do coletor
IT-T7-140	NAO_SEI	NAO_SEI	CONTRACTED_CANARY_FAILED	-	sem contrato no livro do coletor
IT-T7-141	NAO_SEI	NAO_SEI	READY_FOR_COLLECTION	HTML_LINK_DISCOVERY	so contrato/canario (HTML_LINK_DISCOVERY): o caminho existe, o resultado real nao esta provado
IT-T7-142	NAO_SEI	NAO_SEI	READY_FOR_COLLECTION	-	sem contrato no livro do coletor
IT-T7-143	NAO_SEI	NAO_SEI	CONTRACTED_CANARY_FAILED	-	sem contrato no livro do coletor
IT-T7-144	NAO_SEI	NAO_SEI	CONTRACTED_CANARY_FAILED	-	sem contrato no livro do coletor
IT-T7-145	NAO_SEI	NAO_SEI	CONTRACTED_CANARY_FAILED	-	sem contrato no livro do coletor
IT-T7-146	NAO_SEI	NAO_SEI	CONTRACTED_CANARY_FAILED	-	sem contrato no livro do coletor
IT-T7-147	NAO_SEI	NAO_SEI	CONTRACTED_CANARY_FAILED	-	sem contrato no livro do coletor
IT-T7-148	NAO_SEI	NAO_SEI	CONTRACTED_CANARY_FAILED	-	sem contrato no livro do coletor
IT-T7-149	NAO_SEI	NAO_SEI	CONTRACTED_CANARY_FAILED	-	sem contrato no livro do coletor
IT-T7-150	NAO_SEI	NAO_SEI	CONTRACTED_CANARY_FAILED	-	sem contrato no livro do coletor
IT-T7-151	NAO_SEI	NAO_SEI	CONTRACTED_CANARY_FAILED	-	sem contrato no livro do coletor
IT-T7-152	NAO_SEI	NAO_SEI	CONTRACTED_CANARY_FAILED	-	sem contrato no livro do coletor
IT-T7-153	NAO_SEI	NAO_SEI	CONTRACTED_CANARY_FAILED	-	sem contrato no livro do coletor
IT-T7-154	NAO_SEI	NAO_SEI	CONTRACTED_CANARY_FAILED	-	sem contrato no livro do coletor
IT-T7-155	NAO_SEI	NAO_SEI	CONTRACTED_CANARY_FAILED	-	sem contrato no livro do coletor
IT-T7-156	NAO_SEI	NAO_SEI	CONTRACTED_CANARY_FAILED	-	sem contrato no livro do coletor
IT-T7-157	NAO_SEI	NAO_SEI	CONTRACTED_CANARY_FAILED	-	sem contrato no livro do coletor
IT-T7-158	NAO_SEI	NAO_SEI	CONTRACTED_CANARY_FAILED	-	sem contrato no livro do coletor
IT-T7-159	NAO_SEI	NAO_SEI	CONTRACTED_CANARY_FAILED	-	sem contrato no livro do coletor
IT-T7-160	NAO_SEI	NAO_SEI	CONTRACTED_CANARY_FAILED	-	sem contrato no livro do coletor
IT-T7-161	NAO_SEI	NAO_SEI	CONTRACTED_CANARY_FAILED	-	sem contrato no livro do coletor
IT-T7-162	NAO_SEI	NAO_SEI	CONTRACTED_CANARY_FAILED	-	sem contrato no livro do coletor
IT-T8-001	NAO_SEI	NAO_SEI	CONTRACT_PENDING	-	so contrato/canario (None): o caminho existe, o resultado real nao esta provado
IT-T8-004	NAO_SEI	NAO_SEI	READY_FOR_COLLECTION	CUSTOM_ADAPTER	so contrato/canario (CUSTOM_ADAPTER): o caminho existe, o resultado real nao esta provado
IT-T8-005	NAO_SEI	NAO_SEI	READY_FOR_COLLECTION	CUSTOM_ADAPTER	so contrato/canario (CUSTOM_ADAPTER): o caminho existe, o resultado real nao esta provado
IT-T8-006	NAO_SEI	NAO_SEI	READY_FOR_COLLECTION	CUSTOM_ADAPTER	so contrato/canario (CUSTOM_ADAPTER): o caminho existe, o resultado real nao esta provado
IT-T8-007	NAO_SEI	BLOQUEADA_COM_RAZAO	CAPABILITY_BLOCK	-	RECLASSIFICADA: nao e a fonte que falha. A fonte publica conteudo editorial (medido ao vivo), mas o LINK_PATTERN gerado exige slug minusculo-com-hifens e o site usa CamelCase/sublinhado/seccao. Defeito do gerador de padrao — dono: SOURCE CU
IT-T8-008	NAO_SEI	NAO_SEI	CANARY_PENDING	HTML_LINK_DISCOVERY	so contrato/canario (HTML_LINK_DISCOVERY): o caminho existe, o resultado real nao esta provado
IT-T8-009	NAO_SEI	NAO_SEI	CONTRACTED_CANARY_FAILED	-	sem contrato no livro do coletor
IT-T8-010	NAO_SEI	NAO_SEI	CANARY_PENDING	-	sem contrato no livro do coletor
IT-T8-011	NAO_SEI	NAO_SEI	CONTRACTED_CANARY_FAILED	-	sem contrato no livro do coletor
IT-T8-012	NAO_SEI	NAO_SEI	CONTRACTED_CANARY_FAILED	-	sem contrato no livro do coletor
IT-T8-013	NAO_SEI	NAO_SEI	CONTRACTED_CANARY_FAILED	-	sem contrato no livro do coletor
IT-T8-014	NAO_SEI	NAO_SEI	CONTRACTED_CANARY_FAILED	-	sem contrato no livro do coletor
IT-T8-015	NAO_SEI	NAO_SEI	CANARY_PENDING	-	sem contrato no livro do coletor
IT-T8-016	NAO_SEI	NAO_SEI	CONTRACTED_CANARY_FAILED	-	sem contrato no livro do coletor
IT-T8-017	NAO_SEI	NAO_SEI	CONTRACTED_CANARY_FAILED	-	sem contrato no livro do coletor
IT-T8-018	NAO_SEI	NAO_SEI	CONTRACTED_CANARY_FAILED	-	sem contrato no livro do coletor
IT-T8-019	NAO_SEI	NAO_SEI	CONTRACTED_CANARY_FAILED	-	sem contrato no livro do coletor
IT-T8-020	NAO_SEI	NAO_SEI	CONTRACTED_CANARY_FAILED	-	sem contrato no livro do coletor
IT-T8-021	NAO_SEI	NAO_SEI	READY_FOR_COLLECTION	HTML_LINK_DISCOVERY	so contrato/canario (HTML_LINK_DISCOVERY): o caminho existe, o resultado real nao esta provado
IT-T8-022	NAO_SEI	NAO_SEI	CONTRACTED_CANARY_FAILED	-	sem contrato no livro do coletor
IT-T8-023	NAO_SEI	NAO_SEI	READY_FOR_COLLECTION	-	sem contrato no livro do coletor
IT-T8-024	NAO_SEI	NAO_SEI	CONTRACTED_CANARY_FAILED	-	sem contrato no livro do coletor
IT-T8-025	NAO_SEI	NAO_SEI	CONTRACTED_CANARY_FAILED	-	sem contrato no livro do coletor
IT-T8-026	NAO_SEI	NAO_SEI	CONTRACTED_CANARY_FAILED	-	sem contrato no livro do coletor
IT-T8-027	NAO_SEI	NAO_SEI	CONTRACTED_CANARY_FAILED	-	sem contrato no livro do coletor
IT-T8-028	NAO_SEI	NAO_SEI	READY_FOR_COLLECTION	HTML_LINK_DISCOVERY	so contrato/canario (HTML_LINK_DISCOVERY): o caminho existe, o resultado real nao esta provado
IT-T8-029	NAO_SEI	NAO_SEI	READY_FOR_COLLECTION	HTML_LINK_DISCOVERY	so contrato/canario (HTML_LINK_DISCOVERY): o caminho existe, o resultado real nao esta provado
IT-T8-030	NAO_SEI	NAO_SEI	READY_FOR_COLLECTION	HTML_LINK_DISCOVERY	so contrato/canario (HTML_LINK_DISCOVERY): o caminho existe, o resultado real nao esta provado
IT-T8-031	NAO_SEI	NAO_SEI	CONTRACTED_CANARY_FAILED	-	sem contrato no livro do coletor
IT-T8-032	NAO_SEI	NAO_SEI	READY_FOR_COLLECTION	-	sem contrato no livro do coletor
IT-T8-033	NAO_SEI	NAO_SEI	CONTRACTED_CANARY_FAILED	-	sem contrato no livro do coletor
IT-T8-034	NAO_SEI	NAO_SEI	READY_FOR_COLLECTION	HTML_LINK_DISCOVERY	so contrato/canario (HTML_LINK_DISCOVERY): o caminho existe, o resultado real nao esta provado
IT-T8-035	NAO_SEI	NAO_SEI	CONTRACTED_CANARY_FAILED	-	sem contrato no livro do coletor
IT-T8-036	NAO_SEI	NAO_SEI	CONTRACTED_CANARY_FAILED	-	sem contrato no livro do coletor
IT-T8-037	NAO_SEI	NAO_SEI	READY_FOR_COLLECTION	-	sem contrato no livro do coletor
IT-T8-038	NAO_SEI	NAO_SEI	CONTRACTED_CANARY_FAILED	-	sem contrato no livro do coletor
IT-T8-039	NAO_SEI	NAO_SEI	READY_FOR_COLLECTION	HTML_LINK_DISCOVERY	so contrato/canario (HTML_LINK_DISCOVERY): o caminho existe, o resultado real nao esta provado
IT-T8-040	NAO_SEI	NAO_SEI	READY_FOR_COLLECTION	HTML_LINK_DISCOVERY	so contrato/canario (HTML_LINK_DISCOVERY): o caminho existe, o resultado real nao esta provado
IT-T8-041	NAO_SEI	NAO_SEI	CONTRACTED_CANARY_FAILED	-	sem contrato no livro do coletor
IT-T8-042	NAO_SEI	NAO_SEI	CONTRACTED_CANARY_FAILED	-	sem contrato no livro do coletor
IT-T8-043	NAO_SEI	NAO_SEI	CONTRACTED_CANARY_FAILED	-	sem contrato no livro do coletor
IT-T8-044	NAO_SEI	NAO_SEI	CONTRACTED_CANARY_FAILED	-	sem contrato no livro do coletor
IT-T8-045	NAO_SEI	NAO_SEI	CONTRACTED_CANARY_FAILED	-	sem contrato no livro do coletor
IT-T8-046	NAO_SEI	NAO_SEI	CONTRACTED_CANARY_FAILED	-	sem contrato no livro do coletor
IT-T8-047	NAO_SEI	NAO_SEI	CONTRACTED_CANARY_FAILED	-	sem contrato no livro do coletor
IT-T8-048	NAO_SEI	NAO_SEI	READY_FOR_COLLECTION	-	sem contrato no livro do coletor
IT-T8-049	NAO_SEI	NAO_SEI	CONTRACTED_CANARY_FAILED	-	sem contrato no livro do coletor
IT-T8-050	NAO_SEI	NAO_SEI	READY_FOR_COLLECTION	-	sem contrato no livro do coletor
IT-T9-008	NAO_SEI	NAO_SEI	CONTRACT_PENDING	-	so contrato/canario (None): o caminho existe, o resultado real nao esta provado
IT-T9-009	RC-1	CLASSE_PROVADA	READY_FOR_COLLECTION	HTML_LINK_DISCOVERY	curadoria/LIFECYCLE-LEDGER-V1.json · BCR-2026-09-20:IT-T9-2026-09-20-193035-161d1a1a177ee9c5
IT-T9-010	RC-1	CLASSE_PROVADA	UNKNOWN	HTML_LINK_DISCOVERY	curadoria/LIFECYCLE-LEDGER-V1.json · BCR-2026-09-20:IT-T9-2026-09-20-193048-12807feada3eb0ff
IT-T9-011	RC-1	CLASSE_PROVADA	READY_FOR_COLLECTION	HTML_LINK_DISCOVERY	curadoria/LIFECYCLE-LEDGER-V1.json · BCR-2026-09-20:IT-T9-2026-09-20-193058-ff56ab6f5e532dc1
IT-T9-012	RC-1	CLASSE_PROVADA	UNKNOWN	HTML_LINK_DISCOVERY	curadoria/LIFECYCLE-LEDGER-V1.json · BCR-2026-09-20:IT-T9-2026-09-20-193111-907ccf99fecc664f
IT-T9-013	RC-1	CLASSE_PROVADA	UNKNOWN	HTML_LINK_DISCOVERY	curadoria/LIFECYCLE-LEDGER-V1.json · BCR-2026-09-20:IT-T9-2026-09-20-193129-ceb8737f50fc7b23
IT-T9-014	NAO_SEI	NAO_SEI	READY_FOR_COLLECTION	CUSTOM_ADAPTER	so contrato/canario (CUSTOM_ADAPTER): o caminho existe, o resultado real nao esta provado
IT-T9-015	NAO_SEI	NAO_SEI	CANARY_PENDING	-	sem contrato no livro do coletor
IT-T9-016	NAO_SEI	NAO_SEI	READY_FOR_COLLECTION	CUSTOM_ADAPTER	so contrato/canario (CUSTOM_ADAPTER): o caminho existe, o resultado real nao esta provado
IT-T9-017	NAO_SEI	NAO_SEI	READY_FOR_COLLECTION	CUSTOM_ADAPTER	so contrato/canario (CUSTOM_ADAPTER): o caminho existe, o resultado real nao esta provado
IT-T9-018	NAO_SEI	BLOQUEADA_COM_RAZAO	CAPABILITY_BLOCK	-	RECLASSIFICADA: nao e a fonte que falha. A fonte publica conteudo editorial (medido ao vivo), mas o LINK_PATTERN gerado exige slug minusculo-com-hifens e o site usa CamelCase/sublinhado/seccao. Defeito do gerador de padrao — dono: SOURCE CU
IT-T9-019	NAO_SEI	NAO_SEI	CANARY_PENDING	-	sem contrato no livro do coletor
IT-T9-020	NAO_SEI	BLOQUEADA_COM_RAZAO	CAPABILITY_BLOCK	-	RETIFICACAO: marcada CANARY_FAILED por defeito do worker (contrato recusado, nao canario). A causa real e SMALL_ADAPTATION_REQUIRED=SIM (ramo de indice) — capacidade nova, dono SCRAP ENGINEER
IT-T9-021	NAO_SEI	NAO_SEI	READY_FOR_COLLECTION	HTML_LINK_DISCOVERY	so contrato/canario (HTML_LINK_DISCOVERY): o caminho existe, o resultado real nao esta provado
IT-T9-022	NAO_SEI	NAO_SEI	CONTRACTED_CANARY_FAILED	-	sem contrato no livro do coletor
